source1_id,true_candidate_id,candidate_source,country,source1_name,true_candidate_name,source1_address,true_candidate_address,source1_core_name,candidate_core_name,pass_name_prefix_4,pass_name_prefix_6,pass_name_tokens,pass_name_sorted,pass_name_compressed,pass_address_key,common_keys,failure_category,failure_reason
S1-906485020,S3-128699941,source3,US,Commercial Network Laboratories LLC,Commercial Laboratories LLC Center,"2407 Carlisle Avenue, Henrico County, VA","Carlisle Avenue, Henrico County, Virginia",commercial network laboratories,commercial laboratories llc center,True,True,True,False,False,False,US|TOK|commercial;US|NP4|comm;US|NP6|commer;US|TOK|laboratories,Truncated by max_candidates_per_query,"Shared key survived (['US|NP6|commer']), but candidate rank exceeded top-200"
S1-120339770,S3-602431087,source3,India,ONP Consultancy Limited,ONP Limited Center,"C/O Vaibhav Soni Ward No 2, Kanak Nagar, Bara, Allahabad, Uttar Pradesh","C/o Vaibhav Soni Ward No #2, Bara, UP",onp consultancy,onp ltd center,False,False,False,False,False,False,,Prefix-3 match (Typo after 3 chars),Names share first 3 chars ('onp') but diverge at char 4
S1-399298487,S2-18002875,source2,US,Cascade,Cascade - 9588927937,"1820 Woodland Avenue, Birmingham, AL","1820 WOODLND AVENUE, BIRMINGHAM, AL",cascade,cascade 9588927937,True,True,True,False,False,False,US|NP4|casc;US|NP6|cascad;US|TOK|cascade,Key pruned (Block size > 500),"All shared keys (['US|NP4|casc', 'US|NP6|cascad', 'US|TOK|cascade']) exceeded max_block_size"
S1-885485250,S3-604415917,source3,India,Shivam Constructions,Shri Shivam Constructions LLP,"B. No. 12, Anthem Site, Gundlapochampalli, Medchal, Hyderabad, Telangana","B. No. ##12, Hyderabad, TG",shivam constructions,shri shivam constructions,False,False,True,False,False,False,India|TOK|constructions;India|TOK|shivam,Key pruned (Block size > 500),"All shared keys (['India|TOK|constructions', 'India|TOK|shivam']) exceeded max_block_size"
S1-885067039,S3-269050716,source3,US,Amber,Ábber,"IN, North Manchester, 208 4th Street","08 Fourth Street, North Manchester, Indiana",amber,abber,False,False,False,False,False,False,,"Address similar, Name alias/mismatch","Address shares tokens {'north', 'manchester'}, but names share 0 tokens"
S1-449861100,S2-415141905,source2,US,Silver Business Laboratories,Silver Businbrss Laboratories,"150 35th Street, Canton, OH","15 35TH ST, CANTON, OH",silver business laboratories,silver businbrss laboratories,True,True,True,False,False,False,US|NP4|silv;US|TOK|silver;US|NP6|silver;US|TOK|laboratories,Key pruned (Block size > 500),"All shared keys (['US|NP4|silv', 'US|TOK|silver', 'US|NP6|silver', 'US|TOK|laboratories']) exceeded max_block_size"
S1-360607329,S3-727281824,source3,US,"Krebs, Barber & Smith Cslm",Lummiratavo,"577 Old Lantana Road, Crossville, TN","77 Old Lantana Road, Tennessee, Crossville",krebs barber and smith cslm,lummiratavo,False,False,False,False,False,False,,"Address similar, Name alias/mismatch","Address shares tokens {'lantana', 'crossville', 'old'}, but names share 0 tokens"
S1-544682121,S2-347454751,source2,India,United Projects Pvt Ltd,Pvt United Projcets Ltd,"C/O Bishwa Raman Kumar Singh, S/O Dr Rama Sinha Gachhi Tola, Near Bus Stand, P.S- Town Th, Ana, Begusarai, Bihar","PLOT 892 C/O BISHWA RAMAN KUMAR SINGH, N/A, BEGUSARAI, LAKHMINIA, Bihar",united projects,united projcets,True,True,True,False,False,False,India|NP6|united;India|NP4|unit;India|TOK|united,Key pruned (Block size > 500),"All shared keys (['India|NP6|united', 'India|NP4|unit', 'India|TOK|united']) exceeded max_block_size"
S1-380690295,S2-879846104,source2,US,Silver Pizza,Silver Pglinz,"7002 Nob Hill Drive, Fort Thomas, KY","7002-7004 NOB HILL DR, NULL, FT THOMAS, KY",silver pizza,silver pglinz,True,True,True,False,False,False,US|NP4|silv;US|TOK|silver;US|NP6|silver,Key pruned (Block size > 500),"All shared keys (['US|NP4|silv', 'US|TOK|silver', 'US|NP6|silver']) exceeded max_block_size"
S1-635996806,S2-756480026,source2,India,Global Consultants Private Limited,ग्लोबल कंसल्टेंट्स प्राइवेट लिमिटेड,"Mumbai, Maharashtra, Mumbai City, 306, Sangeet Plaza, Opp. Marol Fire Brigade, Marol Maroshi Road, Marol, Andheri (East, ).","306/2, MUMBAI CITY, MUMBAI, महाराष्ट्र",global consultants,गल बल क सलट टस पर इव ट ल म ट ड,False,False,False,False,False,False,,Indic script vs Latin name,Cand name is in Indic script; no shared address key generated
S1-847307458,S3-954442288,source3,India,Global Ss Management Pvt Ltd,Global Ss Pvt Management Ltd,"G.I.D.C, Shed-G 25, Gandhidham, Kachchh, Gujarat","G.i.d.c, Kachchh, GJ",global ss management,global ss pvt management,True,True,False,False,False,False,India|NP6|global;India|NP4|glob,Key pruned (Block size > 500),"All shared keys (['India|NP6|global', 'India|NP4|glob']) exceeded max_block_size"
S1-747705086,S3-744364228,source3,India,Gujarat Realty LLP,Gujarat  Realty LLP - 5244746404,"110, Inderprastha Tower Wazirpur, Delhi","G-110, Inderprastha Tower Wazirpur, Kundli, DL",gujarat realty,gujarat realty llp 5244746404,True,True,True,False,False,False,India|NP6|gujara;India|NP4|guja;India|TOK|gujarat;India|TOK|realty,Key pruned (Block size > 500),"All shared keys (['India|NP6|gujara', 'India|NP4|guja', 'India|TOK|gujarat', 'India|TOK|realty']) exceeded max_block_size"
S1-697332200,S2-913383201,source2,India,Alpha Constructions Private Limited,আলফা কনস্ট্রাকশনস প্রাইভেট লিমিটেড,"Kolkata, Jl Nehru Road, 9Th Floor, R.M. No.-, A-11, Kolkata, Chatterjee International Centre 33A, Howrah, West Bengal","CHATTERJEE INTERNATIONAL CENTRE 033A, JL NEHRU ROAD, 9TH FLOOR, R.M. NO.-, A-11, KOLKATA, KOLKATA, পশ্চিমবঙ্গ",alpha constructions,আলফ কনসটর কশনস পর ইভ ট ল ম ট ড,False,False,False,False,False,True,India|UNIT|a11,Truncated by max_candidates_per_query,"Shared key survived (['India|UNIT|a11']), but candidate rank exceeded top-200"
S1-210403116,S3-905989859,source3,India,Pioneer Industries Private Limited,ਪਾਇਨੀਅਰ ਇੰਡਸਟ੍ਰੀਜ਼ ਪ੍ਰਾਈਵੇਟ ਲਿਮਟਿਡ,"Zirakpur Kalka Highway Opposite Maharani Regency Hotel, Punjab, Zirakpur, Patiala","Patiala, Zirakpur, Zirakpur Kalka Highway Opposite Maharani Regency Hotel, PB",pioneer industries,ਪ ਇਨ ਅਰ ਇ ਡਸਟਰ ਜ ਪਰ ਈਵ ਟ ਲ ਮਟ ਡ,False,False,False,False,False,False,,Indic script vs Latin name,Cand name is in Indic script; no shared address key generated
S1-903379045,S2-297092754,source2,India,Guru Foundation Private Limited,গুরু ফাউন্ডেশন প্রাইভেট লিমিটেড,"9, A J C Bose Road, Kolkata, Kolkata, 4Th Floor, West Bengal, Howrah","HOWRAH, CALCUTTA, FLOOR, পশ্চিমবঙ্গ",guru foundation,গ র ফ উনড শন পর ইভ ট ল ম ট ড,False,False,False,False,False,False,,Indic script vs Latin name,Cand name is in Indic script; no shared address key generated
S1-399942607,S2-279426705,source2,US,Rosella Glassman Ampercap LLC,glassmanampercap.com,"3419 Frost Lane, Bismarck, ND","3419-C FROST LN, ND, BISMARCK",rosella glassman ampercap,glassmanampercap,False,False,False,False,False,False,,"Address similar, Name alias/mismatch","Address shares tokens {'bismarck', 'frost', 'nd'}, but names share 0 tokens"
S1-815768261,S2-137951707,source2,US,Clean Automation Holdings,Clean Holdings Center,"718 Torrington Drive, Naperville, IL","718-722 TORRINGTON DR, NAPERVILLE, IL",clean automation holdings,clean holdings center,True,False,True,False,False,False,US|TOK|clean;US|NP4|clea,Key pruned (Block size > 500),"All shared keys (['US|TOK|clean', 'US|NP4|clea']) exceeded max_block_size"
S1-798239792,S2-744984662,source2,US,Quality Biomedical Global PLLC,QUALITY BIOMEDICAL GLOBAL P.L.L.C.,"23320 122, Melvin, KY",,quality biomedical global pllc,quality biomedical global p,True,True,True,False,False,False,US|TOK|biomedical;US|NP4|qual;US|TOK|quality;US|NP6|qualit,Key pruned (Block size > 500),"All shared keys (['US|TOK|biomedical', 'US|NP4|qual', 'US|TOK|quality', 'US|NP6|qualit']) exceeded max_block_size"
S1-888132442,S2-944973466,source2,India,Sarvodaya (India) Elevators,Sri sarvodayaindiaelevators.com,"34, Avadh Vatika, A. B. Bypass Road, Mhow, Indore, Madhya Pradesh","34, AVADH VATIKA, A. B. BYPASS ROAD, MHOW, Madhya Pradesh",sarvodaya india elevators,sri sarvodayaindiaelevators,False,False,False,False,False,True,India|ADDR|34_avadh,Truncated by max_candidates_per_query,"Shared key survived (['India|ADDR|34_avadh']), but candidate rank exceeded top-200"
S1-849670817,S3-188936373,source3,US,Strategic Praetorian,Strategic Praetman,"702 N Street, Washington, DC","702 1/2 N St, Washington, District of Columbia",strategic praetorian,strategic praetman,True,True,True,False,False,True,US|TOK|strategic;US|NP4|stra;US|NP6|strate;US|ADDR|702_washington,Truncated by max_candidates_per_query,"Shared key survived (['US|ADDR|702_washington']), but candidate rank exceeded top-200"
S1-77028595,S2-809637396,source2,India,Shiv Energy Private Limited,शिव एनर्जी प्राइवेट लिमिटेड,"313/12/1, 2Nd Floor, Above Icici Bank Khun Khun Ji Road, Near Munnu Lal Dharmsh, Ala, Chowk, Lucknow, Uttar Pradesh","D/313/12/1, 2ND FLOOR, ABOVE ICICI BANK KHUN KHUN JI ROAD, NEAR MUNNU LAL DHARMSH, ALA, CHOWK, LUCKNOW  HQ REGION, LUCKNOW, उत्तर प्रदेश",shiv energy,श व एनरज पर इव ट ल म ट ड,False,False,False,False,False,False,,Indic script vs Latin name,Cand name is in Indic script; no shared address key generated
S1-905466466,S3-473625068,source3,US,Division of Consumer Affairs,Division of,"MN, Crosslake, 38661 Windsor Avenue","38659 Windsor Ave, Minnesota, Crossake",division of consumer affairs,division of,True,True,True,False,False,False,US|NP4|divi;US|TOK|division;US|NP6|divisi,Key pruned (Block size > 500),"All shared keys (['US|NP4|divi', 'US|TOK|division', 'US|NP6|divisi']) exceeded max_block_size"
S1-421719190,S3-606362112,source3,India,Vision Impex Private Limited,विजन इम्पेक्स प्राइवेट लिमिटेड,"Gala No I-23, The Broadway Premises Co-Op Society, Dr. Ambedkar Road, Dadar (E), Mumbai, Mumbai City, Maharashtra","Mumbai City, Mumbai, महाराष्ट्र, Gala No I-23/3, NULL",vision impex,व जन इमप कस पर इव ट ल म ट ड,False,False,False,False,False,False,,Indic script vs Latin name,Cand name is in Indic script; no shared address key generated
S1-788339543,S3-848878605,source3,India,Lakshmi Estate Limited,लक्ष्मी एस्टेट लिमिटेड,"Plot No. 5628, The Orchid Crescent Dlf Phase - 4, Gurgaon, Haryana","Gurgaon, The Orchid Crescent Dlf Phase - 4, Gurgaon, Plot No. 5628, HR",lakshmi estate,लकषम एसट ट ल म ट ड,False,False,False,False,False,False,,Indic script vs Latin name,Cand name is in Indic script; no shared address key generated
S1-472705054,S3-944444308,source3,India,Vision Industries Private Limited,Smt Vision Industries Private,"Fazilka Road, Village Ghubaya Teh. Jalalabad, Jalalabad, Firozpur, Punjab","Fazilka Road, Jalalabad, Firozpur, PB",vision industries,smt vision industries,False,False,True,False,False,False,India|TOK|vision,Key pruned (Block size > 500),All shared keys (['India|TOK|vision']) exceeded max_block_size
S1-830891960,S2-322666686,source2,India,Perfect Enterprises Private Limited,परफेक्ट एंटरप्राइजेज प्राइवेट लिमिटेड,"32 Aradhana Colonysector 13 R K Puram, New Delhi, West Delhi, Delhi","H.NO 1 ARADHANA COLONYSECTOR 13 R K PURAM, NEW DELHI, WEST DELHI, Delhi",perfect enterprises,परफ कट ए टरपर इज ज पर इव ट ल म ट ड,False,False,False,False,False,False,,Indic script vs Latin name,Cand name is in Indic script; no shared address key generated
S1-773666037,S3-705127951,source3,US,Upper Chadwick LLC,Upper LLC Center | www.upperllc.com,"19766 Hails Lane, Mount Vernon, IL","19766. Hails Lane, Mount Vernon, Illinois",upper chadwick,upper llc center www upperllc,True,False,True,False,False,True,US|TOK|upper;US|NP4|uppe;US|ADDR|19766_hails,Truncated by max_candidates_per_query,"Shared key survived (['US|ADDR|19766_hails']), but candidate rank exceeded top-200"
S1-756886721,S2-212726025,source2,India,Kriya Holdings,KIDRYA HOLDINGS,"Orissa, Jobra, Geeta Memorial Hospitalgmhatdasasahi, Cuttack","CUTTACK, JOBRA, GEETA MEMORIAL HOSPITALGMHATDASASLHI, Orissa",kriya holdings,kidrya holdings,False,False,False,False,False,False,,Token variation / Substring,Sub-token present in raw candidate name but missed in core name
S1-348128308,S3-103729535,source3,US,Physical Therapy Delta Associates Inc,Physical Therapy Delta Associates Associates Inc Foundation,"Gastonia, NC, 210 King Street","Gastonia, King Street, North Carolina",physical therapy delta associates,physical therapy delta associates associates inc foundation,True,True,True,False,False,False,US|TOK|delta;US|TOK|physical;US|TOK|therapy;US|NP4|phys;US|NP6|physic,Key pruned (Block size > 500),"All shared keys (['US|TOK|delta', 'US|TOK|physical', 'US|TOK|therapy', 'US|NP4|phys', 'US|NP6|physic']) exceeded max_block_size"
S1-800069802,S2-433933942,source2,US,Valley Choice LLC,Valley Coaeiee LLC,"Henrico County, VA, 1700 Hollandale Road","1702 HOLLANDALE ROAD, HENRICO, VA",valley choice,valley coaeiee,True,True,True,False,False,False,US|NP4|vall;US|TOK|valley;US|NP6|valley,Key pruned (Block size > 500),"All shared keys (['US|NP4|vall', 'US|TOK|valley', 'US|NP6|valley']) exceeded max_block_size"
S1-275648424,S3-8705456,source3,US,Murray Trading Care,caremurraytrading.com,"9713 Van Vlissingen Road, Chicago, IL","Van Vlissingen Road, Chicago, Illinois",murray trading care,caremurraytrading,False,False,False,False,False,False,,"Address similar, Name alias/mismatch","Address shares tokens {'van', 'vlissingen', 'il', 'chicago'}, but names share 0 tokens"
S1-360911062,S2-178336004,source2,US,Bright Book Store,Bright Bk Store,"MT, 3004 Leeann Boulevard, Billings",,bright book store,bright bk store,True,True,True,False,False,False,US|NP6|bright;US|TOK|bright;US|TOK|store;US|NP4|brig,Key pruned (Block size > 500),"All shared keys (['US|NP6|bright', 'US|TOK|bright', 'US|TOK|store', 'US|NP4|brig']) exceeded max_block_size"
S1-530526337,S3-988949920,source3,India,Management Europa Productions LLP,Management Euroa Productions LLP,"Plot No. 29, Road No. 3, Janardhana Hills, P Raju Road, Seri Lingampally, K.V.Rangareddy, Telangana","Plot No. 29, K.v.rangareddy, తెలంగాణ",management europa productions,management euroa productions,True,True,True,False,False,False,India|NP6|manage;India|NP4|mana;India|TOK|productions,Truncated by max_candidates_per_query,"Shared key survived (['India|TOK|productions']), but candidate rank exceeded top-200"
S1-55924649,S2-670099519,source2,US,Modern Bancshares Inc,MODERN BANCSHRARS INC,"22853 Dmc Highway 34, Danville, IA","DMC HIGHWAY 34, DANVILLE, IA",modern bancshares,modern bancshrars,True,True,True,False,False,False,US|NP4|mode;US|NP6|modern;US|TOK|modern,Key pruned (Block size > 500),"All shared keys (['US|NP4|mode', 'US|NP6|modern', 'US|TOK|modern']) exceeded max_block_size"
S1-576496637,S3-850207408,source3,India,Royal Industries Private Limited,रॉयल इंडस्ट्रीज प्राइवेट लिमिटेड,"Chandra Bhusan Pandey, Dharampur Bandey Via- Shahpur Patori, Samastipur, Bihar","Chandra Bhusan Pandey, Dharampur Bandey Via- Shahpur Patori, Samastipur, BR",royal industries,र यल इ डसटर ज पर इव ट ल म ट ड,False,False,False,False,False,False,,Indic script vs Latin name,Cand name is in Indic script; no shared address key generated
S1-897987810,S2-890800626,source2,US,Continental Beacon Home Improvements Inc,Continental Home Improvements Inc Service,"24331 Old 24, Woodburn, IN","24331-D OLD 24, MAUMEE, IN",continental beacon home improvements,continental home improvements inc service,True,True,True,False,False,False,US|TOK|home;US|NP6|contin;US|TOK|improvements;US|TOK|continental;US|NP4|cont,Key pruned (Block size > 500),"All shared keys (['US|TOK|home', 'US|NP6|contin', 'US|TOK|improvements', 'US|TOK|continental', 'US|NP4|cont']) exceeded max_block_size"
S1-531427084,S3-45492899,source3,US,Electricians Union Local No 947,electriciansunionlocal.com,"La Plata, MD, 844 Holly Drive","844 Holly Drive, La Plata, Maryland",electricians union local no 947,electriciansunionlocal,True,True,False,False,False,True,US|NP4|elec;US|ADDR|844_holly;US|NP6|electr,Truncated by max_candidates_per_query,"Shared key survived (['US|ADDR|844_holly']), but candidate rank exceeded top-200"
S1-295400413,S2-986420375,source2,India,White Ventures Private Limited,వైట్ వెంచర్స్ ప్రైవేట్ లిమిటెడ్,"Flat No. 201, Ongole, Andhra Pradesh, 3Rd Floor, Sai Nilayam Apartments Opposite Pavitra Junior College, Lawyer, Pet Extn., Prakasam","201, 3RD FLOOR, SAI NILAYAM APARTMENTS OPPOSITE PAVITRA JUNIOR COLLEGE, LAWYER, PET EXTN., ONGOLE, PRAKASAM, Andhra Pradesh",white ventures,వ ట వ చరస పర వ ట ల మ ట డ,False,False,False,False,False,False,,Indic script vs Latin name,Cand name is in Indic script; no shared address key generated
S1-106786002,S3-260182442,source3,India,Indian Consultants Pvt Ltd,इंडियन कंसल्टेंट्स प्रा. लि.,"Pune, Bunglow No. 04, High Class Residency, Sno. 344, Pl No. 300, Pune, Maharashtra","Bunglow No. 04, Pune, MH",indian consultants,इ ड यन क सलट टस पर ल,False,False,False,False,False,False,,Indic script vs Latin name,Cand name is in Indic script; no shared address key generated
S1-717956928,S2-124432095,source2,US,Pediatric Medicine,PEDIATRICMEDICINECOM,"2001 Harwood Street, Lincoln, NE","2013 HARWOOD STREET, LINCOLN CITY, NE",pediatric medicine,pediatricmedicinecom,True,True,False,False,False,False,US|NP6|pediat;US|NP4|pedi,Key pruned (Block size > 500),"All shared keys (['US|NP6|pediat', 'US|NP4|pedi']) exceeded max_block_size"
S1-529627336,S2-456509042,source2,US,Valley United Lake Inc,VUL,"1314 Fall Parkway, Murfreesboro, TN","8314 FALL PKWY, TN, MURFREESBORO CITY",valley united lake,vul,False,False,False,False,False,False,,Short business name,Short name (<4 chars) produced no prefix/token matches
S1-237177847,S3-538637647,source3,US,Laborers Union Local No 454,laborersunionlocal.com,"100 Brahman Road, Magdalena, NM","Brahman Rd, Magdalena, New Mexico",laborers union local no 454,laborersunionlocal,True,True,False,False,False,False,US|NP6|labore;US|NP4|labo,Truncated by max_candidates_per_query,"Shared key survived (['US|NP6|labore', 'US|NP4|labo']), but candidate rank exceeded top-200"
S1-655089723,S3-62869025,source3,US,Dambrosio Capital L.L.C.,Lyranylavera,"922 76 Street, Brooklyn, NY","922D 76 St, Brooklyn, New York",dambrosio capital,lyranylavera,False,False,False,False,False,False,,"Address similar, Name alias/mismatch","Address shares tokens {'brooklyn', 'ny', '76'}, but names share 0 tokens"
S1-510297867,S3-6724844,source3,US,Surgical Associates,Surgical Center,"2717 Lynn Avenue, Saint Louis Park, MN","717 Lynn Avenue, Saint Louis Park, Minnesota",surgical associates,surgical center,True,True,True,False,False,False,US|NP6|surgic;US|TOK|surgical;US|NP4|surg,Key pruned (Block size > 500),"All shared keys (['US|NP6|surgic', 'US|TOK|surgical', 'US|NP4|surg']) exceeded max_block_size"
S1-833492633,S3-184297142,source3,US,Oncology First Partners LLC,Oncology 1st Partners  LLC,"31930 Wildwood Park Lane, Conroe, TX","31930-B Wildwood Park Lane, Cnroe CDP, Texas",oncology first partners,oncology 1st partners,True,True,True,False,False,False,US|TOK|oncology;US|NP4|onco;US|NP6|oncolo;US|TOK|partners,Key pruned (Block size > 500),"All shared keys (['US|TOK|oncology', 'US|NP4|onco', 'US|NP6|oncolo', 'US|TOK|partners']) exceeded max_block_size"
S1-453313801,S2-522655618,source2,India,Jay Media,జై మీడియా,"9-4-84/44, Kakatiya Nagar, Nanal Nagar, Golconda, Hyderabad, Telangana","09-4-84/44, GOLCONDA, HYDERABAD, తెలంగాణ",jay media,జ మ డ య,False,False,False,False,False,False,,Indic script vs Latin name,Cand name is in Indic script; no shared address key generated
S1-990433106,S3-823878280,source3,India,Universal Impex,ইউনিভার্সাল ইম্পেক্স,"22 Bigha, Near Iim, Kolkata, Joka, Howrah, Kolkata, West Bengal","Hn 330 Joka, NULL, Kolkata, Howrah, WB",universal impex,ইউন ভ রস ল ইমপ কস,False,False,False,False,False,False,,Indic script vs Latin name,Cand name is in Indic script; no shared address key generated
S1-960361259,S3-76796663,source3,US,Eye Group,Eye  Inc,"377 Knollwood Drive, Forest City, NC","377 Knollwood Dr, Forest Cityy CITY, North Carolina",eye group,eye,False,False,False,False,False,True,US|ADDR|377_knollwood,Truncated by max_candidates_per_query,"Shared key survived (['US|ADDR|377_knollwood']), but candidate rank exceeded top-200"
S1-518852321,S3-173884597,source3,US,Choice Royal Commodity PLLC,... choiceroyalcommodity.com,"Unit 2034, TX, 5015 Joe Ramsey Boulevard, Greenville","Greenville, 5015 Joe Ramsey Blvd, # 2034, Texas",choice royal commodity pllc,choiceroyalcommodity,True,True,False,False,False,False,US|NP6|choice;US|NP4|choi,Key pruned (Block size > 500),"All shared keys (['US|NP6|choice', 'US|NP4|choi']) exceeded max_block_size"
S1-550488938,S2-918671514,source2,India,Jaipur (india) Partners,JAIPUR (INDIA) PARTNER5 COMPANY,"50, Sikar Road, Parasram Nagar, Dahar Ke Balaji, Jaipur, Rajasthan","7-50, SIKAR ROAD, PARASRAM NAGAR, DAHAR KE BALAJI, JAIPUR, Rajasthan",jaipur india partners,jaipur india partner5,True,True,True,False,False,False,India|NP6|jaipur;India|TOK|india;India|TOK|jaipur;India|NP4|jaip,Key pruned (Block size > 500),"All shared keys (['India|NP6|jaipur', 'India|TOK|india', 'India|TOK|jaipur', 'India|NP4|jaip']) exceeded max_block_size"
S1-307432736,S2-957097337,source2,India,Great Power Pvt Ltd,ग्रेट पावर प्रा. लि.,"C/O-Ramakant Madhavrao Gade, Opposite Kanifnath Mandir, Near Tamboli Farm, At Parewadi, Paragaonahmadnagar, Nagar, Ahmed Nagar, Maharashtra","C/O-RAMAKANT MADHAVRAO GADE, PARBHANI, AHMED NAGAR, Maharashtra",great power,गर ट प वर पर ल,False,False,False,False,False,False,,Indic script vs Latin name,Cand name is in Indic script; no shared address key generated
S1-996012175,S2-322555091,source2,US,Ferguson Webster PLLC,PLLC Ferguson Weoenlter,"880 June Terrace, Unit UNIT 270, Lake Zurich, IL","880 JUNE TERRACE, LAKE ZRUICH CDP, IL",ferguson webster pllc,pllc ferguson weoenlter,False,False,True,False,False,True,US|TOK|ferguson;US|TOK|pllc;US|ADDR|880_june,Truncated by max_candidates_per_query,"Shared key survived (['US|TOK|ferguson', 'US|ADDR|880_june']), but candidate rank exceeded top-200"
S1-976383283,S3-210139553,source3,India,Ram Krishna Services Private Limited,ராம் கிருஷ்ணா சர்வீசஸ் பிரைவேட் லிமிடெட்,"Flat.No.3, Banyan View, Iii Floor, New.No.39, Karpagam Garden, 1St Main Road, Adyar, Chennai, Tamil Nadu","H.no 3, N/A, Chennai, TN",ram krishna services,ர ம க ர ஷண சரவ சஸ ப ர வ ட ல ம ட ட,False,False,False,False,False,False,,Indic script vs Latin name,Cand name is in Indic script; no shared address key generated
S1-657225634,S3-287161514,source3,US,Delta Short LLC,Services Delta LLC,"City Of Appleton, 1126 Lawe Street, WI","1126. Lawe Street, Appeton, Wisconsin",delta short,services delta,False,False,True,False,False,True,US|TOK|delta;US|ADDR|1126_lawe,Truncated by max_candidates_per_query,"Shared key survived (['US|ADDR|1126_lawe']), but candidate rank exceeded top-200"
S1-773460033,S3-558955596,source3,US,Upper Polestar PC,UP,"Fort Mill, SC, 255 Sedgewick Drive","Fort Mill, 255 Sedgewick Drive, SC",upper polestar pc,up,False,False,False,False,False,True,US|ADDR|255_sedgewick,Truncated by max_candidates_per_query,"Shared key survived (['US|ADDR|255_sedgewick']), but candidate rank exceeded top-200"
S1-175126693,S2-208619058,source2,India,Navi Mumbai Industries Private Limited,INDNAVIMUMBAI.COM,"D - 201, Ruparel Gardens Chs, Plot C3 Sector - 23, Nerul East, Navi Mumbai, Thane, Maharashtra","D - 201, RUPAREL GARDENS CHS, PLOT C3 SECTOR - 23, NERUL EAST, THANE, NAVI MUMBAI, Maharashtra",navi mumbai industries,indnavimumbai,False,False,False,False,False,True,India|ADDR|201_ruparel,Truncated by max_candidates_per_query,"Shared key survived (['India|ADDR|201_ruparel']), but candidate rank exceeded top-200"
S1-64027159,S2-716939363,source2,US,Andy Ressler Rapid Polestar L.L.C.,resslerandyrapid.com,"1460 Bertha Boulevard, Portland, OR","OR, BERTHA BLVD, PORTLAND",andy ressler rapid polestar,resslerandyrapid,False,False,False,False,False,False,,"Address similar, Name alias/mismatch","Address shares tokens {'or', 'portland', 'blvd', 'bertha'}, but names share 0 tokens"
S1-37533698,S2-86882746,source2,US,Back Alley Bistro,Back Alley Bimotro,"1211 Cedar Grove Road, Supply, NC","1211-A CEDAR GROVE RD, NC, SUPPLY",back alley bistro,back alley bimotro,True,True,True,False,False,False,US|NP4|back;US|NP6|backal;US|TOK|back;US|TOK|alley,Key pruned (Block size > 500),"All shared keys (['US|NP4|back', 'US|NP6|backal', 'US|TOK|back', 'US|TOK|alley']) exceeded max_block_size"
S1-954611473,S2-532397913,source2,India,Sunrise Consulting Private Limited,सनराइज कंसल्टिंग प्राइवेट लिमिटेड,"D-15/29, First Floor, Sector 3, Rohini, Delhi, North West Delhi, Delhi","D-C-15/29, FIRST FLOOR, SECTOR 3, ROHINI, DIVREPORTINGCIRCLE, DELHI, दिल्ली",sunrise consulting,सनर इज क सलट ग पर इव ट ल म ट ड,False,False,False,False,False,False,,Indic script vs Latin name,Cand name is in Indic script; no shared address key generated
S1-279534597,S2-909501954,source2,India,Apex It Private Limited,एपेक्स आईटी प्राइवेट लिमिटेड,"Flat No.101, M-3, Connaught Place, (Middle Circle), New Delhi, Central Delhi, Delhi","FLAT NO.101, NEW DELHI, CENTRAL DELHI, Delhi",apex it,एप कस आईट पर इव ट ल म ट ड,False,False,False,False,False,False,,Indic script vs Latin name,Cand name is in Indic script; no shared address key generated
S1-906347480,S2-345245122,source2,India,Gold Trading Limited,ਗੋਲਡ ਟ੍ਰੇਡਿੰਗ ਲਿਮਟਿਡ,"Kapoor Health Care Center, Main Road O/S Gate Hakima, Amritsar, Punjab","KAPOOR HEALTH CARE CENTER, MAIN ROAD O/S GATE HAKIMA, AMRISTAR, AMRITSAR, Punjab",gold trading,ਗ ਲਡ ਟਰ ਡ ਗ ਲ ਮਟ ਡ,False,False,False,False,False,False,,Indic script vs Latin name,Cand name is in Indic script; no shared address key generated
S1-605334018,S3-257861664,source3,India,Good Products Private Limited,ಗುಡ್ ಪ್ರೊಡಕ್ಟ್ಸ್ ಪ್ರೈವೇಟ್ ಲಿಮಿಟೆಡ್,"314, Manito Commanders Marvel, Duo Marvel Layout, Bangalore North, Bangalore, Karnataka","314, Bangalore North, Bangalore, KA",good products,ಗ ಡ ಪರ ಡಕಟಸ ಪರ ವ ಟ ಲ ಮ ಟ ಡ,False,False,False,False,False,False,,Indic script vs Latin name,Cand name is in Indic script; no shared address key generated
S1-318373630,S2-660036492,source2,India,Red Ventures Private Limited,रेड वेंचर्स प्राइवेट लिमिटेड,"Rajasthan, Jaipur, Banipark, Gokul Apartment, E-3A Kanti Chandra Road, G-1","G-1, BANIPARK, JAIPUR, Rajasthan",red ventures,र ड व चरस पर इव ट ल म ट ड,False,False,False,False,False,False,,Indic script vs Latin name,Cand name is in Indic script; no shared address key generated
S1-299037571,S2-160144700,source2,India,Modern Shiva Food Private Limited,ಮಾಡರ್ನ್ ಶಿವ ಫುಡ್ ಪ್ರೈವೇಟ್ ಲಿಮಿಟೆಡ್,"No 20 2Nd Cross Near Vasthu Enclave Rajarajeshwari, Layout Kudlu Banggalore South Bommanahalli Bangalore Karnataka, Bangalore South, Bangalore, Karnataka","2ND CROSS NEAR VASTHU ENCLAVE RAJARAJESHWARI, BANGALORE SOUTH, BANGALORE, Karnataka",modern shiva food,ಮ ಡರನ ಶ ವ ಫ ಡ ಪರ ವ ಟ ಲ ಮ ಟ ಡ,False,False,False,False,False,False,,Indic script vs Latin name,Cand name is in Indic script; no shared address key generated
S1-305725420,S2-431233508,source2,US,Clear Metro Generation LLC,Clear Clear Metro,"8 Chestnut Street, Unit 1, Montague, MA","1 CHESTUNT STREET, MONTAGUE, MA",clear metro generation,clear clear metro,True,False,True,False,False,False,US|TOK|metro;US|TOK|clear;US|NP4|clea,Key pruned (Block size > 500),"All shared keys (['US|TOK|metro', 'US|TOK|clear', 'US|NP4|clea']) exceeded max_block_size"
S1-160458458,S2-139197522,source2,India,Indo International Private Limited,इंडो इंटरनेशनल प्राइवेट लिमिटेड,"Flat No 12 Sunrise Aptssenapati Bapat Road, Pune, Maharashtra","PUNE, Maharashtra, FLAT NO 8-12 SUNRISE APTSSENAPATI BAPAT ROAD, PUNE",indo international,इ ड इ टरन शनल पर इव ट ल म ट ड,False,False,False,False,False,False,,Indic script vs Latin name,Cand name is in Indic script; no shared address key generated
S1-647946220,S3-651054143,source3,India,Life Maa Care Private Limited,Umbranovi,"Flatno-312, Phase-1, Block1, 3Rdfloor Land Mark Appartment Mauja Kantilo Bhubaneswar Kho, Rdha, Bhubaneswar, Khordha, Orissa","Flatno-312, Bhubaneswar, Khordha, OD",life maa care,umbranovi,False,False,False,False,False,False,,"Address similar, Name alias/mismatch","Address shares tokens {'bhubaneswar', 'flatno-312', 'khordha'}, but names share 0 tokens"
S1-117328785,S2-525489560,source2,US,Strategic Agricultural Alliance Inc,Strategic Agricunaural Alliance Inc,"14 Wanless Lane, Trout Creek, MT","138 WANLESS LN, TOUT CREEK, MT",strategic agricultural alliance,strategic agricunaural alliance,True,True,True,False,False,False,US|TOK|strategic;US|NP4|stra;US|NP6|strate;US|TOK|alliance,Key pruned (Block size > 500),"All shared keys (['US|TOK|strategic', 'US|NP4|stra', 'US|NP6|strate', 'US|TOK|alliance']) exceeded max_block_size"
S1-206439171,S3-21549691,source3,US,Housing Coalition,Housing [Cnoalmilation],"2026 Sam Houston Drive, Garland, TX","026 Sam Houston Drive, Garland, Texas",housing coalition,housing cnoalmilation,True,True,True,False,False,False,US|NP4|hous;US|TOK|housing;US|NP6|housin,Key pruned (Block size > 500),"All shared keys (['US|NP4|hous', 'US|TOK|housing', 'US|NP6|housin']) exceeded max_block_size"
S1-982742576,S3-354146222,source3,US,Quality Metropolitan Signs LLC,Quality Metropolitan,"2919 15th Street, Tacoma, WA","2919d 15rd St, Tacoma, Washington",quality metropolitan signs,quality metropolitan,True,True,True,False,False,False,US|TOK|metropolitan;US|NP4|qual;US|TOK|quality;US|NP6|qualit,Key pruned (Block size > 500),"All shared keys (['US|TOK|metropolitan', 'US|NP4|qual', 'US|TOK|quality', 'US|NP6|qualit']) exceeded max_block_size"
S1-281201952,S3-502116592,source3,US,Garrett Pioneer Construction PLLC,6arrett Pioneer-Construction PLLC,"1300 Marshallberg Road, Marshallberg, NC","1300 Marshallberg Road, Marshallberg, North Carolina",garrett pioneer construction pllc,6arrett pioneer construction pllc,False,False,True,False,False,True,US|TOK|pllc;US|TOK|construction;US|TOK|pioneer;US|ADDR|1300_marshallberg,Truncated by max_candidates_per_query,"Shared key survived (['US|ADDR|1300_marshallberg']), but candidate rank exceeded top-200"
S1-129024118,S3-419268073,source3,India,Hitech Southern Infotech Private Limited,हाईटेक सदर्न इंफोटेक प्राइवेट लिमिटेड,"Shop No-4, Loknayak Jai Prakash Bhawan Frazer Road, P.O- Gpo, P.S- Kotwali, Patna, Bihar","#00 Shop No-4, Patna, BR",hitech southern infotech,ह ईट क सदरन इ फ ट क पर इव ट ल म ट ड,False,False,False,False,False,False,,Indic script vs Latin name,Cand name is in Indic script; no shared address key generated
S1-180269792,S3-619030731,source3,India,All Industries Private Limited,ഓൾ Industries പ്രൈവറ്റ് ലിമിറ്റഡ്,"13/507, B 40, 2Nd Floor, Yamuna Arcade, Kallai Road, Po Chalappuram, Kozhikode, Kerala","KL, Kozhikode, 1-3/507, Kozhikode",all industries,ഓൾ industries പര വററ ല മ ററഡ,False,False,False,False,False,False,,Indic script vs Latin name,Cand name is in Indic script; no shared address key generated
S1-192757112,S3-362275708,source3,US,Castillo Academy,Umbrasol formerly known as Castillo Academy,"Unit 408, Louisville, 13630 Elanna Ave, KY","13630 Elanna Ave, Unit 408, Louisville, KY",castillo academy,known as castillo academy,False,False,True,False,False,False,US|TOK|academy;US|TOK|castillo,Key pruned (Block size > 500),"All shared keys (['US|TOK|academy', 'US|TOK|castillo']) exceeded max_block_size"
S1-723149744,S3-714169500,source3,India,Chitradurga Builders LLP,Builders,"Aisiri Nilaya, Veda Floor Mill Behind Mahaveer Nagar, Chitradurga, Karnataka","Aisiri Nilaya, Veda Floor Mill Behind Mahaveer Nagar, Chitradurga, Karnataka",chitradurga builders,builders,False,False,True,False,False,False,India|TOK|builders,Key pruned (Block size > 500),All shared keys (['India|TOK|builders']) exceeded max_block_size
S1-702413212,S3-550827914,source3,India,Royal Surya Projects Private Limited,रॉयल सूर्या प्रोजेक्ट्स प्राइवेट लिमिटेड,"Unit 3-5, Neeru Silk Mills126, N.M.Joshi Rd., Lower Parel, Mumbai, Maharashtra","Unit 3-5, Lower Parel, Mumbai, MH",royal surya projects,र यल स रय पर ज कटस पर इव ट ल म ट ड,False,False,False,False,False,False,,Indic script vs Latin name,Cand name is in Indic script; no shared address key generated
S1-240103424,S3-696742264,source3,US,IBV Electricity LLC,IBV LLC Service,"17 Thayer Pond Drive, Unit 6, Oxford, MA","17. Thayer Pond Drive, N/A, Oxford, Massachusetts",ibv electricity,ibv llc service,False,False,False,False,False,True,US|ADDR|17_thayer,Truncated by max_candidates_per_query,"Shared key survived (['US|ADDR|17_thayer']), but candidate rank exceeded top-200"
S1-928412953,S2-157557028,source2,US,Pacific Integrated Electronics LLC,Lumnylazeta,"10018 Windward Drive, Fl 1, Olympia, WA","10018C WINDWARD DR, CARLYON BEACH, WA",pacific integrated electronics,lumnylazeta,False,False,False,False,False,False,,"Address similar, Name alias/mismatch","Address shares tokens {'wa', 'windward'}, but names share 0 tokens"
S1-555242352,S2-810626996,source2,India,Prime Media Pvt Ltd,प्राइम मीडिया प्रा. लि.,"C/O Ramesh Bhagchand Ginnare Dharampuri, Khandwa, Indore, Madhya Pradesh","C/O RAMESH BHAGCHNAD GINNARE DHARAMPURI, KHANDWA, INDORE, Madhya Pradesh",prime media,पर इम म ड य पर ल,False,False,False,False,False,False,,Indic script vs Latin name,Cand name is in Indic script; no shared address key generated
S1-220619089,S3-129669925,source3,India,Baba Consultancy Private Limited,ਬਾਬਾ ਕੰਸਲਟੈਂਸੀ ਪ੍ਰਾਈਵੇਟ ਲਿਮਟਿਡ,"#Z-4/02379, W. No.15, 4-Guru Arjun Dev Nagar, Moga, Punjab","#Z-/02379, Moga, PB",baba consultancy,ਬ ਬ ਕ ਸਲਟ ਸ ਪਰ ਈਵ ਟ ਲ ਮਟ ਡ,False,False,False,False,False,False,,Indic script vs Latin name,Cand name is in Indic script; no shared address key generated
S1-962317574,S2-657888531,source2,US,Quality Coastal Calamos,Quality  Coastal,"OR, Happy Valley, Unit #302, 11277 Stevens Road","11277 STEVENS RAD, HAPPY VALLEY, OR",quality coastal calamos,quality coastal,True,True,True,False,False,False,US|TOK|coastal;US|NP4|qual;US|TOK|quality;US|NP6|qualit,Key pruned (Block size > 500),"All shared keys (['US|TOK|coastal', 'US|NP4|qual', 'US|TOK|quality', 'US|NP6|qualit']) exceeded max_block_size"
S1-21103830,S3-921036,source3,US,KIZ Total Internet,KIZ Internet Services,"310 Nutmeg Road, Unit Apartment A2, South Windsor, CT","Connecticut, # Apartment A2, South Windsor, 310 Nutmeg Road",kiz total internet,kiz internet services,False,False,True,False,False,False,US|TOK|internet,Truncated by max_candidates_per_query,"Shared key survived (['US|TOK|internet']), but candidate rank exceeded top-200"
S1-794268540,S3-521378867,source3,India,Vision International Private Limited,Vision Iternationl Private [Limited],"Allahabad, 9/257 Awas Vikas Colony, Uttar Pradesh, Allahabad, Awas Vikas 120-Prayagraj","9/257- Awas Vikas Colony, Awas Vikas 120-Prayagraj, Allahabad, UP",vision international,vision iternationl,True,True,True,False,False,False,India|NP4|visi;India|NP6|vision;India|TOK|vision,Key pruned (Block size > 500),"All shared keys (['India|NP4|visi', 'India|NP6|vision', 'India|TOK|vision']) exceeded max_block_size"
S1-979232639,S3-478676800,source3,India,Gujarat Systems,గుజరాత్ సిస్టమ్స్,"405, Minar Apartments, Deccan Towers, Basheerbagh, Hyderabad, Telangana","405, <NULL>, Hyderabad, TG",gujarat systems,గ జర త స సటమస,False,False,False,False,False,False,,Indic script vs Latin name,Cand name is in Indic script; no shared address key generated
S1-594497707,S3-48627366,source3,India,Jay Services (India) Ltd,Jay Ltd (India) Services #14369,"F Pl No284, T P S-Iii, Mumbai, Maharashtra, Borivali West, 401 Neelkanth","Neelkanth, Borivali West, Mumbai, MH",jay services india,jay ltd india services 14369,False,False,True,False,False,False,India|TOK|india,Key pruned (Block size > 500),All shared keys (['India|TOK|india']) exceeded max_block_size
S1-314795590,S3-45573383,source3,India,Anand Producer Private Limited,आनंद Producer प्राइवेट लिमिटेड,"Flat No-202, Shiva Palace, Garbhu Chak, Khajpura, Phulwari, Patna, Bihar","156 Flat No-202, Phulwari, Shiva Palace, Garbhu Chak, Khajpura, Patna, BR",anand producer,आन द producer पर इव ट ल म ट ड,False,False,True,False,False,False,India|TOK|producer,Key pruned (Block size > 500),All shared keys (['India|TOK|producer']) exceeded max_block_size
S1-311470256,S3-79511769,source3,US,Bureau of Sanitation Inc.,The Bureau of Sanitation Inc. (ID: 42798),"7980 Wagonseller Road, Green Valley, IL","7980b Wagonseller Rd, Green Valley, Illinois",bureau of sanitation,bureau of sanitation inc id 42798,True,True,True,False,False,False,US|TOK|sanitation;US|NP4|bure;US|NP6|bureau;US|TOK|bureau,Truncated by max_candidates_per_query,"Shared key survived (['US|TOK|sanitation']), but candidate rank exceeded top-200"
S1-66716567,S3-357722030,source3,US,Wildlife Center,Wildlife Cenlter,"3306 Rose Trace Drive, Spring, TX","3306-A Rose Trace Drive, Spring, Texas",wildlife center,wildlife cenlter,True,True,True,False,False,False,US|NP4|wild;US|NP6|wildli;US|TOK|wildlife,Key pruned (Block size > 500),"All shared keys (['US|NP4|wild', 'US|NP6|wildli', 'US|TOK|wildlife']) exceeded max_block_size"
S1-905269811,S3-739345030,source3,India,Good Services,गुड सर्विसेज,"52, Vijay Nagar, Kartarpura Ward No. 15 Tehsil Jaipur, Jaipur, Rajasthan","52, Kartarpura Ward No. 15 Tehsil Jaipur, राजस्थान",good services,ग ड सरव स ज,False,False,False,False,False,False,,Indic script vs Latin name,Cand name is in Indic script; no shared address key generated
S1-448410374,S2-37955881,source2,US,Wildlife Society Inc,Wildlife Sociyt Inc,"610 Kingswood Lane, Simi Valley, CA","61 KINGSWOOD LANE, CITY OF SIMI VALLEY, CA",wildlife society,wildlife sociyt,True,True,True,False,False,False,US|NP4|wild;US|NP6|wildli;US|TOK|wildlife,Key pruned (Block size > 500),"All shared keys (['US|NP4|wild', 'US|NP6|wildli', 'US|TOK|wildlife']) exceeded max_block_size"
S1-529627336,S2-608743250,source2,US,Valley United Lake Inc,VALLEY UNITED LA INC,"1314 Fall Parkway, Murfreesboro, TN","8314 FALL PARKWAY, MURFREESBORO CITY, TN",valley united lake,valley united la,True,True,True,False,False,False,US|NP4|vall;US|TOK|valley;US|TOK|united;US|NP6|valley,Key pruned (Block size > 500),"All shared keys (['US|NP4|vall', 'US|TOK|valley', 'US|TOK|united', 'US|NP6|valley']) exceeded max_block_size"
S1-754023472,S3-176329043,source3,US,Tri-State Aldel LLC,Center Tri-State LLC,"340 Deerfield Cove, Somerville, TN","340 Deerfield Cv, Somerville, Tennessee",tri state aldel,center tri state,False,False,True,False,False,True,US|ADDR|340_deerfield;US|TOK|state,Truncated by max_candidates_per_query,"Shared key survived (['US|ADDR|340_deerfield']), but candidate rank exceeded top-200"
S1-960449899,S3-467985871,source3,India,Anand Exports Private Limited,આણંદ એક્સપોર્ટ્સ પ્રાઇવેટ લિમિટેડ,"201, Shanti Niketan Apartment Opp. Central Bank Of India, Navsari, Gujarat","20, Shanti Niketan Apartment Opp. Central Bank Of India, Navsari, GJ",anand exports,આણ દ એકસપ રટસ પર ઇવ ટ લ મ ટ ડ,False,False,False,False,False,False,,Indic script vs Latin name,Cand name is in Indic script; no shared address key generated
S1-372172873,S3-805702580,source3,US,Meridian Artificial LLC,Meridian LLC Center,"62 Double Springs Road, Fayetteville, AR","Double Springs Rd, Fayetteville, Arkansas",meridian artificial,meridian llc center,True,True,True,False,False,False,US|NP4|meri;US|NP6|meridi;US|TOK|meridian,Key pruned (Block size > 500),"All shared keys (['US|NP4|meri', 'US|NP6|meridi', 'US|TOK|meridian']) exceeded max_block_size"
S1-559249977,S2-885011702,source2,India,My Investment Private Limited,माय इन्वेस्टमेंट प्राइवेट लिमिटेड,"C/O Mayank Anilkumar Sing, Chinchani District Thane, Palghar, Thane, Maharashtra","C/O MAYANK ANILKUMAR SRNG, CHINCHANI DISTRICT THANE, PALGHAR, THANE, Maharashtra",my investment,म य इनव सटम ट पर इव ट ल म ट ड,False,False,False,False,False,False,,Indic script vs Latin name,Cand name is in Indic script; no shared address key generated
S1-825190489,S2-499996460,source2,India,Shree Estate,శ్రీ ఎస్టేట్,"Rangareddy, Telangana, 5-11-90, 301, Aryamitra Magnolia, Rd16 Alkapur Township, Neknantur, Puppalaguda, Hyderabad","5-11-90, HYDERABAD, RANGAREDDY, Telangana",shree estate,శర ఎసట ట,False,False,False,False,False,False,,Indic script vs Latin name,Cand name is in Indic script; no shared address key generated
S1-842248062,S3-833455432,source3,India,Sai It Private Limited,... Sai lt  Private Limited,"1/1, Wood Street, Kolkata, Howrah, West Bengal","Howrah, 1/1, WB, South Parganas",sai it,sai lt,False,False,False,False,False,True,India|PLOT|1/1,Truncated by max_candidates_per_query,"Shared key survived (['India|PLOT|1/1']), but candidate rank exceeded top-200"
S1-792681001,S3-826592553,source3,US,Desert Direct Bynordic,Desert Diagtc Bynordic,"480 Payne Ridge Road, WV, Gandeeville","482 Payne Ridge Road, Gandeeville, West Virginia",desert direct bynordic,desert diagtc bynordic,True,True,True,False,False,False,US|NP6|desert;US|NP4|dese;US|TOK|desert;US|TOK|bynordic,Truncated by max_candidates_per_query,"Shared key survived (['US|TOK|bynordic']), but candidate rank exceeded top-200"
S1-852775221,S2-630518358,source2,India,Universal Foundation Pvt Ltd,யுனிவர்சல் ஃபவுண்டேஷன் பிரைவேட் லிமிடெட்,"G1, Amirtha Varshini, 131, Old No.52, Kothanda Ramar Koil Street, West Mambala, M, Chennai, Tamil Nadu","GD/1, CHENNAI, Tamil Nadu",universal foundation,ய ன வரசல ஃபவ ணட ஷன ப ர வ ட ல ம ட ட,False,False,False,False,False,False,,Indic script vs Latin name,Cand name is in Indic script; no shared address key generated
S1-489000992,S2-739463935,source2,India,Gopal Clothing,6OPAL CLOTHING LLP,"Plot No C-109, Sector - 10, Noida, Gautam Buddha Nagar, Uttar Pradesh","PLOT NO C-10, SECTOR - 10, NOIDA, GAUTAM BUDDHA NAGAR, Uttar Pradesh",gopal clothing,6opal clothing,False,False,True,False,False,False,India|TOK|clothing,Truncated by max_candidates_per_query,"Shared key survived (['India|TOK|clothing']), but candidate rank exceeded top-200"
S1-131372291,S3-241122994,source3,India,Innovative Hospitality Private Limited,इनोवेटिव हॉस्पिटैलिटी प्राइवेट लिमिटेड,"Polar House, Behind Old Policestation, S V Road Malad West, Mumbai, Maharashtra","Polar House, Behind Old Policestation, S V Road Malad West, Mumbai, Mumbai Suburban, MH",innovative hospitality,इन व ट व ह सप ट ल ट पर इव ट ल म ट ड,False,False,False,False,False,False,,Indic script vs Latin name,Cand name is in Indic script; no shared address key generated
S1-203630413,S2-788795133,source2,India,Universal Big Trading Pvt Ltd,यूनिवर्सल बिग ट्रेडिंग प्रा. लि.,"300, Bharat Nagar, Pal Road, Jodhpur, Rajasthan","Rajasthan, BHARAT NAGAR, PAL ROAD, 00, JODHPUR",universal big trading,य न वरसल ब ग टर ड ग पर ल,False,False,False,False,False,False,,Indic script vs Latin name,Cand name is in Indic script; no shared address key generated
S1-57721335,S2-677001430,source2,US,Brown and Boone Sony,brownboonesony.com,"215 Mimosa Lane, Rocky Point, NC","NC, 215 MIMOSA LANE, ROCKY POINT CITY",brown and boone sony,brownboonesony,True,False,False,False,False,True,US|NP4|brow;US|ADDR|215_mimosa,Truncated by max_candidates_per_query,"Shared key survived (['US|ADDR|215_mimosa']), but candidate rank exceeded top-200"
S1-832050262,S2-856926544,source2,India,Shakti Agro Limited,ଶକ୍ତି ଆଗ୍ରୋ ଲିମିଟେଡ୍,"C/O Gurnav Singh Saluja, Beside Zudio, Kultapara, Sadar, Sambalpur, Orissa","C/O GURNAV SINGH SALUJA, SADAR, Odisha",shakti agro,ଶକତ ଆଗର ଲ ମ ଟ ଡ,False,False,False,False,False,False,,"Address similar, Name alias/mismatch","Address shares tokens {'singh', 'c/o', 'saluja', 'gurnav', 'sadar'}, but names share 0 tokens"
S1-521254993,S2-391342801,source2,India,Life Healthcare Private Limited,लाइफ हेल्थकेयर प्राइवेट लिमिटेड,"C/O Ketan Rajendra Mande, Dahiwad, Amalner, Amalner, Jalgaon, Maharashtra","JALGAON, AMALNER, Maharashtra, C/O KETAN RAJENDRA MANDE",life healthcare,ल इफ ह लथक यर पर इव ट ल म ट ड,False,False,False,False,False,False,,Indic script vs Latin name,Cand name is in Indic script; no shared address key generated
S1-66980183,S3-860318373,source3,India,Seven Builders Private Limited,Smt Seven Builders Private Límited (ID: 93201),"Haryana, Panchkula, Khatoni 14/14, Village Uperli Kundi, Sector 20, Panchkula, Khasra No 27","No 27, Divreportingcircle, Panchkula, HR",seven builders,smt seven builders pvt ltd id 93201,False,False,True,False,False,False,India|TOK|seven;India|TOK|builders,Key pruned (Block size > 500),"All shared keys (['India|TOK|seven', 'India|TOK|builders']) exceeded max_block_size"
S1-503320165,S2-987128638,source2,US,PUN Velos LLC,PUN LLC PARTNERS,"1822 40th Street, Rock Island, IL","1822 40RD ST, ROCK ISLAND, IL",pun velos,pun llc partners,False,False,False,False,False,False,,Prefix-3 match (Typo after 3 chars),Names share first 3 chars ('pun') but diverge at char 4
S1-958314896,S3-622467613,source3,India,Sai Software Private Limited,ಸಾಯಿ ಸಾಫ್ಟ್‌ವೇರ್ ಪ್ರೈವೇಟ್ ಲಿಮಿಟೆಡ್,"No. 71, Xv Cross, Malleshwarm, Bangalore-3., Bangalore, Karnataka","No 7-1, Bangalore-3., Bangalore, KA",sai software,ಸ ಯ ಸ ಫಟ ವ ರ ಪರ ವ ಟ ಲ ಮ ಟ ಡ,False,False,False,False,False,False,,Indic script vs Latin name,Cand name is in Indic script; no shared address key generated
S1-141303445,S2-773478876,source2,India,North Products,नॉर्थ प्रोडक्ट्स,"104 Lokmanya Tilak Nagar Poisar Gymkhana Marg, Borivali West Mumbai, Mumbai City, Maharashtra","H.NO 104 LOKMAYNA TILAK NAGAR POISAR GYMKHANA MARG, BORIVALI WEST MUMBAI, MUMBAI CITY, Maharashtra",north products,न रथ पर डकटस,False,False,False,False,False,False,,Indic script vs Latin name,Cand name is in Indic script; no shared address key generated
S1-159212979,S3-614636864,source3,US,Board of Labor,Board  Of Services,"NC, 3015 Ridgeville Road, Prospect Hill","3015 Ridgeville Rd, Prospect Hill, North Carolina",board of labor,board of services,True,True,True,False,False,True,US|NP6|boardo;US|TOK|board;US|NP4|boar;US|ADDR|3015_ridgeville,Truncated by max_candidates_per_query,"Shared key survived (['US|ADDR|3015_ridgeville']), but candidate rank exceeded top-200"
S1-394509887,S2-686931655,source2,US,Straight Edge Coffee!,Straight Ee Coffee!,"New Carlisle, IN, 7870 Emery Road","7881 EMERY RD, NEW CARLISLE, IN",straight edge coffee,straight ee coffee,True,True,True,False,False,False,US|NP6|straig;US|TOK|coffee;US|TOK|straight;US|NP4|stra,Key pruned (Block size > 500),"All shared keys (['US|NP6|straig', 'US|TOK|coffee', 'US|TOK|straight', 'US|NP4|stra']) exceeded max_block_size"
S1-111695581,S2-674583914,source2,India,Unique International Private Limited,ইউনিক ইন্টারন্যাশনাল প্রাইভেট লিমিটেড,"C/O Sri Dipak Mandal, Vill Raghabpur, Po Panpara, Dist Nadia, Nadia, West Bengal","C/O SRI DIPAK MANDAL, VILL RAGHABPUR, PO PANPARA, DIST NADIA, NADIA, West Bengal",unique international,ইউন ক ইনট রনয শন ল পর ইভ ট ল ম ট ড,False,False,False,False,False,False,,Indic script vs Latin name,Cand name is in Indic script; no shared address key generated
S1-615903919,S3-972283804,source3,US,Valley Society,Valley Society & Co,"4451 Telfair Boulevard, Unit 6208, Suitland, MD",,valley society,valley society and,True,True,True,False,False,False,US|NP4|vall;US|TOK|valley;US|TOK|society;US|NP6|valley,Key pruned (Block size > 500),"All shared keys (['US|NP4|vall', 'US|TOK|valley', 'US|TOK|society', 'US|NP6|valley']) exceeded max_block_size"
S1-663859385,S3-279730346,source3,US,GKE Solid,GKE,"2500 Avalon Place, Hyattsville, MD","2500 Avalon Place, Hyattsville, MD",gke solid,gke,False,False,False,False,False,True,US|ADDR|2500_avalon,Truncated by max_candidates_per_query,"Shared key survived (['US|ADDR|2500_avalon']), but candidate rank exceeded top-200"
S1-936157856,S2-302609562,source2,India,Best Hospitality Private Limited,ബെസ്റ്റ് ഹോസ്പിറ്റാലിറ്റി പ്രൈവറ്റ് ലിമിറ്റഡ്,"Tc 12/282, Plammoodu - Thekummoodu Road, Pattom P.O., Thiruvananthapuram, Trivandrum, Kerala","TC 12/282/2, TRIVANDRUM, Kerala",best hospitality,ബ സററ ഹ സപ ററ ല ററ പര വററ ല മ ററഡ,False,False,False,False,False,False,,Indic script vs Latin name,Cand name is in Indic script; no shared address key generated
S1-8068264,S2-989507234,source2,India,Tech Constructions Pvt Ltd,टेक कंस्ट्रक्शंस प्रा. लि.,"Ground Floor, 1 Village Sarai Khawaja, Faridabad, Haryana","H.NO 0238 GROUND FLOOR, 1 VILLAGE SARAI KHAWAJA, FARIDABAD, Haryana",tech constructions,ट क क सटरकश स पर ल,False,False,False,False,False,False,,Indic script vs Latin name,Cand name is in Indic script; no shared address key generated
S1-827122880,S3-233305147,source3,US,Office of Environmental Protection,Office óf Trading,"268 Military Ridge Drive, City Of Verona, WI",,office of environmental protection,office of trading,True,True,True,False,False,False,US|NP6|office;US|NP4|offi;US|TOK|office,Key pruned (Block size > 500),"All shared keys (['US|NP6|office', 'US|NP4|offi', 'US|TOK|office']) exceeded max_block_size"
S1-296476213,S3-84736614,source3,India,Mumbai Extruders Limited,Mumbai Exmtriders Limited,"Conference Room No.4, Taj Wellington Mews 33, Nathalal Parekh Marg, Mumbai, Mumbai City, Maharashtra","Conference Room No.4, Mumbai City, Mumbai, MH",mumbai extruders,mumbai exmtriders,True,True,True,False,False,False,India|NP4|mumb;India|TOK|mumbai;India|NP6|mumbai,Key pruned (Block size > 500),"All shared keys (['India|NP4|mumb', 'India|TOK|mumbai', 'India|NP6|mumbai']) exceeded max_block_size"
S1-453593204,S3-826131644,source3,US,American Choice Service LLC,choiceamericanservice.com,"216 Metropolitan Drive, NY, Rochester","1 Metropolitan Drive, Rochester, New York",american choice service,choiceamericanservice,False,False,False,False,False,False,,"Address similar, Name alias/mismatch","Address shares tokens {'metropolitan', 'ny', 'rochester'}, but names share 0 tokens"
S1-491783768,S3-915196696,source3,US,"Hall Desert Perimeter, LLC",Hall Desert LLC [Center],"7901 Cliff Side Drive, Sandy City, UT","790 Cliff Side Drive, Sandy CITY, Utah",hall desert perimeter,hall desert llc center,True,True,True,False,False,False,US|TOK|hall;US|NP6|hallde;US|NP4|hall;US|TOK|desert,Truncated by max_candidates_per_query,"Shared key survived (['US|NP6|hallde']), but candidate rank exceeded top-200"
S1-77028595,S2-316403767,source2,India,Shiv Energy Private Limited,शिव एनर्जी प्राइवेट लिमिटेड,"313/12/1, 2Nd Floor, Above Icici Bank Khun Khun Ji Road, Near Munnu Lal Dharmsh, Ala, Chowk, Lucknow, Uttar Pradesh","D/313/12/1, 2ND FLOOR, ABOVE ICICI BANK KHUN KHUN JI ROAD, NEAR MUNNU LAL DHARMSH, ALA, CHOWK, LUCKNOW  HQ REGION, LUCKNOW, उत्तर प्रदेश",shiv energy,श व एनरज पर इव ट ल म ट ड,False,False,False,False,False,False,,Indic script vs Latin name,Cand name is in Indic script; no shared address key generated
S1-773140953,S3-319996523,source3,India,Gujarat Technologies Private Limited,Technologies Gujarat Private Limited,"5Th Avenue, Orur Olcott Road Besant Nagar, Chennai, 35, Tamil Nadu","35, 5Th Avenue, Orur Olcott Road Besant Nagar, Chennai, TN",gujarat technologies,technologies gujarat,False,False,True,False,False,False,India|TOK|gujarat,Key pruned (Block size > 500),All shared keys (['India|TOK|gujarat']) exceeded max_block_size
S1-542479949,S2-813601941,source2,US,Frontier Array,NOVIBELO,"2671 Rowehl Drive, Hempstead, NY","2671- ROWEHL DR, EAST MEADOW, NY",frontier array,novibelo,False,False,False,False,False,False,,"Address similar, Name alias/mismatch","Address shares tokens {'ny', 'rowehl'}, but names share 0 tokens"
S1-386984673,S2-987599033,source2,US,Nguyen's Seafood,Nguyen's Sbledo,"1662 John Street, IN, Taylorsville",,nguyen s seafood,nguyen s sbledo,True,True,True,False,False,False,US|TOK|nguyen;US|NP6|nguyen;US|NP4|nguy,Key pruned (Block size > 500),"All shared keys (['US|TOK|nguyen', 'US|NP6|nguyen', 'US|NP4|nguy']) exceeded max_block_size"
S1-16579382,S3-555903294,source3,US,Select Markets Inc,Select Markdst Inc,"624 137th Street, Burien, WA","624 137th St, Burien, Washington",select markets,select markdst,True,True,True,False,False,True,US|NP6|select;US|TOK|select;US|NP4|sele;US|ADDR|624_137th,Truncated by max_candidates_per_query,"Shared key survived (['US|ADDR|624_137th']), but candidate rank exceeded top-200"
S1-335533861,S2-554719127,source2,US,Premier Realty Products Inc,Premier Realty Podmos Inc,"2367 Lackey Meadows Drive, Delaware, OH","2367-D LACKEY MEADOWS DR, DELAWARE, OH",premier realty products,premier realty podmos,True,True,True,False,False,False,US|NP6|premie;US|NP4|prem;US|TOK|realty;US|TOK|premier,Key pruned (Block size > 500),"All shared keys (['US|NP6|premie', 'US|NP4|prem', 'US|TOK|realty', 'US|TOK|premier']) exceeded max_block_size"
S1-904567149,S3-222351933,source3,India,TXO Automation Ltd,TXO Ltd Center,"203, Vardhman Plaza Vasundhara Enclave, Delhi, East Delhi, Delhi","203, Delhi, East Delhi, दिल्ली",txo automation,txo ltd center,False,False,False,False,False,False,,Prefix-3 match (Typo after 3 chars),Names share first 3 chars ('txo') but diverge at char 4
S1-638016430,S3-229554313,source3,US,Vision Group,Vision,"OH, Killbuck, 186 Grover Street","Ohio, 186D Grover St, Killbuck",vision group,vision,True,True,True,False,False,False,US|NP4|visi;US|TOK|vision;US|NP6|vision,Key pruned (Block size > 500),"All shared keys (['US|NP4|visi', 'US|TOK|vision', 'US|NP6|vision']) exceeded max_block_size"
S1-517896731,S3-364432248,source3,US,A/O Independence Inc,A/O Isnepeahence (Inc),"3000 Fulton Boulevard, Chicago, IL","3000 Fulton Blvd, Chicago, Illinois",a o independence,a o isnepeahence,False,False,False,False,False,True,US|ADDR|3000_fulton,Truncated by max_candidates_per_query,"Shared key survived (['US|ADDR|3000_fulton']), but candidate rank exceeded top-200"
S1-872354662,S3-64718385,source3,US,Ironworkers Local Union 710,Ironworkers Local,"179 7th Street, Unit 44, Dundee, OR","179B 7th Street, Unit 44, Dundee, Oregon",ironworkers local union 710,ironworkers local,True,True,True,False,False,False,US|NP6|ironwo;US|NP4|iron;US|TOK|local;US|TOK|ironworkers,Truncated by max_candidates_per_query,"Shared key survived (['US|NP6|ironwo', 'US|TOK|ironworkers']), but candidate rank exceeded top-200"
S1-472705054,S3-83481918,source3,India,Vision Industries Private Limited,ਵਿਜ਼ਨ ਇੰਡਸਟ੍ਰੀਜ਼ ਪ੍ਰਾਈਵੇਟ ਲਿਮਟਿਡ,"Fazilka Road, Village Ghubaya Teh. Jalalabad, Jalalabad, Firozpur, Punjab","Fazilka Road, Village Ghubaya Teh. Jalalabad, Jalalabad, Firozpur, PB",vision industries,ਵ ਜਨ ਇ ਡਸਟਰ ਜ ਪਰ ਈਵ ਟ ਲ ਮਟ ਡ,False,False,False,False,False,False,,Indic script vs Latin name,Cand name is in Indic script; no shared address key generated
S1-646695246,S3-39410856,source3,India,Shivam Modern Energy Private Limited,Shivam Mdofen Energy Private Limited,"Vill Gayra Po Eojnagar Ps Basirhat, Basirhat, Kolkata, Howrah, West Bengal","Vill Gayra Po Eojnagar Ps Basirhat, Kolkata, Howrah, পশ্চিমবঙ্গ",shivam modern energy,shivam mdofen energy,True,True,True,False,False,False,India|TOK|shivam;India|NP6|shivam;India|NP4|shiv;India|TOK|energy,Key pruned (Block size > 500),"All shared keys (['India|TOK|shivam', 'India|NP6|shivam', 'India|NP4|shiv', 'India|TOK|energy']) exceeded max_block_size"
S1-971401943,S3-133067760,source3,India,Galaxy Arihant Investment Private Limited,గెలాక్సీ అరిహంత్ ఇన్వెస్ట్‌మెంట్ ప్రైవేట్ లిమిటెడ్,"Gachibowli, Telangana, Sy No.55To58, 5Th Floor, The Park View Behind Preston Prime Mall Lumbini Avenue, Hyderabad, Rangareddy, Plot No 43","Plot No 43, Rangareddy, Gachibowli, TG",galaxy arihant investment,గ ల కస అర హ త ఇనవ సట మ ట పర వ ట ల మ ట డ,False,False,False,False,False,False,,Indic script vs Latin name,Cand name is in Indic script; no shared address key generated
S1-111695581,S3-813022395,source3,India,Unique International Private Limited,ইউনিক ইন্টারন্যাশনাল প্রাইভেট লিমিটেড,"C/O Sri Dipak Mandal, Vill Raghabpur, Po Panpara, Dist Nadia, Nadia, West Bengal","C/o Sri Dipak Mandal, Nadia, Nasra, WB",unique international,ইউন ক ইনট রনয শন ল পর ইভ ট ল ম ট ড,False,False,False,False,False,False,,Indic script vs Latin name,Cand name is in Indic script; no shared address key generated
S1-816099628,S3-395951554,source3,US,Medio European,@medioeuropean - 6455232733,"37 Carter Street, Unit 1, Leominster, MA","Massachusetts, # 1, Leominster, Carter Street",medio european,medioeuropean 6455232733,True,True,False,False,False,False,US|NP6|medioe;US|NP4|medi,Truncated by max_candidates_per_query,"Shared key survived (['US|NP6|medioe']), but candidate rank exceeded top-200"
S1-152222475,S2-449137844,source2,India,Ram Maa Logistics Private Limited,राम मां लॉजिस्टिक्स प्राइवेट लिमिटेड,"G-1, Floor-Grd, One Avighna Park, Mahadeo Palav Marg, Curry Road Parel, Mumbai, Maharashtra","G-1, CHURU, MUMBAI, Maharashtra",ram maa logistics,र म म ल ज सट कस पर इव ट ल म ट ड,False,False,False,False,False,False,,Indic script vs Latin name,Cand name is in Indic script; no shared address key generated
S1-41090804,S3-951554137,source3,US,Anchor Metro PLLC,Anchor  Metro,"17805 55th Street, Phoenix, AZ","1780 55st St, Phoenix, Arizona",anchor metro pllc,anchor metro,True,True,True,False,False,False,US|TOK|metro;US|NP4|anch;US|NP6|anchor;US|TOK|anchor,Key pruned (Block size > 500),"All shared keys (['US|TOK|metro', 'US|NP4|anch', 'US|NP6|anchor', 'US|TOK|anchor']) exceeded max_block_size"
S1-47773771,S3-514311755,source3,US,Primary Care Specialists Inc.,Belocalo,"141-08 71 Road, Flushing, NY","141-08b 71 Road, Flushign, New York",primary care specialists,belocalo,False,False,False,False,False,False,,"Address similar, Name alias/mismatch","Address shares tokens {'ny', '71'}, but names share 0 tokens"
S1-894328332,S3-280765622,source3,India,Seven High Exports Private Limited,सेवन हाई एक्सपोर्ट्स प्राइवेट लिमिटेड,"Plot No. 179, Sector 27-28, Hisar, Hissar, Haryana","Plot No. 178, Sector 27-28, Hisar, Hissar, HR",seven high exports,स वन ह ई एकसप रटस पर इव ट ल म ट ड,False,False,False,False,False,False,,Indic script vs Latin name,Cand name is in Indic script; no shared address key generated
S1-182981265,S2-244466111,source2,India,Real Consulting Private Limited,रियल कंसल्टिंग प्राइवेट लिमिटेड,"E-4, Dhawandeep, Jantar Mantar Road Delhi, Delhi, Central Delhi, Delhi","E-4, DELHI, CENTRAL DELHI, Delhi",real consulting,र यल क सलट ग पर इव ट ल म ट ड,False,False,False,False,False,False,,Indic script vs Latin name,Cand name is in Indic script; no shared address key generated
S1-958358002,S3-969092823,source3,India,Ace International Private Limited,Mr Ace International Private (Ltd),"C/O Devanti Gupta, 2116051, Dariyapur, Kadam Kuan, Sampatchak, Patna, Bihar","Plot 00432 C/o Deanti Gupta, 2116051, Dariyapur, Kadam Kuan, Patna, BR",ace international,mr ace international,False,False,False,False,False,False,,Token variation / Substring,Sub-token present in raw candidate name but missed in core name
S1-575212832,S3-90202042,source3,India,Sai Producer Private Limited,Sai Pdouecr Private Limited,"1-Ag-1-10/16, Flr-Grd, 1, Ganesh Murti Ngr. Captain Prakash Pethe Marg, Colaba, Back Bay Bus Depot, Mumbai, Mumbai City, Maharashtra","1-Ag-1-10/16/4, Mumbai, Mumbai City, MH",sai producer,sai pdouecr,True,False,False,False,False,False,India|NP4|saip,Truncated by max_candidates_per_query,"Shared key survived (['India|NP4|saip']), but candidate rank exceeded top-200"
S1-134760113,S2-611858894,source2,US,Pediatric Dentistry Health,PEDIATRIC HEALTH (CENTER),"323 Croydon Road, Kearny, AZ","CROYDON ROAD, KEARNY, AZ",pediatric dentistry health,pediatric health center,True,True,True,False,False,False,US|TOK|pediatric;US|NP4|pedi;US|NP6|pediat;US|TOK|health,Key pruned (Block size > 500),"All shared keys (['US|TOK|pediatric', 'US|NP4|pedi', 'US|NP6|pediat', 'US|TOK|health']) exceeded max_block_size"
S1-501516412,S2-616276392,source2,India,Shree Technologies Pvt. Ltd.,Shree Ltd. Pvt. Technologies,"127, Shiv Vatika, Lasudiya Mori, Indore, Madhya Pradesh",,shree technologies,shree ltd pvt technologies,True,False,True,False,False,False,India|TOK|shree;India|NP4|shre,Key pruned (Block size > 500),"All shared keys (['India|TOK|shree', 'India|NP4|shre']) exceeded max_block_size"
S1-297991452,S2-170871388,source2,India,Sky Infotech Limited,ஸ்கை இன்ஃபோடெக் லிமிடெட்,"3, First Street, Kurinji Nagar, Tambaram, Kanchipuram, Tamil Nadu","#265. 3, FIRST STREET, KURINJI NAGAR, KANCHIPURAM, TAMBARAM, தமிழ்நாடு",sky infotech,ஸக இனஃப ட க ல ம ட ட,False,False,False,False,False,False,,Indic script vs Latin name,Cand name is in Indic script; no shared address key generated
S1-900831254,S3-410710723,source3,US,Foot & Ankle Care Associates PC,Foot & Ankle Care Associates,"3 Farrel Drive, Ansonia, CT","3-7 Farrel Dr, Ansonia, Connecticut",foot and ankle care associates pc,foot and ankle care associates,True,True,True,True,False,False,US|TOK|care;US|TOK|ankle;US|NP4|foot;US|NP6|footan;US|NSORT|and_ankle_care_foot;US|TOK|foot,Truncated by max_candidates_per_query,"Shared key survived (['US|NSORT|and_ankle_care_foot']), but candidate rank exceeded top-200"
S1-302588323,S3-674920447,source3,US,Keystone Nutrition Group,Keystone-Nutrition Group (ID: 85023),"3742 Pete Dye Boulevard, Westfield, IN","Carmel, Indiana, 3742-3746 Pete Dye Boulevard",keystone nutrition group,keystone nutrition group id 85023,True,True,True,False,False,False,US|TOK|nutrition;US|NP6|keysto;US|NP4|keys;US|TOK|keystone,Key pruned (Block size > 500),"All shared keys (['US|TOK|nutrition', 'US|NP6|keysto', 'US|NP4|keys', 'US|TOK|keystone']) exceeded max_block_size"
S1-944869323,S3-334869431,source3,India,First Industries Pvt Ltd,ફર્સ્ટ ઇન્ડસ્ટ્રીઝ પ્રા. લિ.,"B No.7, Gulmahor Greens, Ls No. 683/684 Paikee, Ahmedabad, Gujarat","B No.7, Ahmadabad, Ahmedabad, GJ",first industries,ફરસટ ઇનડસટર ઝ પર લ,False,False,False,False,False,False,,Indic script vs Latin name,Cand name is in Indic script; no shared address key generated
S1-339253042,S3-962470310,source3,India,Delhi Chits Private Limited,Aviecto,"4677, Basement Gali No 49, Reghar Pura, Karol Bagh, Vishnu Mandir, Delhi, Central Delhi, Delhi","4677/3, Basement Gali No 49, Reghar Pura, Karol Bagh, Vishnu Mandir, Central Delhi, Delhi, DL",delhi chits,aviecto,False,False,False,False,False,False,,"Address similar, Name alias/mismatch","Address shares tokens {'pura', 'mandir', 'gali', 'vishnu', 'bagh', 'dl', 'karol', 'reghar', 'basement', '49', 'central'}, but names share 0 tokens"
S1-952564053,S2-181023344,source2,India,Sree Media Private Limited,ಶ್ರೀ ಮೀಡಿಯಾ ಪ್ರೈವೇಟ್ ಲಿಮಿಟೆಡ್,"Near Bustand, Opp Bannur Petrol Bunk, Badami, Bagalkot, Karnataka","NO 105 NEAR BUSTAND, BADAMI, BAGALKOT, ಕರ್ನಾಟಕ",sree media,ಶರ ಮ ಡ ಯ ಪರ ವ ಟ ಲ ಮ ಟ ಡ,False,False,False,False,False,False,,Indic script vs Latin name,Cand name is in Indic script; no shared address key generated
S1-593181220,S3-685394269,source3,India,Vision Technology Private Limited,विजन टेक्नोलॉजी प्राइवेट लिमिटेड,"C/O Preeti Sumant Karanje, A-Juve P-Dalepal-Rajapur, Dist- Ratnagiri, Juve, Ratnagiri, Maharashtra","C/o Preeti Sumant Karanje, Ratnagiri, MH",vision technology,व जन ट कन ल ज पर इव ट ल म ट ड,False,False,False,False,False,False,,Indic script vs Latin name,Cand name is in Indic script; no shared address key generated
S1-770588946,S2-537566302,source2,US,Harbor Medical Center,Harbor Meddncl Meddncl Center,"West Valley City, UT, 4293 3720","UT, WEST VALLEY CITY, 3720",harbor medical center,harbor meddncl meddncl center,True,True,True,False,False,False,US|NP4|harb;US|TOK|harbor;US|NP6|harbor,Key pruned (Block size > 500),"All shared keys (['US|NP4|harb', 'US|TOK|harbor', 'US|NP6|harbor']) exceeded max_block_size"
S1-523391648,S3-271459764,source3,US,Delta Center,Delta Services,"1519 Woody Road, Pearland, TX","1519-1521 Woody Rd, Pearland, Texas",delta center,delta services,True,False,True,False,False,False,US|TOK|delta;US|NP4|delt,Key pruned (Block size > 500),"All shared keys (['US|TOK|delta', 'US|NP4|delt']) exceeded max_block_size"
S1-862882702,S2-527775130,source2,India,Shakti Trading Limited,शक्ति ट्रेडिंग लिमिटेड,"35, Defence Enclave, 3Rd Floor, New Delhi, Delhi","NEW DELHI, 35, NEW DELHI, Delhi",shakti trading,शकत टर ड ग ल म ट ड,False,False,False,False,False,False,,Indic script vs Latin name,Cand name is in Indic script; no shared address key generated
S1-277568549,S2-636577186,source2,US,Womens Health Center,Womens Center  Service,"8017 Dominion Park Drive, Hanover County, VA","8017-8021 DOMINION PARK DR, HANOVER COUNTY, VA",womens health center,womens center service,True,True,True,False,False,False,US|TOK|womens;US|NP4|wome;US|NP6|womens,Key pruned (Block size > 500),"All shared keys (['US|TOK|womens', 'US|NP4|wome', 'US|NP6|womens']) exceeded max_block_size"
S1-880481915,S3-35517149,source3,US,Keystone Staked LLC,Keystone Stáked LLC #44016,"510 Central Boulevard, New Hyde Park, NY","New York, New Hyde Park, 10 Central Blvd",keystone staked,keystone staked llc 44016,True,True,True,False,False,False,US|NP6|keysto;US|TOK|staked;US|NP4|keys;US|TOK|keystone,Truncated by max_candidates_per_query,"Shared key survived (['US|TOK|staked']), but candidate rank exceeded top-200"
S1-235270051,S2-536687736,source2,US,Goree Interests,6oree Intress,"163 4th Street, Laramie, WY","FOURTH ST, LARAMIE, WY",goree interests,6oree intress,False,False,False,False,False,False,,"Address similar, Name alias/mismatch","Address shares tokens {'wy', 'laramie'}, but names share 0 tokens"
S1-569409474,S2-903005954,source2,US,Q L Weber Axiom,Q  L,"1 Longfellow Place, Unit 616, Boston, MA","MA, BOSTON, 1 LONGFELLOW PL",q l weber axiom,q l,False,False,False,False,False,True,US|ADDR|1_longfellow,Truncated by max_candidates_per_query,"Shared key survived (['US|ADDR|1_longfellow']), but candidate rank exceeded top-200"
S1-585590153,S3-970413075,source3,US,"Hawkins, Brunson and Loza, LLC",brunsonloza.com,"326 Carlsbad Street, Owasso, OK","326 Carlsbad St, Owasso, Oklahoma",hawkins brunson and loza,brunsonloza,False,False,False,False,False,True,US|ADDR|326_carlsbad,Truncated by max_candidates_per_query,"Shared key survived (['US|ADDR|326_carlsbad']), but candidate rank exceeded top-200"
S1-377079529,S2-199387852,source2,India,Lotus Power Private Limited,लोटस पावर प्राइवेट लिमिटेड,"Maharashtra, Mumbai, Sej Plaza, Marve Road, Malad West, Near Nutan Vidya Mandir School, Mumbai, Maharashtra, India, Malad West, 1St Floor 25","1ST- FLOOR 25, SEJ PLAZA, MARVE ROAD, MALAD WEST, NEAR NUTAN VIDYA MANDIR SCHOOL, MUMBAI, MAHARASHTRA, INDIA, MALAD WEST, MUMBAI, Maharashtra",lotus power,ल टस प वर पर इव ट ल म ट ड,False,False,False,False,False,False,,Indic script vs Latin name,Cand name is in Indic script; no shared address key generated
S1-15875172,S3-131346796,source3,US,"Miller, Yang and Dominguez Inc",#milleryang,"5651 1050, New Ross, IN","Indiana, 5651 1050, New Ross",miller yang and dominguez,milleryang,True,True,False,False,False,True,US|NP6|miller;US|ADDR|5651_1050;US|NP4|mill,Truncated by max_candidates_per_query,"Shared key survived (['US|ADDR|5651_1050']), but candidate rank exceeded top-200"
S1-378748289,S3-347864654,source3,India,New Impex Private Limited,நியூ இம்பெக்ஸ் பிரைவேட் லிமிடெட்,"Vrb Agencies House, 891-C, First Floor, Vardhman Complex, Raja Street, Coimbatore, Tamil Nadu","Vrb Agencies House, Raja Street, தமிழ்நாடு",new impex,ந ய இமப கஸ ப ர வ ட ல ம ட ட,False,False,False,False,False,False,,Indic script vs Latin name,Cand name is in Indic script; no shared address key generated
S1-589715405,S3-337994223,source3,India,Saha Consultancy Partners,Consultancypartners.Com,"C/O Bechan Ram Vill.-Faripan, Block-Myorpur, Sonbhadra, Uttar Pradesh","C/o Bechan Ram Vill.-faripan, Sonbhadra, उत्तर प्रदेश",saha consultancy partners,consultancypartners,False,False,False,False,False,False,,"Address similar, Name alias/mismatch","Address shares tokens {'ram', 'c/o', 'sonbhadra', '-faripan', 'vill', 'bechan'}, but names share 0 tokens"
S1-481561290,S2-600007111,source2,India,Life Consultants Pvt Ltd,લાઇફ કન્સલ્ટન્ટ્સ પ્રા. લિ.,"Plot No 201/15 Gidc Panoli, Panoli, Anklesvar, Bharuch, Gujarat","ANKLESVAR, NO C-201/15 GIDC PANOLI, ગુજરાત, BHARUCH",life consultants,લ ઇફ કનસલટનટસ પર લ,False,False,False,False,False,False,,Indic script vs Latin name,Cand name is in Indic script; no shared address key generated
S1-635244275,S3-430581644,source3,US,Quality Software Collective Inc.,Quality Sboftcte Collective Inc.,"6640 Thamesmead Lane, Mint Hill, NC",,quality software collective,quality sboftcte collective,True,True,True,False,False,False,US|TOK|collective;US|NP4|qual;US|TOK|quality;US|NP6|qualit,Key pruned (Block size > 500),"All shared keys (['US|TOK|collective', 'US|NP4|qual', 'US|TOK|quality', 'US|NP6|qualit']) exceeded max_block_size"
S1-848642666,S2-785204544,source2,India,International Balaji Sales LLP,International Baei Sales LLP,"Office No. 69, 1St Floor, Prabhat Center Premise Co-Op Society Ltd, Plot Number 7, Sector Number 1A, Cbd Belapur, Thane, Maharashtra","706 OFFICE NO. 69, 1ST FLOOR, PRABHAT CENTER PREMISE CO-OP SOCIETY LTD, PLOT NUMBER 7, SECTOR NUMBER 1A, CBD BELAPUR, THANE, Maharashtra",international balaji sales,international baei sales,True,True,True,False,False,False,India|TOK|sales;India|NP6|intern;India|NP4|inte,Key pruned (Block size > 500),"All shared keys (['India|TOK|sales', 'India|NP6|intern', 'India|NP4|inte']) exceeded max_block_size"
S1-612712472,S2-95911733,source2,India,Maa Industries Private Limited,മാ ഇൻഡസ്ട്രീസ് പ്രൈവറ്റ് ലിമിറ്റഡ്,"Palackal Court M.G.Road, Ernakulam, Kerala","#539- PALACKAL COURT M.G.ROAD, ERNAKULAM, KOCHI, കേരളം",maa industries,മ ഇൻഡസടര സ പര വററ ല മ ററഡ,False,False,False,False,False,False,,Indic script vs Latin name,Cand name is in Indic script; no shared address key generated
S1-405285630,S3-555717659,source3,US,Piedmont Sumitomo L.L.C.,Piedmont L.L.C. Center,"6230 Eastside Road, Deer Lodge, MT","##6230 Eastside Road, Deer Lodge, Montana",piedmont sumitomo,piedmont llc center,True,True,True,False,False,True,US|ADDR|6230_eastside;US|NP4|pied;US|NP6|piedmo;US|TOK|piedmont,Truncated by max_candidates_per_query,"Shared key survived (['US|ADDR|6230_eastside']), but candidate rank exceeded top-200"
S1-254055664,S3-195304763,source3,US,Womens Health Specialists,Womens Health,"418 7th Street, Safford, AZ","418 7rd Street, Safford, Arizona",womens health specialists,womens health,True,True,True,False,False,False,US|TOK|womens;US|NP4|wome;US|TOK|health;US|NP6|womens,Key pruned (Block size > 500),"All shared keys (['US|TOK|womens', 'US|NP4|wome', 'US|TOK|health', 'US|NP6|womens']) exceeded max_block_size"
S1-495293139,S3-859709400,source3,India,Enterprises Jgs Waste Private Limited,Enterprises Jgs Private Limited Services,"426, Brahmapur, R K Pally (Ramkrishna Pally) Gr Floor, Kolkata, Kolkata, Howrah, West Bengal","Howrah, Brahmapur, R K Pally (Ramkrishna Pally) Gr Floor, Kolkata, Kolkata, WB, H.no D/148 426",enterprises jgs waste,enterprises jgs pvt ltd services,True,True,False,False,False,False,India|NP6|enterp;India|NP4|ente,Key pruned (Block size > 500),"All shared keys (['India|NP6|enterp', 'India|NP4|ente']) exceeded max_block_size"
S1-443686677,S2-308426330,source2,US,Pacific Project,PACIFIC CENTER Trading,"105 High Street, Unit 5, Fall River, MA",,pacific project,pacific center trading,True,True,True,False,False,False,US|NP6|pacifi;US|NP4|paci;US|TOK|pacific,Key pruned (Block size > 500),"All shared keys (['US|NP6|pacifi', 'US|NP4|paci', 'US|TOK|pacific']) exceeded max_block_size"
S1-781324018,S2-667191157,source2,India,Global Solutions Private Limited,ಗ್ಲೋಬಲ್ ಸೊಲ್ಯೂಷನ್ಸ್ ಪ್ರೈವೇಟ್ ಲಿಮಿಟೆಡ್,"#45, 46, 47, Bylakonenahalli Kachohalli Industrial Area, Dasanapura H, Obli, Bangalore, Karnataka","NO 45., BENGALURU, BANGALORE, ಕರ್ನಾಟಕ",global solutions,ಗಲ ಬಲ ಸ ಲಯ ಷನಸ ಪರ ವ ಟ ಲ ಮ ಟ ಡ,False,False,False,False,False,False,,Indic script vs Latin name,Cand name is in Indic script; no shared address key generated
S1-377079529,S2-384349912,source2,India,Lotus Power Private Limited,लोटस पावर प्राइवेट लिमिटेड,"Maharashtra, Mumbai, Sej Plaza, Marve Road, Malad West, Near Nutan Vidya Mandir School, Mumbai, Maharashtra, India, Malad West, 1St Floor 25","MALAD WEST, SEJ PLAZA, MARVE ROAD, MALAD WEST, NEAR NUTAN VIDYA MANDIR SCHOOL, MUMBAI, MAHARASHTRA, INDIA, Maharashtra, MUMBAI, 1ST- FLOOR 25",lotus power,ल टस प वर पर इव ट ल म ट ड,False,False,False,False,False,False,,Indic script vs Latin name,Cand name is in Indic script; no shared address key generated
S1-64313862,S3-417944728,source3,US,"Northern Global Solution, LLC",northernglobalsolution.com - 8203408502,"2401 River Hills Lane, Bolingbrook, IL","2401 River Hils Ln, Bolingbrook, Illinois",northern global solution,northernglobalsolution com 8203408502,True,True,False,False,False,True,US|NP4|nort;US|ADDR|2401_river;US|NP6|northe,Truncated by max_candidates_per_query,"Shared key survived (['US|ADDR|2401_river']), but candidate rank exceeded top-200"
S1-719506631,S3-345028717,source3,India,Balaji Business Pvt Ltd,Balaji Pvt Ltd  Service,"7, Prabhu Mansion, Apt G2 3Rd Cross, Ist Main, Basaveshwar Nagar, Bengaluru, Bangalore, Karnataka","7, Bengaluru, Bangalore, KA",balaji business,balaji pvt ltd service,True,True,True,False,False,False,India|NP4|bala;India|TOK|balaji;India|NP6|balaji,Key pruned (Block size > 500),"All shared keys (['India|NP4|bala', 'India|TOK|balaji', 'India|NP6|balaji']) exceeded max_block_size"
S1-196935438,S3-79337982,source3,US,Ironclad,Verairi One,"7460 300, Greensburg, IN","Greensburg, IN, 7460 300",ironclad,verairi one,False,False,False,False,False,True,US|ADDR|7460_300,Truncated by max_candidates_per_query,"Shared key survived (['US|ADDR|7460_300']), but candidate rank exceeded top-200"
S1-565665689,S3-127115796,source3,India,Classic Global Private Limited,क्लासिक ग्लोबल प्राइवेट लिमिटेड,"Sector 19, Pocket-2, Delhi, New Delhi, Flat No..344 Greenview Apartments, South West Delhi","Flat No..34 Greenview Apartments, West Delhi, दिल्ली",classic global,कल स क गल बल पर इव ट ल म ट ड,False,False,False,False,False,False,,Indic script vs Latin name,Cand name is in Indic script; no shared address key generated
S1-55880119,S3-604001263,source3,US,Chiropractic Heritage Care Associates,Chiropractic Associates Care Heritage #37858,"137 Stockton Street, Fall River, MA, Unit 1-E","Massachusetts, # 1-E, 137C Stockton St, Fall River",chiropractic heritage care associates,chiropractic associates care heritage 37858,True,True,True,False,False,False,US|NP6|chirop;US|TOK|heritage;US|TOK|chiropractic;US|TOK|care;US|NP4|chir,Key pruned (Block size > 500),"All shared keys (['US|NP6|chirop', 'US|TOK|heritage', 'US|TOK|chiropractic', 'US|TOK|care', 'US|NP4|chir']) exceeded max_block_size"
S1-302588323,S2-211136636,source2,US,Keystone Nutrition Group,Belobrixmira,"3742 Pete Dye Boulevard, Westfield, IN","PETE DYE BOULEVARD, WESTFIELD, IN",keystone nutrition group,belobrixmira,False,False,False,False,False,False,,"Address similar, Name alias/mismatch","Address shares tokens {'westfield', 'dye', 'pete', 'blvd'}, but names share 0 tokens"
S1-60019158,S3-283737882,source3,US,Laborers Local 341,Evoveraevo F/K/A Laborers Local 341,"5260 Kennedy Road, Clover, SC","5260 Kennedy Road, Clover, SC",laborers local 341,evoveraevo f k a laborers local 341,False,False,True,False,False,True,US|TOK|laborers;US|TOK|local;US|ADDR|5260_kennedy,Truncated by max_candidates_per_query,"Shared key survived (['US|TOK|laborers', 'US|ADDR|5260_kennedy']), but candidate rank exceeded top-200"
S1-131372291,S2-780749101,source2,India,Innovative Hospitality Private Limited,इनोवेटिव हॉस्पिटैलिटी प्राइवेट लिमिटेड,"Polar House, Behind Old Policestation, S V Road Malad West, Mumbai, Maharashtra","POLAR HOUSE, BEHIND OLD POLICESTATION, S V ROAD MALAD WEST, MUMBAI, महाराष्ट्र",innovative hospitality,इन व ट व ह सप ट ल ट पर इव ट ल म ट ड,False,False,False,False,False,False,,Indic script vs Latin name,Cand name is in Indic script; no shared address key generated
S1-69554239,S2-760742667,source2,India,Technologies Marigold Solutions Pvt. Ltd.,-- Technologies Maormigold Solutions Pvt.  Ltd.,"Room No.6, Ii Floor, Jk Centre, 50-81-25 50-81-25, Seethammapeta, Visakhaptnam, Andhra Pradesh","ROOM NO.6, SEETHAMMAPETA, VISAKHAPTNAM, Andhra Pradesh",technologies marigold solutions,technologies maormigold solutions,True,True,False,False,False,False,India|NP6|techno;India|NP4|tech,Key pruned (Block size > 500),"All shared keys (['India|NP6|techno', 'India|NP4|tech']) exceeded max_block_size"
S1-366921483,S3-454215634,source3,US,Select Semiconductor Union PLLC,Select Semiconductor Union P.L.L.C.,"182 Lincoln Street, Unit Apartment 4, Saco, ME","Lincoln Saint, # Apartment 4, Saco, Maine",select semiconductor union pllc,select semiconductor union p,True,True,True,False,False,False,US|TOK|semiconductor;US|TOK|union;US|TOK|select;US|NP4|sele;US|NP6|select,Key pruned (Block size > 500),"All shared keys (['US|TOK|semiconductor', 'US|TOK|union', 'US|TOK|select', 'US|NP4|sele', 'US|NP6|select']) exceeded max_block_size"
S1-831090227,S2-297054511,source2,India,Urban International Private Limited,அர்பன் இன்டர்நேஷனல் பிரைவேட் லிமிடெட்,"No 63/A Nethaji Road Pudur Ilaiyangudi Taluk Sivagangai Sivaganga Tn In, Sivaganga, Tamil Nadu","1 NETHAJI ROAD PUDUR ILAIYANGUDI TALUK SIVAGANGAI SIVAGANGA TN IN, SOUTHERN REGION MADURAI, SIVAGANGA, Tamil Nadu",urban international,அரபன இனடரந ஷனல ப ர வ ட ல ம ட ட,False,False,False,False,False,False,,Indic script vs Latin name,Cand name is in Indic script; no shared address key generated
S1-409817554,S2-606160947,source2,India,Super Producer Pvt Ltd,సూపర్ ప్రొడ్యూసర్ ప్రైవేట్ లిమిటెడ్,"Flat No.401, New Life Building, Opp: T.B .Hospital Sanjeeva Reddy Nagar, Hyderabad, Telangana","NO D/401, NEW LIFE BUILDING, OPP: T.B .HOSPITAL SANJEEVA REDDY NAGAR, HYDERABAD CITY REGION, HYDERABAD, Telangana",super producer,స పర పర డయ సర పర వ ట ల మ ట డ,False,False,False,False,False,False,,Indic script vs Latin name,Cand name is in Indic script; no shared address key generated
S1-760850538,S2-82868449,source2,US,Unified Logistics Union Co,Unified Logistics Unon Co,"658 Boulevard, Dover, OH","BOULEVARD, DOVER, OH",unified logistics union,unified logistics unon,True,True,True,False,False,False,US|TOK|unified;US|NP4|unif;US|NP6|unifie,Key pruned (Block size > 500),"All shared keys (['US|TOK|unified', 'US|NP4|unif', 'US|NP6|unifie']) exceeded max_block_size"
S1-865509540,S3-839768578,source3,US,Murray & Lunsford Systems Inc,Zetavantage formerly known as Murray & Lunsford Systems Inc,"NY, Brookhaven, 24 Saint George Drive","24 Saint George Drive, Brookhaven, NY",murray and lunsford systems,known as murray and lunsford systems,False,False,True,False,False,True,US|TOK|murray;US|ADDR|24_george;US|TOK|lunsford,Truncated by max_candidates_per_query,"Shared key survived (['US|TOK|murray', 'US|ADDR|24_george', 'US|TOK|lunsford']), but candidate rank exceeded top-200"
S1-526485332,S2-230606353,source2,India,Star Ventures Limited,స్టార్ వెంచర్స్ లిమిటెడ్,"135, Prestige Royal Woods, Kismatpur, Rajendranagar, Hyderabad, Telangana","RAJENDRANAGAR, తెలంగాణ, 135",star ventures,సట ర వ చరస ల మ ట డ,False,False,False,False,False,False,,Indic script vs Latin name,Cand name is in Indic script; no shared address key generated
S1-852030997,S2-359549629,source2,US,Highland Project Clinic,Highland  Project,"NY, 5487 Stone Road, Lockport",,highland project clinic,highland project,True,True,True,False,False,False,US|TOK|project;US|TOK|highland;US|NP4|high;US|NP6|highla,Key pruned (Block size > 500),"All shared keys (['US|TOK|project', 'US|TOK|highland', 'US|NP4|high', 'US|NP6|highla']) exceeded max_block_size"
S1-292935703,S3-942647343,source3,US,Cozy Grill,Cozy Gle,"617 Fourth Street, Watseka, IL","617 4th Street, Watseka, Illinois",cozy grill,cozy gle,True,False,True,False,False,False,US|TOK|cozy;US|NP4|cozy,Key pruned (Block size > 500),"All shared keys (['US|TOK|cozy', 'US|NP4|cozy']) exceeded max_block_size"
S1-966140752,S3-693841226,source3,India,Jai Projects Limited,Veoquolum f/k/a Jai Projects Limited,"1St Floor Rajeev Nagar, 29Th Ward, Bellary, Hospet, D No. 1031, Karnataka","D No. 1031, 1St Floor Rajeev Nagar, 29Th Ward, Hospet, Bellary, Karnataka",jai projects,veoquolum f k a jai projects,False,False,True,False,False,False,India|TOK|projects,Key pruned (Block size > 500),All shared keys (['India|TOK|projects']) exceeded max_block_size
S1-115205290,S2-963259344,source2,India,Hill & Co Corp,Shri Hcill + Co (Corp),"Mig Flats No-156, Top Floor, Sector-17 Phase-Ii, Pkt-A, Dwarka, New Delhi, Delhi","MIG FLATS NO-156, DWARKA, NEW DELHI, Delhi",hill and,shri hcill,False,False,False,False,False,True,India|UNIT|no156,Truncated by max_candidates_per_query,"Shared key survived (['India|UNIT|no156']), but candidate rank exceeded top-200"
S1-894049089,S2-972003483,source2,India,Swastik Marketing,स्वस्तिक मार्केटिंग,"1301, 13Th Floor, Peninsula Business Park, Tower B, Senapatibapat Marg, Lower Parel, (West), Mumbai, Mumbai City, Maharashtra","1301/8, 13TH FLOOR, PENINSULA BUSINESS PARK, TOWER B, SENAPATIBAPAT MARG, LOWER PAREL, (WEST), NALA SOPARA DIST THANE, MUMBAI CITY, महाराष्ट्र",swastik marketing,सवसत क म रक ट ग,False,False,False,False,False,False,,Indic script vs Latin name,Cand name is in Indic script; no shared address key generated
S1-297991452,S2-94455164,source2,India,Sky Infotech Limited,ஸ்கை இன்ஃபோடெக் லிமிடெட்,"3, First Street, Kurinji Nagar, Tambaram, Kanchipuram, Tamil Nadu","NO. 265. 3, TAMBARAM, KANCHIPURAM, Tamil Nadu",sky infotech,ஸக இனஃப ட க ல ம ட ட,False,False,False,False,False,False,,Indic script vs Latin name,Cand name is in Indic script; no shared address key generated
S1-523975207,S2-417175434,source2,US,VL Sprott,VL-Ssriomt,"AL, Unit 3rd Phone, Dora, 125 Mountain View Lane","125 MOUNTAIN VIEW LANE, DORA, AL",vl sprott,vl ssriomt,False,False,False,False,False,False,,Prefix-3 match (Typo after 3 chars),Names share first 3 chars ('vls') but diverge at char 4
S1-378748289,S3-603856090,source3,India,New Impex Private Limited,நியூ இம்பெக்ஸ் பிரைவேட் லிமிடெட்,"Vrb Agencies House, 891-C, First Floor, Vardhman Complex, Raja Street, Coimbatore, Tamil Nadu","Vrb Agencis House, Coimbatore, TN",new impex,ந ய இமப கஸ ப ர வ ட ல ம ட ட,False,False,False,False,False,False,,Indic script vs Latin name,Cand name is in Indic script; no shared address key generated
S1-744710348,S3-626536979,source3,India,United Consulting Private Limited,United Consnulsgog Private  Limited,"C 411 E, 1St Floor, Sushant Lok, Phase-1, Dlf Qe, Gurgaon, Haryana","C 411/4 E, Dlf Qe, Gurgaon, HR",united consulting,united consnulsgog,True,True,True,False,False,False,India|NP4|unit;India|TOK|united;India|NP6|united,Key pruned (Block size > 500),"All shared keys (['India|NP4|unit', 'India|TOK|united', 'India|NP6|united']) exceeded max_block_size"
S1-788339543,S2-222052419,source2,India,Lakshmi Estate Limited,लक्ष्मी एस्टेट लिमिटेड,"Plot No. 5628, The Orchid Crescent Dlf Phase - 4, Gurgaon, Haryana","#628, THE ORCHID CRESCENT DLF PHASE - 4, GURGAON, GURUGRAM, Haryana",lakshmi estate,लकषम एसट ट ल म ट ड,False,False,False,False,False,False,,Indic script vs Latin name,Cand name is in Indic script; no shared address key generated
S1-635744935,S2-217310911,source2,US,Best Premier Preferred Inc,Inc Best Pnieemr Preferred,"3719 Bay Drive, Unit APARTMENT 1, Middle River, MD","371 BAY DR, MIDDLE RIVER, MD",best premier preferred,best pnieemr preferred,True,False,True,False,False,False,US|TOK|best;US|TOK|preferred;US|NP4|best,Key pruned (Block size > 500),"All shared keys (['US|TOK|best', 'US|TOK|preferred', 'US|NP4|best']) exceeded max_block_size"
S1-463257976,S3-896493681,source3,India,Shiv City Consultants Pvt Ltd,શિવ સિટી કન્સલ્ટન્ટ્સ પ્રા. લિ.,"At.Po.Tankaria, Ta Di. Bharuch, Bharuch, Gujarat","Plot 119 At.po.tankaria, Ta Di. Bharuch, Bharuch, GJ",shiv city consultants,શ વ સ ટ કનસલટનટસ પર લ,False,False,False,False,False,False,,Indic script vs Latin name,Cand name is in Indic script; no shared address key generated
S1-36574948,S2-205881758,source2,India,Harinarayan & Co,Dr Harinbrayaan & Co,"Khadi & Village Industries Commission, Dr. B.R. Ambedkar Irtm, Trimbak, Nasik, Nashik, Maharashtra","KHADI & VILLAGE INDUSTRIES COMMISSION, DR. B.R. AMBEDKAR IRTM, TRIMBAK, NASIK, NASHIK, Maharashtra",harinarayan and,dr harinbrayaan and,False,False,False,False,False,False,,Severe name & address variation,Both name and address have extensive structural differences
S1-479770995,S2-758112627,source2,US,Internal Medicine Clinic,Internal Medicine,"2878 Aurora Drive, Fl 1, Hillsboro, OR","AURORA DRIVE, HILLSBORO, OR",internal medicine clinic,internal medicine,True,True,True,False,False,False,US|TOK|medicine;US|NP6|intern;US|TOK|internal;US|NP4|inte,Key pruned (Block size > 500),"All shared keys (['US|TOK|medicine', 'US|NP6|intern', 'US|TOK|internal', 'US|NP4|inte']) exceeded max_block_size"
S1-22787740,S2-919846730,source2,India,Shiv Consultancy Limited,शिव कंसल्टेंसी लिमिटेड,"S. No. 116/4, Wallstreet, 3Rd Floor, Office No. 308, Pune City, Pune, Maharashtra","S. NO. 16/4, WALLSTREET, 3RD FLOOR, OFFICE NO. 308, PUNE CITY, PUNE, Maharashtra",shiv consultancy,श व क सलट स ल म ट ड,False,False,False,False,False,False,,Indic script vs Latin name,Cand name is in Indic script; no shared address key generated
S1-458432225,S2-96985972,source2,US,Cornerstone Advanced Tavia Inc.,Cornerstone Advanced Inc. Partners,"1415 3rd Street, Lanham, MD","1415 THIRD ST, LANHAM, MD",cornerstone advanced tavia,cornerstone advanced inc partners,True,True,True,False,False,False,US|NP4|corn;US|NP6|corner;US|TOK|advanced;US|TOK|cornerstone,Key pruned (Block size > 500),"All shared keys (['US|NP4|corn', 'US|NP6|corner', 'US|TOK|advanced', 'US|TOK|cornerstone']) exceeded max_block_size"
S1-899650223,S2-888740161,source2,India,Aditya Consultancy Limited,आदित्य कंसल्टेंसी लिमिटेड,"Abhay Steel House, Baroda Street, Mumbai, Masjid Bunder (East), Office No. 504, Maharashtra","OFFICE NO. 504, ABHAY STEEL HOUSE, BARODA STREET, MUMBAI, MASJID BUNDER (EAST), Maharashtra",aditya consultancy,आद तय क सलट स ल म ट ड,False,False,False,False,False,False,,Indic script vs Latin name,Cand name is in Indic script; no shared address key generated
S1-329276806,S2-503933218,source2,India,Jain Constructions Private Limited,জৈন কনস্ট্রাকশনস প্রাইভেট লিমিটেড,"Vill- Bibirait, P.O.- B. Narayanpur, Police Station- Bhangore, 24 Parganas So, Uth, Kolkata, Parganas South, West Bengal","VILL- BIBIRAIT, PARGANAS SOUTH, West Bengal",jain constructions,জ ন কনসটর কশনস পর ইভ ট ল ম ট ড,False,False,False,False,False,False,,Indic script vs Latin name,Cand name is in Indic script; no shared address key generated
S1-885885129,S2-374264366,source2,US,Empire Program,Empire Parogram,"7307 89th Street, Owasso, OK","7307 89ND STREET, OK, OWASSO",empire program,empire parogram,True,True,True,False,False,False,US|NP6|empire;US|TOK|empire;US|NP4|empi,Key pruned (Block size > 500),"All shared keys (['US|NP6|empire', 'US|TOK|empire', 'US|NP4|empi']) exceeded max_block_size"
S1-880643397,S3-34957973,source3,India,Digital Foundation Private Limited,Digital  Foundation Pirvaet Limited #26626,"Alex Kuruvila, 15/547, Peringattu House Thellakom P O., Nr Sh Convent, Kottayam, Kerala",,digital foundation,digital foundation pirvaet ltd 26626,True,True,True,False,False,False,India|NP6|digita;India|NP4|digi;India|TOK|foundation;India|TOK|digital,Key pruned (Block size > 500),"All shared keys (['India|NP6|digita', 'India|NP4|digi', 'India|TOK|foundation', 'India|TOK|digital']) exceeded max_block_size"
S1-626801323,S3-451833741,source3,India,Reliable Agrotech Private Limited,Keloyumasyn,"Ga-136 1476 Raj Danga, East Main Road, Kolkata, Kolkata, Howrah, West Bengal","No 796 Ga-136 1476 Raj Danga, Howrah, Kolkata, WB",reliable agrotech,keloyumasyn,False,False,False,False,False,True,India|UNIT|ga136,Truncated by max_candidates_per_query,"Shared key survived (['India|UNIT|ga136']), but candidate rank exceeded top-200"
S1-846163628,S2-688500914,source2,US,Aili Zhang Signature Concord,signatureailizhang.com,"2602 M Street, Belleville, KS","2602 M ST, KS, BELLEVILLE",aili zhang signature concord,signatureailizhang,False,False,False,False,False,True,US|ADDR|2602_belleville,Truncated by max_candidates_per_query,"Shared key survived (['US|ADDR|2602_belleville']), but candidate rank exceeded top-200"
S1-434518777,S2-984400939,source2,US,Oncology Choice Health PLLC,Oncology Choice Health [P.L.L.C.],"1245 6th Avenue, City Of Wausau, WI","1245 6ND AVE, PMB 7980, CITY OF WAUSAU, WI",oncology choice health pllc,oncology choice health p,True,True,True,False,False,False,US|TOK|oncology;US|NP6|oncolo;US|TOK|choice;US|NP4|onco;US|TOK|health,Key pruned (Block size > 500),"All shared keys (['US|TOK|oncology', 'US|NP6|oncolo', 'US|TOK|choice', 'US|NP4|onco', 'US|TOK|health']) exceeded max_block_size"
S1-777597828,S3-413669121,source3,US,Uptown Pub,Solkeloquo,"6114 10th Avenue, Spokane Valley, WA","6114 Tenth Ave, Spokane Valley, Washington",uptown pub,solkeloquo,False,False,False,False,False,False,,"Address similar, Name alias/mismatch","Address shares tokens {'6114', 'spokane', 'valley'}, but names share 0 tokens"
S1-959272732,S3-907590313,source3,India,Raj Exports Private Limited,రాజ్ ఎక్స్‌పోర్ట్స్ ప్రైవేట్ లిమిటెడ్,"101, Green House Building, Beside Aditya Tradecenter, Ameerpet, Hyderabad, Telangana","10, Ameerpet, TG",raj exports,ర జ ఎకస ప రటస పర వ ట ల మ ట డ,False,False,False,False,False,False,,Indic script vs Latin name,Cand name is in Indic script; no shared address key generated
S1-171004818,S3-781921669,source3,US,Gen LLC,Gen LLC,"334 Downard Court, Wilmington, OH","334-C Downard Court, Wilmington, Ohio",gen,gen,False,False,False,False,False,False,,Short business name,Short name (<4 chars) produced no prefix/token matches
S1-999617853,S3-592310914,source3,India,Pioneer Bright Products Private Limited,पायोनियर ब्राइट Products प्राइवेट लिमिटेड,"28-B Sde Sector 15A, Noida, Gautam Buddha Nagar, Uttar Pradesh","7-28-B Sde Sector 15A, Gautam Buddha Nagar, Noida, UP",pioneer bright products,प य न यर बर इट products पर इव ट ल म ट ड,False,False,False,False,False,True,India|UNIT|15a,Truncated by max_candidates_per_query,"Shared key survived (['India|UNIT|15a']), but candidate rank exceeded top-200"
S1-840961764,S2-326313763,source2,US,Behavioral Health Clinic Inc.,healthclinicbehavioral.com,"UT, Highland, 5534 10480","10480, HIGHLAND, UT",behavioral health clinic,healthclinicbehavioral,False,False,False,False,False,False,,"Address similar, Name alias/mismatch","Address shares tokens {'10480', 'ut', 'highland'}, but names share 0 tokens"
S1-656907129,S3-866035631,source3,India,Hotel Products Private Limited,ಹೋಟೆಲ್ ಪ್ರೊಡಕ್ಟ್ಸ್ ಪ್ರೈವೇಟ್ ಲಿಮಿಟೆಡ್,"No. 01, Shop No. 4, 1St Floor, Near R K Plaza, Ramaiah Layout, Dodda Banaswadi, Bangalore North, Bangalore, Karnataka","No. ##01, Bangalore North, Bangalore, KA",hotel products,ಹ ಟ ಲ ಪರ ಡಕಟಸ ಪರ ವ ಟ ಲ ಮ ಟ ಡ,False,False,False,False,False,False,,Indic script vs Latin name,Cand name is in Indic script; no shared address key generated
S1-893695207,S2-721917107,source2,US,Oncology Atlantic Health Inc,Oncology Health-Inc Center,"5925 University Drive, Unit 111, Mesa Falcon Field, AZ",,oncology atlantic health,oncology health inc center,True,True,True,False,False,False,US|TOK|oncology;US|NP4|onco;US|NP6|oncolo;US|TOK|health,Key pruned (Block size > 500),"All shared keys (['US|TOK|oncology', 'US|NP4|onco', 'US|NP6|oncolo', 'US|TOK|health']) exceeded max_block_size"
S1-679154692,S3-403311739,source3,US,Pediatric Dental Partners of Trezevant,pediatricdentalpartners.com,"Trezevant, 870 Newsome Road, TN","870-874 Newsome Road, Treevant, Tennessee",pediatric dental partners of trezevant,pediatricdentalpartners,True,True,False,False,False,False,US|NP6|pediat;US|NP4|pedi,Key pruned (Block size > 500),"All shared keys (['US|NP6|pediat', 'US|NP4|pedi']) exceeded max_block_size"
S1-69427521,S2-590596212,source2,India,Digital Ventures Private Limited,डिजिटल वेंचर्स प्राइवेट लिमिटेड,"Mini House Kasai Pada Old City, Dholpur, Rajasthan","MINI HOUSE KASAI PADA OLD CITY, DHOLPUR, Rajasthan",digital ventures,ड ज टल व चरस पर इव ट ल म ट ड,False,False,False,False,False,False,,Indic script vs Latin name,Cand name is in Indic script; no shared address key generated
S1-450086555,S2-859958537,source2,India,Unique Infra Private Limited,Unique Unique Infra Private,"Jaipur, Neelam Hotel, Near Ganpati Plaza, Moti Lal Atal Road, Rajasthan, A-3","A-3, NEELAM HOTEL, NER GANPATI PLAZA, MOTI LAL ATAL ROAD, JAIPUR, Rajasthan",unique infra,unique unique infra,True,True,True,False,False,False,India|NP6|unique;India|TOK|unique;India|TOK|infra;India|NP4|uniq,Key pruned (Block size > 500),"All shared keys (['India|NP6|unique', 'India|TOK|unique', 'India|TOK|infra', 'India|NP4|uniq']) exceeded max_block_size"
S1-860376386,S2-478616453,source2,India,White Industries Private Limited,వైట్ ఇండస్ట్రీస్ ప్రైవేట్ లిమిటెడ్,"3D, Parameswara Apts, 6-3-626, Anand Nagar Khairatabad, Hyderabad, Telangana","#3D, ANAND NAGAR KHAIRATABAD, HYDERABAD, Telangana",white industries,వ ట ఇ డసటర స పర వ ట ల మ ట డ,False,False,False,False,False,False,,Indic script vs Latin name,Cand name is in Indic script; no shared address key generated
S1-788091987,S3-90166022,source3,US,Coastal Society LLC,Coastal Society LLC Trust,"33188 Coastal Highway, Unit 5, Bethany Beach, DE","Coastal Highway, Unit 5, Bethany Beach CDP, Delaware",coastal society,coastal society llc trust,True,True,True,False,False,False,US|TOK|coastal;US|NP4|coas;US|TOK|society;US|NP6|coasta,Key pruned (Block size > 500),"All shared keys (['US|TOK|coastal', 'US|NP4|coas', 'US|TOK|society', 'US|NP6|coasta']) exceeded max_block_size"
S1-825671680,S3-657071449,source3,India,Hari Indian Enterprises Private Limited,हरि इंडियन एंटरप्राइजेज प्राइवेट लिमिटेड,"206, 2Nd Floor, Shreekant Chambers, Sion Trombay Road, Chembur, Mumbai, Mumbai City, Maharashtra","205, 2Nd Floor, Shreekant Chambers, Sion Trombay Road, Chembur, Mumbai, Mumbai City, MH",hari indian enterprises,हर इ ड यन ए टरपर इज ज पर इव ट ल म ट ड,False,False,False,False,False,False,,Indic script vs Latin name,Cand name is in Indic script; no shared address key generated
S1-565665689,S2-565945117,source2,India,Classic Global Private Limited,क्लासिक ग्लोबल प्राइवेट लिमिटेड,"Sector 19, Pocket-2, Delhi, New Delhi, Flat No..344 Greenview Apartments, South West Delhi","DOOR NO 138 FLAT NO..344 GREENVIEW APARTMENTS, NEW DELHI, SOUTH WEST DELHI, Delhi",classic global,कल स क गल बल पर इव ट ल म ट ड,False,False,False,False,False,False,,Indic script vs Latin name,Cand name is in Indic script; no shared address key generated
S1-415506837,S2-388083391,source2,US,Continental Committee Center,Continental  Committee Cetr,"2223 Cannon Gate Drive, Opelika, AL","2223- CANNON GATE DR, PO BOX 5492, OPELIKA, AL",continental committee center,continental committee cetr,True,True,True,False,False,False,US|NP4|cont;US|NP6|contin;US|TOK|committee;US|TOK|continental,Key pruned (Block size > 500),"All shared keys (['US|NP4|cont', 'US|NP6|contin', 'US|TOK|committee', 'US|TOK|continental']) exceeded max_block_size"
S1-103306577,S2-972889340,source2,US,Board of Buildings,Board of,"IL, Kincaid, 1308 Springfield Road","308 SPRINGFIELD ROAD, KINCAID, IL",board of buildings,board of,True,True,True,False,False,False,US|NP6|boardo;US|TOK|board;US|NP4|boar,Key pruned (Block size > 500),"All shared keys (['US|NP6|boardo', 'US|TOK|board', 'US|NP4|boar']) exceeded max_block_size"
S1-681160793,S2-891856879,source2,India,Divine Educational Society,Mr Novizeph,"Plot No 01, Sect-06 Rajani, Khand, Sharda Nagar, Lucknow, Uttar Pradesh","#31, SECT-06 RAJANI, KHAND, SHARDA NAGAR, LUCKNOW, उत्तर प्रदेश",divine educational society,mr novizeph,False,False,False,False,False,True,India|UNIT|sect6,Truncated by max_candidates_per_query,"Shared key survived (['India|UNIT|sect6']), but candidate rank exceeded top-200"
S1-891697553,S3-910169908,source3,India,Raj Hospitality Private Limited,రాజ్ హాస్పిటాలిటీ ప్రైవేట్ లిమిటెడ్,"1100/Asg/B1003, Aparnagrande, Nallagandla Serilingampally, Hyderabadcentralunive, Rsity, Hyderabad, Rangareddy, Telangana","1100/Asg/B1003, Hyderabad, Rangareddy, Andhra Pradesh",raj hospitality,ర జ హ సప ట ల ట పర వ ట ల మ ట డ,False,False,False,False,False,False,,Indic script vs Latin name,Cand name is in Indic script; no shared address key generated
S1-657676451,S2-368470049,source2,US,"Cornerstone Galata, LLC","CORNERSTONE  GBATALTA, LLC","1635 Henry Avenue, Canton, OH","HENRY AVE, CANTON, OH",cornerstone galata,cornerstone gbatalta,True,True,True,False,False,False,US|NP6|corner;US|NP4|corn;US|TOK|cornerstone,Key pruned (Block size > 500),"All shared keys (['US|NP6|corner', 'US|NP4|corn', 'US|TOK|cornerstone']) exceeded max_block_size"
S1-361130212,S3-778346067,source3,US,Regional Express,... Regional Express Express,"Brownsville, 555 Azteca Drive, TX","555-557 Azteca Dr, NULL, Brownsville, Texas",regional express,regional express express,True,True,True,False,False,False,US|NP6|region;US|NP4|regi;US|TOK|express;US|TOK|regional,Key pruned (Block size > 500),"All shared keys (['US|NP6|region', 'US|NP4|regi', 'US|TOK|express', 'US|TOK|regional']) exceeded max_block_size"
S1-145619099,S2-723327964,source2,India,Jai Properties Private Limited,Jai Psdoeprtiis Private Limited,"C/O Mohd Safi Mohd Suleman, At Po Barshi Takli Taluka Barshitakli, Akola, Maharashtra","780 C/O MOHD SAFI MOHD SULEMAN, AT PO BARSHI TAKLI TALUKA BARSHITAKLI, AKOLA, Maharashtra",jai properties,jai psdoeprtiis,True,False,False,False,False,False,India|NP4|jaip,Key pruned (Block size > 500),All shared keys (['India|NP4|jaip']) exceeded max_block_size
S1-558784443,S3-47688033,source3,India,Eastern Marketing Private Limited,ईस्टर्न मार्केटिंग प्राइवेट लिमिटेड,"2033/1, Susuwahi, Near Hyderabad Gate, Dafi, Varanasi, Uttar Pradesh","उत्तर प्रदेश, Varanasi, Susuwahi, Near Hyderabad Gate, Dafi, 033/1, Varanasi",eastern marketing,ईसटरन म रक ट ग पर इव ट ल म ट ड,False,False,False,False,False,False,,Indic script vs Latin name,Cand name is in Indic script; no shared address key generated
S1-521254993,S3-543206384,source3,India,Life Healthcare Private Limited,Shri Life Healthcare Private Private,"C/O Ketan Rajendra Mande, Dahiwad, Amalner, Amalner, Jalgaon, Maharashtra","C/o Ketan Rajendra Mande, Jalgaon, महाराष्ट्र",life healthcare,shri life healthcare,False,False,True,False,False,False,India|TOK|life;India|TOK|healthcare,Key pruned (Block size > 500),"All shared keys (['India|TOK|life', 'India|TOK|healthcare']) exceeded max_block_size"
S1-766890897,S2-57753303,source2,India,Universal Constructions LLP,ಯುನಿವರ್ಸಲ್ ಕನ್‌ಸ್ಟ್ರಕ್ಷನ್ಸ್ ಎಲ್ಎಲ್‌ಪಿ,"No. 1297, 3Rd Floor, 30Th Main, B.S.K 2Nd Stage, Bangalore, Karnataka","NO 1297, BANGALORE, Karnataka",universal constructions,ಯ ನ ವರಸಲ ಕನ ಸಟರಕಷನಸ ಎಲಎಲ ಪ,False,False,False,False,False,False,,Indic script vs Latin name,Cand name is in Indic script; no shared address key generated
S1-451731570,S3-882069510,source3,India,International Finance Private Limited,ఇంటర్నేషనల్ ఫైనాన్స్ ప్రైవేట్ లిమిటెడ్,"# 1-3-53, Hyderabad, General Bazar, Telangana, Sunderabad","Hyderabad, తెలంగాణ, Sunderabad, H.no #1-3-53",international finance,ఇ టరన షనల ఫ న నస పర వ ట ల మ ట డ,False,False,False,False,False,False,,Indic script vs Latin name,Cand name is in Indic script; no shared address key generated
S1-197930566,S2-524184937,source2,US,Downtown Hypnosis,downtown downtown hypnosis,"11809 Yuma Road, Scott County, VA","YUMA ROAD, GATE CITY, VA",downtown hypnosis,downtown downtown hypnosis,True,True,True,False,False,False,US|NP6|downto;US|NP4|down;US|TOK|hypnosis;US|TOK|downtown,Key pruned (Block size > 500),"All shared keys (['US|NP6|downto', 'US|NP4|down', 'US|TOK|hypnosis', 'US|TOK|downtown']) exceeded max_block_size"
S1-651063147,S2-124583371,source2,US,Heartland Dental Associates Care,Lyracira,"1307 Wentbridge Road, Richmond City, VA","1307- WENTBRIDGE RD, RICHMOND CITY, VA",heartland dental associates care,lyracira,False,False,False,False,False,False,,"Address similar, Name alias/mismatch","Address shares tokens {'city', 'richmond', 'va', 'wentbridge'}, but names share 0 tokens"
S1-947889589,S3-371299671,source3,US,Walker Star Advertising LLC,LLC Walker Stamar Advertising,"148 Ashcombe SE, Cedar Rapids, IA","50 Ashcombe Southeast, Iowa, Cedar Rapids",walker star advertising,walker stamar advertising,True,True,True,False,False,False,US|TOK|walker;US|TOK|advertising;US|NP4|walk;US|NP6|walker,Key pruned (Block size > 500),"All shared keys (['US|TOK|walker', 'US|TOK|advertising', 'US|NP4|walk', 'US|NP6|walker']) exceeded max_block_size"
S1-550488938,S3-651095723,source3,India,Jaipur (india) Partners,Jaipur (india),"50, Sikar Road, Parasram Nagar, Dahar Ke Balaji, Jaipur, Rajasthan","Jaipur, Door No 820 50, RJ",jaipur india partners,jaipur india,True,True,True,False,False,False,India|NP6|jaipur;India|TOK|india;India|TOK|jaipur;India|NP4|jaip,Key pruned (Block size > 500),"All shared keys (['India|NP6|jaipur', 'India|TOK|india', 'India|TOK|jaipur', 'India|NP4|jaip']) exceeded max_block_size"
S1-292083731,S3-424108017,source3,India,Varanasi Trading Company,Deltavio,"Sh 17/263-M-14 Shivpur, Varanasi, Uttar Pradesh","Sh 17/263-M-14- Shivpur, Varanasi, UP",varanasi trading,deltavio,False,False,False,False,False,True,India|UNIT|17263m14,Truncated by max_candidates_per_query,"Shared key survived (['India|UNIT|17263m14']), but candidate rank exceeded top-200"
S1-813704961,S3-569946471,source3,US,Cota Abony,Quofluxcira DBA: Cota Abony,"164 Hawk Nest Court, Henrico County, VA","164 Hawk Nest Court, Henrico County, VA",cota abony,quofluxcira,False,False,False,False,False,True,US|ADDR|164_hawk,Truncated by max_candidates_per_query,"Shared key survived (['US|ADDR|164_hawk']), but candidate rank exceeded top-200"
S1-760441816,S2-738301476,source2,US,Midwest Center IV,MIDWEST IV CENTER,"Tacoma, WA, Unit #321, 3910 28th Street","3910 28TH STREET, WA, TACOAM",midwest center iv,midwest iv center,True,True,True,False,False,False,US|NP4|midw;US|TOK|midwest;US|NP6|midwes,Key pruned (Block size > 500),"All shared keys (['US|NP4|midw', 'US|TOK|midwest', 'US|NP6|midwes']) exceeded max_block_size"
S1-575231919,S2-310430279,source2,US,Prairie Regional Paceline of Dayton,prairieregionalpaceline.com,"505 Farm To Market 2797, Dayton, TX","505-A FARM TO MARKET 2797, N/A, DAYTON, TX",prairie regional paceline of dayton,prairieregionalpaceline,True,True,False,False,False,False,US|NP6|prairi;US|NP4|prai,Key pruned (Block size > 500),"All shared keys (['US|NP6|prairi', 'US|NP4|prai']) exceeded max_block_size"
S1-876713446,S2-278503106,source2,US,Superior Federal Flexible Inc.,SUPERIOR FEDERAL,"2817 Bridlewood Circle, Westfield, IN",,superior federal flexible,superior federal,True,True,True,False,False,False,US|NP4|supe;US|NP6|superi;US|TOK|superior;US|TOK|federal,Key pruned (Block size > 500),"All shared keys (['US|NP4|supe', 'US|NP6|superi', 'US|TOK|superior', 'US|TOK|federal']) exceeded max_block_size"
S1-327425253,S3-535780115,source3,US,Sanchez and Bustamante Newbury,Kelonovi,"3015 Sheridan Drive, Amherst, NY","Sheridan Drive, PMB 9077, Amherst, New York",sanchez and bustamante newbury,kelonovi,False,False,False,False,False,False,,"Address similar, Name alias/mismatch","Address shares tokens {'sheridan', 'ny', 'amherst'}, but names share 0 tokens"
S1-598280837,S2-603783354,source2,US,WR Internet,WR Sérvice,"360 Eden Street, Buffalo, NY","NY, 360-364 EDEN ST, BUFFALO",wr internet,wr service,False,False,False,False,False,False,,Severe name & address variation,Both name and address have extensive structural differences
S1-891697553,S2-516565257,source2,India,Raj Hospitality Private Limited,రాజ్ హాస్పిటాలిటీ ప్రైవేట్ లిమిటెడ్,"1100/Asg/B1003, Aparnagrande, Nallagandla Serilingampally, Hyderabadcentralunive, Rsity, Hyderabad, Rangareddy, Telangana","#11 1100/ASG/B1003, APARNAGRANDE, NALLAGANDLA SERILINGAMPALLY, HYDERABADCENTRALUNIVE, RSITY, HYDERABAD, RANGAREDDY, Telangana",raj hospitality,ర జ హ సప ట ల ట పర వ ట ల మ ట డ,False,False,False,False,False,False,,Indic script vs Latin name,Cand name is in Indic script; no shared address key generated
S1-899650223,S2-584669918,source2,India,Aditya Consultancy Limited,आदित्य कंसल्टेंसी लिमिटेड,"Abhay Steel House, Baroda Street, Mumbai, Masjid Bunder (East), Office No. 504, Maharashtra","OFFICE NO. 504, MUMBAI, महाराष्ट्र, MASJID BUNDER (EAST)",aditya consultancy,आद तय क सलट स ल म ट ड,False,False,False,False,False,False,,Indic script vs Latin name,Cand name is in Indic script; no shared address key generated
S1-288398730,S2-468826467,source2,India,Services Raaj Infra Private Limited,servicesraajinfracom,"Shop No. 179, Kishanpolebazar, Jaipur, Rajasthan","NO A-179 , KISHANPOLEBAZAR, JAIPUR, Rajasthan",services raaj infra,servicesraajinfracom,True,True,False,False,False,False,India|NP4|serv;India|NP6|servic,Key pruned (Block size > 500),"All shared keys (['India|NP4|serv', 'India|NP6|servic']) exceeded max_block_size"
S1-40982538,S3-576507172,source3,India,Bombay Infrastructure Private Limited,बॉम्बे इंफ्रास्ट्रक्चर प्राइवेट लिमिटेड,"Central Delhi, Delhi, New Delhi, Indraprakash Building Barakhamba Road, 602","Door No 749 602, Indraprakash Building Barakhamba Road, Central, Central Delhi, DL",bombay infrastructure,ब मब इ फर सटरकचर पर इव ट ल म ट ड,False,False,False,False,False,False,,Indic script vs Latin name,Cand name is in Indic script; no shared address key generated
S1-238175541,S2-558978413,source2,US,VWQ Brookfield LLC,VB,"Unit Apartment 1, 52 Losson Road, NY, Cheektowaga","BUFFALO CITY, NY, 52 LOSSON ROAD",vwq brookfield,vb,False,False,False,False,False,False,,Short business name,Short name (<4 chars) produced no prefix/token matches
S1-790965203,S2-52191434,source2,US,Commission on Aging,Commission on,"1075 Hyde Park, Layton, UT","LAYTON, 1075-1079 HYDE PARK, UT",commission on aging,commission on,True,True,True,False,False,False,US|TOK|commission;US|NP4|comm;US|NP6|commis,Key pruned (Block size > 500),"All shared keys (['US|TOK|commission', 'US|NP4|comm', 'US|NP6|commis']) exceeded max_block_size"
S1-123886742,S2-21458643,source2,India,South & Co Ltd,South +,"Shri Vithal Park Co. Op. Society, Opp. Dhor Bazar, Nr. Balikaka Temple, 11, Ahmedabad, Gujarat","11, SHRI VITHAL PARK CO. OP. SOCIETY, OPP. DHOR BAZAR, NR. BALIKAKA TEMPLE, AHMEDABAD, ગુજરાત",south and,south,True,False,True,False,False,False,India|TOK|south;India|NP4|sout,Key pruned (Block size > 500),"All shared keys (['India|TOK|south', 'India|NP4|sout']) exceeded max_block_size"
S1-911911079,S2-344767037,source2,US,Super 22 Bistro,SUPER SUPER BISTRO 22,"AZ, 4142 25th Street, Tucson","AZ, 4142 25RD ST, TUCSON",super 22 bistro,super super bistro 22,True,False,True,False,False,False,US|NP4|supe;US|TOK|super;US|TOK|bistro,Key pruned (Block size > 500),"All shared keys (['US|NP4|supe', 'US|TOK|super', 'US|TOK|bistro']) exceeded max_block_size"
S1-567308588,S2-191200521,source2,US,Zander Blue Co,zblue.com,"9236 Meadowmont View Drive, Charlotte, NC","9238 MEADOWMONT VIEW DR, CHRALOTTE CITY, NC",zander blue,zblue,False,False,False,False,False,False,,"Address similar, Name alias/mismatch","Address shares tokens {'view', 'meadowmont'}, but names share 0 tokens"
S1-437253658,S3-825245736,source3,India,Future Sree Developers Private Limited,फ्यूचर श्री डेवलपर्स प्राइवेट लिमिटेड,"Bihar, Rasulpur, Dumra, Sitamarhi, C/O Shiv Devi, Dumra, Sitamarhi","C/o Shiv Devi, Sitamarhi, Dumra, BR",future sree developers,फय चर शर ड वलपरस पर इव ट ल म ट ड,False,False,False,False,False,False,,Indic script vs Latin name,Cand name is in Indic script; no shared address key generated
S1-494395836,S2-779201418,source2,India,Indian Foods Limited,इंडियन फूड्स लिमिटेड,"Mumbai City, Vedanta, 779 Makwana Road, Off Kurla Andheri Road, Marol, Andheri (, East), Maharashtra, Mumbai, 402","402, VEDANTA, 779 MAKWANA ROAD, OFF KURLA ANDHERI ROAD, MAROL, ANDHERI (, EAST), MUMBAI II, NULL, Maharashtra",indian foods,इ ड यन फ डस ल म ट ड,False,False,False,False,False,False,,Indic script vs Latin name,Cand name is in Indic script; no shared address key generated
S1-197205293,S3-34743900,source3,India,Om Investments,ओम इन्वेस्टमेंट्स,"C/O Mr Rajkumar, Vpo Parsaul, Goutam Budd Nagar, Gautam Buddha Nagar, Uttar Pradesh","C/o Mr Rajkumar, Goutam Budd Nagar, Gautam Buddha Nagar, UP",om investments,ओम इनव सटम टस,False,False,False,False,False,False,,Indic script vs Latin name,Cand name is in Indic script; no shared address key generated
S1-359309953,S3-904247464,source3,US,Strategic Qdro Inc.,Strategic Inc.-Center,"9927 Volterra Avenue, Daphne, AL","9927-D Volterra Ave, Daphne, Alabama",strategic qdro,strategic inc center,True,True,True,False,False,False,US|TOK|strategic;US|NP6|strate;US|NP4|stra,Key pruned (Block size > 500),"All shared keys (['US|TOK|strategic', 'US|NP6|strate', 'US|NP4|stra']) exceeded max_block_size"
S1-607884731,S3-939516170,source3,India,Shivam Construction Private Limited,शिवम कंस्ट्रक्शन प्राइवेट लिमिटेड,"3, Moti Bunglow, Gajra Colony, Dewas, Madhya Pradesh","Dewas, 8-476 3, मध्य प्रदेश",shivam construction,श वम क सटरकशन पर इव ट ल म ट ड,False,False,False,False,False,False,,Indic script vs Latin name,Cand name is in Indic script; no shared address key generated
S1-177182415,S2-559311001,source2,India,Vijay Investments Private Limited,विजय इन्वेस्टमेंट्स प्राइवेट लिमिटेड,"House Number 21, Ward Number 3 Kema Marg Dl 00404 Maharajpur, Maharajpur, Chhatarpur, Madhya Pradesh","HBUSE NUMBER ##21, MAHARAJPUR, CHHATARPUR, Madhya Pradesh",vijay investments,व जय इनव सटम टस पर इव ट ल म ट ड,False,False,False,False,False,False,,Indic script vs Latin name,Cand name is in Indic script; no shared address key generated
S1-805742318,S3-801675941,source3,India,Dream Builders Private Limited,ড্রিম বিল্ডার্স প্রাইভেট লিমিটেড,"Upper Bagdogra, Opposite Bus Stand, P.O & P.S-Bagdogra, Phansidewa, Darjiling, Darjeeling, West Bengal","Upper Bagdoira, Darjiling, Opposite Bus Stand, P.o & P.s-bagdogra, Phansidewa, WB, Darjeeling",dream builders,ডর ম ব লড রস পর ইভ ট ল ম ট ড,False,False,False,False,False,False,,Indic script vs Latin name,Cand name is in Indic script; no shared address key generated
S1-78304820,S3-271350554,source3,US,Prime National Computing Inc,Prime National Cogopgtg Inc,"Unit LOT 51, IN, Muncie, 9500 Wheeling Avenue","9500 Wheeling Ave, Unit LOT 51, Muncie, Indiana",prime national computing,prime national cogopgtg,True,True,True,False,False,False,US|NP6|primen;US|TOK|prime;US|NP4|prim,Truncated by max_candidates_per_query,"Shared key survived (['US|NP6|primen']), but candidate rank exceeded top-200"
S1-396099074,S3-901969969,source3,India,Shree Marketing Private Limited,श्री मार्केटिंग प्राइवेट लिमिटेड,"Office No. 304, Mont Vert Arcade, Pashan Sus Road, Pune, Maharashtra","Office No. 304, Pune, MH",shree marketing,शर म रक ट ग पर इव ट ल म ट ड,False,False,False,False,False,False,,Indic script vs Latin name,Cand name is in Indic script; no shared address key generated
S1-615903919,S3-150523864,source3,US,Valley Society,Valley Valley Society Inc,"4451 Telfair Boulevard, Unit 6208, Suitland, MD","Maryland, Suitland, # 6208, 4451 Telfair Boulevard",valley society,valley valley society,True,True,True,False,False,False,US|NP4|vall;US|TOK|valley;US|TOK|society;US|NP6|valley,Key pruned (Block size > 500),"All shared keys (['US|NP4|vall', 'US|TOK|valley', 'US|TOK|society', 'US|NP6|valley']) exceeded max_block_size"
S1-846707301,S2-294277994,source2,US,Pena Fresh Sony Inc,fpsony.com,"1009 Fairground Road, Celina, OH","1009 FAIRGROUND ROAD, CELINA, OH",pena fresh sony,fpsony,False,False,False,False,False,True,US|ADDR|1009_fairground,Truncated by max_candidates_per_query,"Shared key survived (['US|ADDR|1009_fairground']), but candidate rank exceeded top-200"
S1-506051086,S3-630818547,source3,India,Shivam Constructions Pvt Ltd,Shivam Pvt Ltd  Services,"Mumbai, Maharashtra, Mumbai, Ground Floor, Plot No, 511, Krishna Bhavan, 517","517, Mumbai, Mumbai Ii, MH",shivam constructions,shivam pvt ltd services,True,True,True,False,False,False,India|TOK|shivam;India|NP6|shivam;India|NP4|shiv,Key pruned (Block size > 500),"All shared keys (['India|TOK|shivam', 'India|NP6|shivam', 'India|NP4|shiv']) exceeded max_block_size"
S1-580970774,S2-996500653,source2,US,Back Alley Ice Cream! LLC,backalleyice.com,"Atlanta, 1040 Stovall Boulevard, GA","1040B Stovall Blvd, ALANTA, GA",back alley ice cream,backalleyice,True,True,False,False,False,False,US|NP4|back;US|NP6|backal,Key pruned (Block size > 500),"All shared keys (['US|NP4|back', 'US|NP6|backal']) exceeded max_block_size"
S1-852122558,S3-541486453,source3,India,Prime Good Healthcare Private Limited,ప్రైమ్ గుడ్ హెల్త్‌కేర్ ప్రైవేట్ లిమిటెడ్,"1St Floor Block B Road 14, Telangana, Hyderabad, Khairatabad, Sai Raghavendra Icon","#001St Floor Block B Road 14, Sai Raghavendra Icon, Khairatabad, Hyderabad, TG",prime good healthcare,పర మ గ డ హ లత క ర పర వ ట ల మ ట డ,False,False,False,False,False,False,,Indic script vs Latin name,Cand name is in Indic script; no shared address key generated
S1-414990330,S2-866619534,source2,US,QN Block Inc,QN INC  CENTER,"5740 59th Avenue, Unit 1121, Glendale, AZ","5740 59ND AVENUE, GLENDALE, AZ",qn block,qn inc center,False,False,False,False,False,False,,Severe name & address variation,Both name and address have extensive structural differences
S1-445941109,S2-452480917,source2,India,Black Logistics Limited,ब्लैक लॉजिस्टिक्स लिमिटेड,"Haryana, C/Oraj Rani, Kurukshetra, Shop No63, Near Sangam Palace Professorcolony, Ambala Road, Teh-Pehowa","HN 52 C/ORAJ RANI, KURUKSHETRA, हरियाणा",black logistics,बल क ल ज सट कस ल म ट ड,False,False,False,False,False,False,,Indic script vs Latin name,Cand name is in Indic script; no shared address key generated
S1-199799418,S2-779956987,source2,US,"Esquivel, Lazaro & Bryant Inc.",el.com,"933 Turner Road, Huntington, WV","933 1/2 TURNER ROAD, HUNTINGTON, WV",esquivel lazaro and bryant,el,False,False,False,False,False,True,US|ADDR|933_turner,Truncated by max_candidates_per_query,"Shared key survived (['US|ADDR|933_turner']), but candidate rank exceeded top-200"
S1-396099074,S2-812975424,source2,India,Shree Marketing Private Limited,श्री मार्केटिंग प्राइवेट लिमिटेड,"Office No. 304, Mont Vert Arcade, Pashan Sus Road, Pune, Maharashtra","OFFICE NO. 304, PUNE REGION, PUNE, Maharashtra",shree marketing,शर म रक ट ग पर इव ट ल म ट ड,False,False,False,False,False,False,,Indic script vs Latin name,Cand name is in Indic script; no shared address key generated
S1-727168138,S3-901268833,source3,US,"Pediatric Dentistry Care Associates, LLC","Pediatric Dentistry Care Associates, LLC Association","75 Morton Boulevard, Oyster Bay, NY","75 Morton Blvd, Plainview, New York",pediatric dentistry care associates,pediatric dentistry care associates llc association,True,True,True,False,False,True,US|ADDR|75_morton;US|TOK|care;US|NP6|pediat;US|NP4|pedi;US|TOK|pediatric;US|TOK|dentistry,Truncated by max_candidates_per_query,"Shared key survived (['US|ADDR|75_morton']), but candidate rank exceeded top-200"
S1-140920552,S2-609200377,source2,US,Golden Westin PLLC,góldenwestin.com,"7701 Saint John Road, Unit 1037, Glendale, AZ","770 SAINT JOHN ROAD, GLENDALE, AZ",golden westin pllc,goldenwestin,True,True,False,False,False,False,US|NP6|golden;US|NP4|gold,Key pruned (Block size > 500),"All shared keys (['US|NP6|golden', 'US|NP4|gold']) exceeded max_block_size"
S1-135621193,S2-513678484,source2,US,Bison LLC,Bicson LLC,"617 Lincoln Street, New Britain, CT","0617 LINCOLN STREET, NEW BRITAIN, CT",bison,bicson,False,False,False,False,False,True,US|ADDR|617_lincoln,Truncated by max_candidates_per_query,"Shared key survived (['US|ADDR|617_lincoln']), but candidate rank exceeded top-200"
S1-979232639,S2-192227062,source2,India,Gujarat Systems,గుజరాత్ సిస్టమ్స్,"405, Minar Apartments, Deccan Towers, Basheerbagh, Hyderabad, Telangana","HYDERABAD, NO. 234 405, MINAR APARTMENTS, DECCAN TOWERS, BASHEERBAGH, Telangana",gujarat systems,గ జర త స సటమస,False,False,False,False,False,False,,Indic script vs Latin name,Cand name is in Indic script; no shared address key generated
S1-707471734,S3-462894505,source3,India,Eastern It Private Limited,ஈஸ்டர்ன் ஐடி பிரைவேட் லிமிடெட்,"32, Aziz Mulk I Street, Thousand Lights, Chennai, Tamil Nadu","##32, Chennai, TN",eastern it,ஈஸடரன ஐட ப ர வ ட ல ம ட ட,False,False,False,False,False,False,,Indic script vs Latin name,Cand name is in Indic script; no shared address key generated
S1-843863243,S3-288425576,source3,US,Dynamic All Oceanhawk,Dynamic,"714 Ivyhill Drive, Cincinnati, OH","714 Ivyhill Drive, Cincinnati, OH",dynamic all oceanhawk,dynamic,True,True,True,False,False,True,US|NP4|dyna;US|ADDR|714_ivyhill;US|TOK|dynamic;US|NP6|dynami,Truncated by max_candidates_per_query,"Shared key survived (['US|ADDR|714_ivyhill']), but candidate rank exceeded top-200"
S1-586956467,S3-617857077,source3,US,Advanced Marine Worldwide L.L.C.,L.L.C. Advanced Mgnnie Worldwide,"502 950, Springville, UT","50 950, Springville, Utah",advanced marine worldwide,advanced mgnnie worldwide,True,True,True,False,False,False,US|TOK|worldwide;US|NP4|adva;US|NP6|advanc;US|TOK|advanced,Key pruned (Block size > 500),"All shared keys (['US|TOK|worldwide', 'US|NP4|adva', 'US|NP6|advanc', 'US|TOK|advanced']) exceeded max_block_size"
S1-679867766,S3-474416661,source3,US,Bright Seafood Inc,Bright Sealfaomd  Inc,"8531 Ff, Town Of Grant, WI","8531c Ff, Wisconsin, Town Of Grant",bright seafood,bright sealfaomd,True,True,True,False,False,False,US|NP6|bright;US|TOK|bright;US|NP4|brig,Key pruned (Block size > 500),"All shared keys (['US|NP6|bright', 'US|TOK|bright', 'US|NP4|brig']) exceeded max_block_size"
S1-472139199,S3-474761183,source3,US,Melania Garcia Tankers,MGT,"261 Heritage Hil Parkway, Unit 6106, Venus, TX","261 Heritage Hil Parkway, Unit 6106, Venus, TX",melania garcia tankers,mgt,False,False,False,False,False,True,US|ADDR|261_heritage,Truncated by max_candidates_per_query,"Shared key survived (['US|ADDR|261_heritage']), but candidate rank exceeded top-200"
S1-625531823,S3-385239349,source3,US,Better Pharmaceutical Inc,Better-Inc Services,"6501 Airport Boulevard, Unit 277, Mobile, AL","06501 Airport Boulevard, Mobile CITY, Unit 277, Alabama",better pharmaceutical,better inc services,True,True,True,False,False,True,US|ADDR|6501_airport;US|NP4|bett;US|TOK|better;US|NP6|better,Truncated by max_candidates_per_query,"Shared key survived (['US|ADDR|6501_airport']), but candidate rank exceeded top-200"
S1-149092361,S3-584248867,source3,US,Vaon,Vashn,"5610 Plum Point Court, Sugar Land, TX","5610d Plum Point Court, Sugar Lannd, Texas",vaon,vashn,False,False,False,False,False,False,,Short business name,Short name (<4 chars) produced no prefix/token matches
S1-617436415,S2-930061810,source2,US,Dental Preferred Partners,PARTNERS PRTGBRCRNED DENTAL,"5068 Kuszmaul Avenue, Warren, OH","5068 KUSMAUL AVE, WARREN, OH",dental preferred partners,partners prtgbrcrned dental,False,False,True,False,False,False,US|TOK|partners;US|TOK|dental,Key pruned (Block size > 500),"All shared keys (['US|TOK|partners', 'US|TOK|dental']) exceeded max_block_size"
S1-679867766,S2-758749983,source2,US,Bright Seafood Inc,Bright  Sbgaefodo Inc,"8531 Ff, Town Of Grant, WI","8531 FF, WISCONSIN RAPIDS, WI",bright seafood,bright sbgaefodo,True,True,True,False,False,False,US|NP6|bright;US|TOK|bright;US|NP4|brig,Key pruned (Block size > 500),"All shared keys (['US|NP6|bright', 'US|TOK|bright', 'US|NP4|brig']) exceeded max_block_size"
S1-463257976,S3-738583244,source3,India,Shiv City Consultants Pvt Ltd,શિવ સિટી કન્સલ્ટન્ટ્સ પ્રા. લિ.,"At.Po.Tankaria, Ta Di. Bharuch, Bharuch, Gujarat","Plot 119 At.po.tankaria, Ta Di. Bharuch, Bharuch, GJ",shiv city consultants,શ વ સ ટ કનસલટનટસ પર લ,False,False,False,False,False,False,,Indic script vs Latin name,Cand name is in Indic script; no shared address key generated
S1-730029142,S3-146395993,source3,US,Reliable Silver Boston,Reliable Silver Bosotn,"343 154, New Brockton, AL","343-347 154, New Brockton, Alabama",reliable silver boston,reliable silver bosotn,True,True,True,False,False,False,US|TOK|reliable;US|NP4|reli;US|TOK|silver;US|NP6|reliab,Key pruned (Block size > 500),"All shared keys (['US|TOK|reliable', 'US|NP4|reli', 'US|TOK|silver', 'US|NP6|reliab']) exceeded max_block_size"
S1-296476213,S2-186467125,source2,India,Mumbai Extruders Limited,Mumbai Limited Center,"Conference Room No.4, Taj Wellington Mews 33, Nathalal Parekh Marg, Mumbai, Mumbai City, Maharashtra","BLOCK F-117 CONFERENCE ROOM NO.4, TAJ WELLINGTON MEWS 33, NATHALAL PAREKH MARG, MUMBAI, Maharashtra",mumbai extruders,mumbai ltd center,True,True,True,False,False,False,India|NP4|mumb;India|TOK|mumbai;India|NP6|mumbai,Key pruned (Block size > 500),"All shared keys (['India|NP4|mumb', 'India|TOK|mumbai', 'India|NP6|mumbai']) exceeded max_block_size"
S1-375464245,S3-826049714,source3,US,Upper Signature Tpg LLC,Upper Tpg LLC Partners,"700 Ali Lane, Victoria, MN","900 Ali Ln, Victoria, Minnesota",upper signature tpg,upper tpg llc partners,True,False,True,False,False,False,US|TOK|upper;US|NP4|uppe,Key pruned (Block size > 500),"All shared keys (['US|TOK|upper', 'US|NP4|uppe']) exceeded max_block_size"
S1-290900198,S3-582871876,source3,India,First Floor East Of Kailash Financial Private Limited,Yumadovabelo,"F-11, First Floor East Of Kailash, New Delhi, Delhi","Block B-66 F-11, First Floor East Of Kailash, New Delhi, दिल्ली",first floor east of kailash financial,yumadovabelo,False,False,False,False,False,True,India|UNIT|f11,Truncated by max_candidates_per_query,"Shared key survived (['India|UNIT|f11']), but candidate rank exceeded top-200"
S1-440203228,S3-55656528,source3,India,Seven Ventures Private Limited,सेवन वेंचर्स प्राइवेट लिमिटेड,"401, T-7, Panchsheel Primrose, Govindpuram, Ghaziabad, Uttar Pradesh","Block E-303 401, N/A, Ghaziabad, UP",seven ventures,स वन व चरस पर इव ट ल म ट ड,False,False,False,False,False,False,,Indic script vs Latin name,Cand name is in Indic script; no shared address key generated
S1-474626038,S3-852787460,source3,US,Silver Property Networks Inc,Silver Property Netwhrks Inc,"2968 Govan Way, Sacramento, CA","3169. Govan Way, Scramento, California",silver property networks,silver property netwhrks,True,True,True,False,False,False,US|NP4|silv;US|TOK|silver;US|TOK|property;US|NP6|silver,Key pruned (Block size > 500),"All shared keys (['US|NP4|silv', 'US|TOK|silver', 'US|TOK|property', 'US|NP6|silver']) exceeded max_block_size"
S1-224539279,S2-8080627,source2,India,Seven Girish Company,Dr Seven Company Center,"230, Ganitha Bharathi, 12Th A Cross, 1St A Main, Bangalore North, Bangalore, Karnataka","HN 692. 230, GANITHA BHARATHI, 12TH A CROSS, 1ST A MAIN, BANGALORE NORTH, ಕರ್ನಾಟಕ",seven girish,dr seven co center,False,False,True,False,False,False,India|TOK|seven,Key pruned (Block size > 500),All shared keys (['India|TOK|seven']) exceeded max_block_size
S1-989924267,S2-941206792,source2,US,Garrity Pinnacle Capital LLC,6arrity Pinnace Capital LLC,"505 Innovation Way, Walton, KY","507 INNOVATION WAY, WALTN, KY",garrity pinnacle capital,6arrity pinnace capital,False,False,True,False,False,False,US|TOK|capital,Key pruned (Block size > 500),All shared keys (['US|TOK|capital']) exceeded max_block_size
S1-122129571,S2-242415228,source2,US,Metropolitan Equity Partners Inc,METROPOLITAN EQUITY,"8352 143rd Street, Apple Valley, MN","8352-8354 143ST ST, SAINT PAUL, MN",metropolitan equity partners,metropolitan equity,True,True,True,False,False,False,US|NP4|metr;US|TOK|equity;US|NP6|metrop;US|TOK|metropolitan,Key pruned (Block size > 500),"All shared keys (['US|NP4|metr', 'US|TOK|equity', 'US|NP6|metrop', 'US|TOK|metropolitan']) exceeded max_block_size"
S1-692685078,S2-600120323,source2,India,Shyam Consultants Private Limited,శ్యామ్ కన్సల్టెంట్స్ ప్రైవేట్ లిమిటెడ్,"P No 8 And 11, N/P Tirumala Colony, Hyderabad, Telangana","BLOCK A-84 P NO 8 AND 11, N/P TIRUMALA COLONY, HYDERABAD, Telangana",shyam consultants,శయ మ కనసలట టస పర వ ట ల మ ట డ,False,False,False,False,False,False,,Indic script vs Latin name,Cand name is in Indic script; no shared address key generated
S1-284938229,S2-34169267,source2,India,Jain Ventures Private Limited,ಜೈನ್ ವೆಂಚರ್ಸ್ ಪ್ರೈವೇಟ್ ಲಿಮಿಟೆಡ್,"#313, J.C. Extension, Vijayapur, Devanhalli Ta, Luk, Vagdevi Nilaya, Bangalore, Karnataka, Bangalore","VAGDEVI NILAYA, BANGALORE, Karnataka",jain ventures,ಜ ನ ವ ಚರಸ ಪರ ವ ಟ ಲ ಮ ಟ ಡ,False,False,False,False,False,False,,Indic script vs Latin name,Cand name is in Indic script; no shared address key generated
S1-262875473,S2-386877654,source2,India,Indo Impex,इंडो इम्पेक्स,"Near Devi Sthan Gali No. 3, Patna, Bihar, Laljee Tola, Po - Gpo","PATNA, PO - GPO, LALJEE TOLA, Bihar",indo impex,इ ड इमप कस,False,False,False,False,False,False,,Indic script vs Latin name,Cand name is in Indic script; no shared address key generated
S1-914887627,S3-186027808,source3,India,Future Media Private Limited,फ्यूचर मीडिया प्राइवेट लिमिटेड,"309 Dalamal Chambers3Rd Floor New Marinelines, Bombay, Mumbai, Maharashtra","No 3-09 Dalamal Chambers3rd Floor New Marinelines, Bombay, Mumbai (SUBURBAN), MH",future media,फय चर म ड य पर इव ट ल म ट ड,False,False,False,False,False,False,,Indic script vs Latin name,Cand name is in Indic script; no shared address key generated
S1-388049779,S3-476480805,source3,India,Good Tirupati Impex Private Limited,ಗುಡ್ ತಿರುಪತಿ ಇಂಪೆಕ್ಸ್ ಪ್ರೈವೇಟ್ ಲಿಮಿಟೆಡ್,"Karnataka, 4Th Floor, Smart Avenue, 80 Feet Road Indiranagar, Flat No-4-03, Bangalore","Flat No-004-03, 4Th Floor, Smart Avenue, 80 Feet Road Indiranagar, Bangalore, ಕರ್ನಾಟಕ",good tirupati impex,ಗ ಡ ತ ರ ಪತ ಇ ಪ ಕಸ ಪರ ವ ಟ ಲ ಮ ಟ ಡ,False,False,False,False,False,False,,Indic script vs Latin name,Cand name is in Indic script; no shared address key generated
S1-794268540,S3-777969591,source3,India,Vision International Private Limited,विजन इंटरनेशनल प्राइवेट लिमिटेड,"Allahabad, 9/257 Awas Vikas Colony, Uttar Pradesh, Allahabad, Awas Vikas 120-Prayagraj","9/257- Awas Vikas Colony, Awas Vikas 120-Prayagraj, Allahabad, UP",vision international,व जन इ टरन शनल पर इव ट ल म ट ड,False,False,False,False,False,False,,Indic script vs Latin name,Cand name is in Indic script; no shared address key generated
S1-994437498,S3-498056371,source3,US,Midwest Better Fargo Inc,Midwest  Fargo Inc Service,"491 Dutton Street, Unit 507, Lowell, MA","Dutton Street, Unit 507, Lowel CITY, Massachusetts",midwest better fargo,midwest fargo inc service,True,True,True,False,False,False,US|TOK|fargo;US|NP4|midw;US|TOK|midwest;US|NP6|midwes,Truncated by max_candidates_per_query,"Shared key survived (['US|TOK|fargo']), but candidate rank exceeded top-200"
S1-831953030,S3-163673487,source3,US,Bay Select Boral LLC,Ectozeta,"10405 Preston Street, Westchester, IL","10405 Preston Sreet, Westchester, Illinois",bay select boral,ectozeta,False,False,False,False,False,True,US|ADDR|10405_preston,Truncated by max_candidates_per_query,"Shared key survived (['US|ADDR|10405_preston']), but candidate rank exceeded top-200"
S1-5533538,S2-276765363,source2,India,Srk Traders Private Limited,5rk Traders Private Limited,"Ff Kh No. 42, 43, 44, Vipin Garden Extn. Near Gali No. 34, Delhi, Plot No. G-1, West Delhi","H.NO 753 PLOT NO. G-1, DELHI, WEST DELHI, Delhi",srk traders,5rk traders,False,False,True,False,False,False,India|TOK|traders,Key pruned (Block size > 500),All shared keys (['India|TOK|traders']) exceeded max_block_size
S1-227142362,S2-699953766,source2,US,Custom Special LLC,Custom Specia1 LLC,"2693 Fairfield Pike, Wartrace, TN","2691 FAIRFIELD PIKE, WARTRACE, TN",custom special,custom specia1,True,True,True,False,False,False,US|TOK|custom;US|NP6|custom;US|NP4|cust,Key pruned (Block size > 500),"All shared keys (['US|TOK|custom', 'US|NP6|custom', 'US|NP4|cust']) exceeded max_block_size"
S1-255195649,S2-830995190,source2,US,Hernandez & Raley LLC,Hernandez & Rey LLC,"115 Washington Avenue, Grand Junction, TN","11 WASHINGTON AVE, GRAND JJUNCTION, TN",hernandez and raley,hernandez and rey,True,True,True,False,False,False,US|NP6|hernan;US|TOK|hernandez;US|NP4|hern,Key pruned (Block size > 500),"All shared keys (['US|NP6|hernan', 'US|TOK|hernandez', 'US|NP4|hern']) exceeded max_block_size"
S1-776710551,S3-686559509,source3,US,657 Sunset Blvd Company,657 Susenet Blvd  Company,"10655 9th Street, Unit 115, Phoenix, AZ","10655-D 9th St, PMB 4176, Sunnyslope, Arizona",657 sunset blvd,657 susenet blvd,True,False,True,False,False,False,US|TOK|blvd;US|NP4|657s,Truncated by max_candidates_per_query,"Shared key survived (['US|NP4|657s']), but candidate rank exceeded top-200"
S1-33679216,S3-341514770,source3,India,Ganesha Mud Co,Co Gagncesha Mud,"Gill Enclave, Patiala, Punjab, Patiala, Jhill Chowk To Alipur Rd","Hn 688 Gill Enclave, Patiala, PB",ganesha mud,gagncesha mud,False,False,False,False,False,False,,Token variation / Substring,Sub-token present in raw candidate name but missed in core name
S1-8068264,S2-754222017,source2,India,Tech Constructions Pvt Ltd,टेक कंस्ट्रक्शंस प्रा. लि.,"Ground Floor, 1 Village Sarai Khawaja, Faridabad, Haryana","0238 GROUND FLOOR, 1 VILLAGE SARAI KHAWAJA, FARIDABAD, Haryana",tech constructions,ट क क सटरकश स पर ल,False,False,False,False,False,False,,Indic script vs Latin name,Cand name is in Indic script; no shared address key generated
S1-274316133,S3-931037793,source3,US,May Peak Merchants,peakmerchants.com,"364 Brewster Hill Road, Southeast, NY","364 Brewster Hill Rd, Southeast, New York",may peak merchants,peakmerchants,False,False,False,False,False,True,US|ADDR|364_brewster,Truncated by max_candidates_per_query,"Shared key survived (['US|ADDR|364_brewster']), but candidate rank exceeded top-200"
S1-565665689,S3-943986526,source3,India,Classic Global Private Limited,Dr Classic Global Private  Limited,"Sector 19, Pocket-2, Delhi, New Delhi, Flat No..344 Greenview Apartments, South West Delhi","Flat No..34 Greenview Apartmets, West Delhi, DL",classic global,dr classic global,False,False,True,False,False,False,India|TOK|classic,Key pruned (Block size > 500),All shared keys (['India|TOK|classic']) exceeded max_block_size
S1-289542061,S3-438438825,source3,India,Balaji It Limited,बालाजी आईटी लिमिटेड,"House 47, 2Nd Floor Gujrawala Town Part-2, Delhi, New Delhi, Delhi","House C-47, Delhi, New Delhi, DL",balaji it,ब ल ज आईट ल म ट ड,False,False,False,False,False,False,,Indic script vs Latin name,Cand name is in Indic script; no shared address key generated
S1-998633222,S2-10377882,source2,India,Fortune Management Private Limited,फॉर्च्यून मैनेजमेंट प्राइवेट लिमिटेड,"Flat No 2, Meera Bldg, Seema Chs Ltd, Ghatla Village Road, Chembur, Mumbai, Maharashtra","DOOR NO 4, MEERA BLDG, SEEMA CHS LTD, GHATLA VILLAGE ROAD, CHEMBUR, MUMBAI, महाराष्ट्र",fortune management,फ रचय न म न जम ट पर इव ट ल म ट ड,False,False,False,False,False,False,,Indic script vs Latin name,Cand name is in Indic script; no shared address key generated
S1-692685078,S2-866165930,source2,India,Shyam Consultants Private Limited,శ్యామ్ కన్సల్టెంట్స్ ప్రైవేట్ లిమిటెడ్,"P No 8 And 11, N/P Tirumala Colony, Hyderabad, Telangana","Telangana, N/P TIRUMALA COLONY, HYDERABAD, BLOCK A-84 P NO 8 AND 11, HYDERABAD",shyam consultants,శయ మ కనసలట టస పర వ ట ల మ ట డ,False,False,False,False,False,False,,Indic script vs Latin name,Cand name is in Indic script; no shared address key generated
S1-412903137,S2-821691462,source2,US,Ridge Gsr Inc,Pyrasyn,"429 Matthew Street, Barbourville, KY","429-431 MATTHEW ST, BARBOURVILLE, KY",ridge gsr,pyrasyn,False,False,False,False,False,False,,"Address similar, Name alias/mismatch","Address shares tokens {'ky', 'matthew', 'barbourville'}, but names share 0 tokens"
S1-510640586,S3-243061544,source3,India,North Estate Limited,नॉर्थ एस्टेट लिमिटेड,"246, Ist Floor, Sant Nagar, New Delhi, South Delhi, Delhi","A-246, Ist Floor, Sant Nagar, New Delhi, South Delhi, दिल्ली",north estate,न रथ एसट ट ल म ट ड,False,False,False,False,False,False,,Indic script vs Latin name,Cand name is in Indic script; no shared address key generated
S1-919327680,S3-891359699,source3,India,Lakshmi Services Private Limited,Lakshmi  Services Privaste Limited,"3 F 16 Jawarnagar, Sri Ganganagar, Sriganga Nagar, Rajasthan","2-3 F 16 Jawarnagar, Sri Ganganagar, Sriganga Nagar, RJ",lakshmi services,lakshmi services privaste,True,True,True,False,False,False,India|NP6|lakshm;India|TOK|lakshmi;India|NP4|laks,Key pruned (Block size > 500),"All shared keys (['India|NP6|lakshm', 'India|TOK|lakshmi', 'India|NP4|laks']) exceeded max_block_size"
S1-629810901,S3-373030684,source3,US,N+ Rare Inc,N+ Rfee  Inc,"52 Coalstone Court, Dover, DE","52 Coalstone Ct, Dover, Delaware",n rare,n rfee,False,False,False,False,False,True,US|ADDR|52_coalstone,Truncated by max_candidates_per_query,"Shared key survived (['US|ADDR|52_coalstone']), but candidate rank exceeded top-200"
S1-508267230,S2-592278532,source2,India,Fortune Engineering Private Limited,ಫಾರ್ಚೂನ್ ಇಂಜಿನಿಯರಿಂಗ್ ಪ್ರೈವೇಟ್ ಲಿಮಿಟೆಡ್,"No. 21, Mes Road Muthyal Nagar, Bangalore North, Bangalore, Karnataka","NO 21, ಕರ್ನಾಟಕ, BANGALORE, MES ROAD MUTHYAL NAGAR, BANGALORE NORTH",fortune engineering,ಫ ರಚ ನ ಇ ಜ ನ ಯರ ಗ ಪರ ವ ಟ ಲ ಮ ಟ ಡ,False,False,False,False,False,False,,Indic script vs Latin name,Cand name is in Indic script; no shared address key generated
S1-691905185,S3-379167066,source3,India,Hyderabad India Private Limited,Hyderabad India Limited Services,"Hyderabad, Journalist Colony, Jubliee Hills, Telangana, Plot No. 30-A","Plot No. B3/30-a, Hyderabad, TG",hyderabad india,hyderabad india ltd services,True,True,True,True,False,False,India|TOK|india;India|NP6|hydera;India|NSORT|hyderabad_india;India|TOK|hyderabad;India|NP4|hyde,Truncated by max_candidates_per_query,"Shared key survived (['India|NSORT|hyderabad_india']), but candidate rank exceeded top-200"
S1-936378461,S2-88303612,source2,US,Edwards & Orr,Egdrfwars & [Orr],"913 Linwood Avenue, Baltimore, MD","913 Linwood Avenue, BALTIMORE, MD",edwards and orr,egdrfwars and orr,False,False,False,False,False,True,US|ADDR|913_linwood,Truncated by max_candidates_per_query,"Shared key survived (['US|ADDR|913_linwood']), but candidate rank exceeded top-200"
S1-573137025,S2-98496858,source2,India,Surya Healthcare Private Limited,सूर्य हेल्थकेयर प्राइवेट लिमिटेड,"4Th, 6/77 Wea Karol Bagh, New Delhi, Central Delhi, Delhi","##4TH, DELHI",surya healthcare,स रय ह लथक यर पर इव ट ल म ट ड,False,False,False,False,False,False,,Indic script vs Latin name,Cand name is in Indic script; no shared address key generated
S1-91134377,S3-948697643,source3,India,Mumbai Mills Limited,Mumbai Limited  Center,"Mumbai, Nandprem, M.G Road Corner, Vile Parle East, Near Bill Collection Centre, Maharashtra, Shop No 10","Door No C-10, Mumbai, Bombay, MH",mumbai mills,mumbai ltd center,True,True,True,False,False,False,India|NP4|mumb;India|TOK|mumbai;India|NP6|mumbai,Key pruned (Block size > 500),"All shared keys (['India|NP4|mumb', 'India|TOK|mumbai', 'India|NP6|mumbai']) exceeded max_block_size"
S1-93990641,S3-918235209,source3,India,Good Trading Private Limited,குட் டிரேடிங் பிரைவேட் லிமிடெட்,"New No.12, Old No.47, C.I.T. Colony, First Main Road Mylapore, Chennai, Tamil Nadu","12, Chennai, TN",good trading,க ட ட ர ட ங ப ர வ ட ல ம ட ட,False,False,False,False,False,False,,Indic script vs Latin name,Cand name is in Indic script; no shared address key generated
S1-972363721,S3-429708803,source3,India,Universal Foods Pvt Ltd,Smt Universal Foods Pvt,"Plot No.51, No.9, 2Nd Crossway, Aster Court Sea Cliff Conclave, Vgp Golden Beach, Chennai, Tamil Nadu","No.9, 2Nd Crossway, Aster Court Sea Cliff Conclave, Vgp Golden Beach, Chennai, TN, Plot No.b3/51",universal foods,smt universal foods,False,False,True,False,False,False,India|TOK|universal;India|TOK|foods,Key pruned (Block size > 500),"All shared keys (['India|TOK|universal', 'India|TOK|foods']) exceeded max_block_size"
S1-98989002,S2-48203499,source2,India,Baba Gujarat Producer Private Limited,బాబా గుజరాత్ ప్రొడ్యూసర్ ప్రైవేట్ లిమిటెడ్,"Plot No. 3A/2 P, Ida Ph 1, Cherlapally, Uppal, Hyderabad, Telangana","PLOT NO. G-3A/2 P, IDA PH 1, CHERLAPALLY, UPPAL, HYDERABAD, Telangana",baba gujarat producer,బ బ గ జర త పర డయ సర పర వ ట ల మ ట డ,False,False,False,False,False,False,,Indic script vs Latin name,Cand name is in Indic script; no shared address key generated
S1-600604729,S2-142974942,source2,India,NX Pharmaceuticals Pvt. Ltd.,NX Pvt. Ltd. Services,"H.No.20 Tulsigardens Yapral, Secunderabad, Hyderabad, Telangana","#B3/20 TULSIGARDENS YAPRAL, SECUNDERABAD, తెలంగాణ",nx pharmaceuticals,nx pvt ltd services,False,False,False,False,False,False,,Prefix-3 match (Typo after 3 chars),Names share first 3 chars ('nxp') but diverge at char 4
S1-31338710,S2-976171884,source2,India,Vision Hospitality Private Limited,विजन हॉस्पिटैलिटी प्राइवेट लिमिटेड,"Pl No - 97 / 1 / 2 / 3, Sect No - 06, Pl No B - 001, Tulsi Vandan Apt, Moshi, Pune, Maharashtra","PL NO - B3/97 / 1 / 2 / 3, SECT NO - 06, PL NO B - 001, TULSI VANDAN APT, MOSHI, POONA, PUNE, Maharashtra",vision hospitality,व जन ह सप ट ल ट पर इव ट ल म ट ड,False,False,False,False,False,False,,Indic script vs Latin name,Cand name is in Indic script; no shared address key generated
S1-199472642,S2-100285644,source2,India,Galaxy Food Private Limited,IRIARIA,"Tamil Nadu, Old.No.11, New.No.21, Mada Church Street, Royapuram, Chennai","OLD.NO.11, CHENNAI, Tamil Nadu",galaxy food,iriaria,False,False,False,False,False,False,,"Address similar, Name alias/mismatch","Address shares tokens {'chennai', '11', 'old'}, but names share 0 tokens"
S1-612712472,S2-676291617,source2,India,Maa Industries Private Limited,Shri MAA INDUSTRIES PRIVATE [LIMITED],"Palackal Court M.G.Road, Ernakulam, Kerala","H.NO 539- PALACKAL COURT M.G.ROAD, ERNAKULAM, Kerala",maa industries,shri maa industries,False,False,False,False,False,False,,Token variation / Substring,Sub-token present in raw candidate name but missed in core name
S1-144526682,S3-183169633,source3,US,Davis & Decker,Veradelta,"1361 Norby Road, Kiantone, NY","1361 Norby Road, Kiantone, NY",davis and decker,veradelta,False,False,False,False,False,True,US|ADDR|1361_norby,Truncated by max_candidates_per_query,"Shared key survived (['US|ADDR|1361_norby']), but candidate rank exceeded top-200"
S1-145484728,S3-748144656,source3,India,Exports (India) Resorts Pvt. Ltd.,Exports (lndia)-Resorts Pvt. Ltd.,"Delhi, 102, Delhi, Ist Floor, Mayur Plaza Shopping Complex Near Samachar Appartment, Lsc Mayur Vihar, Phase-1","102, Phase-1, DL",exports india resorts,exports lndia resorts,True,True,True,False,False,True,India|NP4|expo;India|TOK|exports;India|TOK|resorts;India|UNIT|phase1;India|NP6|export,Key pruned (Block size > 500),"All shared keys (['India|NP4|expo', 'India|TOK|exports', 'India|TOK|resorts', 'India|UNIT|phase1', 'India|NP6|export']) exceeded max_block_size"
S1-497739351,S2-727774886,source2,US,Metropolitan Infrastructure Technologies Inc,Metropolitan Iifrasstructure Technologies Inc,"1049 W, Town Of Pine Grove, WI","1049-B W, TOWN OF PINE GROVE, WI",metropolitan infrastructure technologies,metropolitan iifrasstructure technologies,True,True,True,False,False,False,US|NP4|metr;US|NP6|metrop;US|TOK|metropolitan,Key pruned (Block size > 500),"All shared keys (['US|NP4|metr', 'US|NP6|metrop', 'US|TOK|metropolitan']) exceeded max_block_size"
S1-275135699,S2-48419810,source2,India,Maa Energy Private Limited,ಮಾ ಎನರ್ಜಿ ಪ್ರೈವೇಟ್ ಲಿಮಿಟೆಡ್,"Awfis, 24 Residency Road, Saberi Complex Bangalore Karnataka, Bangalore North, Bangalore, Karnataka","Karnataka, BLOCK D-994 AWFIS, BANGALORE",maa energy,ಮ ಎನರಜ ಪರ ವ ಟ ಲ ಮ ಟ ಡ,False,False,False,False,False,False,,Indic script vs Latin name,Cand name is in Indic script; no shared address key generated
S1-931070977,S2-185075524,source2,US,Animal Welfare Committee,Anima1 Wélfare,"Garner, 232 Gulley Glen Drive, NC",,animal welfare committee,anima1 welfare,True,False,True,False,False,False,US|TOK|welfare;US|NP4|anim,Key pruned (Block size > 500),"All shared keys (['US|TOK|welfare', 'US|NP4|anim']) exceeded max_block_size"
S1-210537195,S3-286875652,source3,India,Jay Infrastructure Private Limited,Sri Jay Infrastructure Piotgae Limited,"Delhi, South Delhi, New Delhi, Gali No-13 New Delhi, 1410 T/F Right Side","#1410 T/f Right Sde, New Delhi, South Delhi, DL",jay infrastructure,sri jay infrastructure piotgae,False,False,True,False,False,False,India|TOK|infrastructure,Key pruned (Block size > 500),All shared keys (['India|TOK|infrastructure']) exceeded max_block_size
S1-477761993,S3-450790031,source3,US,Murray United Auto Repair,#murrayunited,"UT, Millcreek, 724 Nibley View Court","724- Nibley View Court, Millcreek, Utah",murray united auto repair,murrayunited,True,True,False,False,False,False,US|NP6|murray;US|NP4|murr,Truncated by max_candidates_per_query,"Shared key survived (['US|NP6|murray', 'US|NP4|murr']), but candidate rank exceeded top-200"
S1-169860964,S3-95788264,source3,US,Global Health Ventures Inc,#globalhealth,"1004 6th Street, Garden City, KS","004 6th Street, Garden City, Kansas",global health ventures,globalhealth,True,True,False,False,False,False,US|NP4|glob;US|NP6|global,Key pruned (Block size > 500),"All shared keys (['US|NP4|glob', 'US|NP6|global']) exceeded max_block_size"
S1-59581901,S3-683386720,source3,US,Chiropractic Ridge Health P.C.,chir0practicridgehealth.com,"3842 6th Avenue, Birmingham, AL","3842 Sixth Ave, PO Box 2889, Birmingham, Alabama",chiropractic ridge health p c,chiropracticridgehealth,True,True,False,False,False,False,US|NP6|chirop;US|NP4|chir,Key pruned (Block size > 500),"All shared keys (['US|NP6|chirop', 'US|NP4|chir']) exceeded max_block_size"
S1-178022840,S3-968500624,source3,US,Orthopedic Highland Center,Orthopedic Center Services,"8111 Lucas Lane, Jeffersonville, IN","111 Lucas Ln, Charlestown, Indiana",orthopedic highland center,orthopedic center services,True,True,True,False,False,False,US|NP4|orth;US|TOK|orthopedic;US|NP6|orthop,Key pruned (Block size > 500),"All shared keys (['US|NP4|orth', 'US|TOK|orthopedic', 'US|NP6|orthop']) exceeded max_block_size"
S1-781585592,S2-369763068,source2,US,Capital Council Inc,Capital Cgouncrl-Inc,"CT, Bridgeport, 428 Connecticut Avenue","CONNECTICUT AVENUE, BRIDGPEORT, CT",capital council,capital cgouncrl,True,True,True,False,False,False,US|TOK|capital;US|NP6|capita;US|NP4|capi,Key pruned (Block size > 500),"All shared keys (['US|TOK|capital', 'US|NP6|capita', 'US|NP4|capi']) exceeded max_block_size"
S1-893695207,S3-639631814,source3,US,Oncology Atlantic Health Inc,atlantichealth0ncology.com,"5925 University Drive, Unit 111, Mesa Falcon Field, AZ","University Dr, Unit 111, Mesa Falcon Field, Arizona",oncology atlantic health,atlantichealthoncology,False,False,False,False,False,False,,"Address similar, Name alias/mismatch","Address shares tokens {'mesa', 'falcon', 'university', 'az', '111', 'unit', 'field'}, but names share 0 tokens"
S1-972363721,S3-135640692,source3,India,Universal Foods Pvt Ltd,Dr Universal Foimods Pvt Ltd,"Plot No.51, No.9, 2Nd Crossway, Aster Court Sea Cliff Conclave, Vgp Golden Beach, Chennai, Tamil Nadu","Plot No.b3/51, No.9, 2Nd Crossway, Aster Court Sea Cliff Conclave, Vgp Golden Beach, Chennai, தமிழ்நாடு",universal foods,dr universal foimods,False,False,True,False,False,False,India|TOK|universal,Key pruned (Block size > 500),All shared keys (['India|TOK|universal']) exceeded max_block_size
S1-174513984,S3-647367408,source3,India,Energy Vr Textile Corporation,-- Energy Vr Texfltiel Corporation,"# 4, Custain Beach Rd, Santhome, Chennai, Tamil Nadu","Door No 4, Chennai, TN",energy vr textile,energy vr texfltiel,True,True,True,False,False,False,India|NP6|energy;India|TOK|energy;India|NP4|ener,Key pruned (Block size > 500),"All shared keys (['India|NP6|energy', 'India|TOK|energy', 'India|NP4|ener']) exceeded max_block_size"
S1-517755890,S3-859512390,source3,India,City Ace Producer Pvt Ltd,सिटी Ace Producer Pvt Ltd,"Mumbai, Strand Cinema Bldg., 1St Floor, C.S. No. 506 Arthur Bunder Road, Colaba, Mumbai City, Maharashtra","Mumbai, Hn 47 Strand Cinema Bldg., MH, Mumbai City, 1St Floor, C.s. No. 506 Arthur Bunder Road, Colaba",city ace producer,स ट ace producer,False,False,True,False,False,False,India|TOK|producer,Key pruned (Block size > 500),All shared keys (['India|TOK|producer']) exceeded max_block_size
S1-21999003,S2-167376141,source2,India,Super Constructions Private Limited,सुपर कंस्ट्रक्शंस प्राइवेट लिमिटेड,"Madhya Pradesh, Rewa, Near Rampur House Civil Line Jhiriya, Rewa","NEAR RAMPUR HOUSE CIVIL LINE JHIRIYA, REWA, Madhya Pradesh",super constructions,स पर क सटरकश स पर इव ट ल म ट ड,False,False,False,False,False,False,,Indic script vs Latin name,Cand name is in Indic script; no shared address key generated
S1-196576160,S2-708684745,source2,India,Om Global Private Limited,ఓం గ్లోబల్ ప్రైవేట్ లిమిటెడ్,"Telangana, Hyderabad, H-76, H-Block Madhuranagar, Sr Nagar, Ameerpet, Hyderabad, 8-3-224/9/10/A","HYDERABAD, Andhra Pradesh, HYDERABAD, 8-3-224/9/10/A",om global,ఓ గల బల పర వ ట ల మ ట డ,False,False,False,False,False,False,,Indic script vs Latin name,Cand name is in Indic script; no shared address key generated
S1-518197819,S2-891724637,source2,US,Primary Care Clinic LLC,PRIMARY CARE LLC CENTER,"351 11th Street, Washington, DC","35 11TH STREET, WASHINGTON, DC",primary care clinic,primary care llc center,True,True,True,False,False,False,US|TOK|primary;US|TOK|care;US|NP6|primar;US|NP4|prim,Key pruned (Block size > 500),"All shared keys (['US|TOK|primary', 'US|TOK|care', 'US|NP6|primar', 'US|NP4|prim']) exceeded max_block_size"
S1-773037667,S3-702518116,source3,US,"Northwind, Inc","Ntohtbfnd, Inc","4552 400th Street, Hospers, IA","Iowa, 552 400th St, Hospers",northwind,ntohtbfnd,False,False,False,False,False,False,,"Address similar, Name alias/mismatch","Address shares tokens {'400th', 'hospers'}, but names share 0 tokens"
S1-700789055,S2-354559016,source2,US,Womens Health Federal Center,W0mens Health,"108 Spring Street, Enfield, CT","SPRING ST, ENFIELD, CT",womens health federal center,womens health,True,True,True,False,False,False,US|TOK|womens;US|NP4|wome;US|TOK|health;US|NP6|womens,Key pruned (Block size > 500),"All shared keys (['US|TOK|womens', 'US|NP4|wome', 'US|TOK|health', 'US|NP6|womens']) exceeded max_block_size"
S1-8612167,S3-335601989,source3,India,Southern Consulting Private Limited,Southern Consulting-Pfbvae Limited,"Vill- Paraj, P.O.- Paraj, Burdwan, West Bengal",,southern consulting,southern consulting pfbvae,True,True,True,False,False,False,India|NP4|sout;India|NP6|southe;India|TOK|southern,Key pruned (Block size > 500),"All shared keys (['India|NP4|sout', 'India|NP6|southe', 'India|TOK|southern']) exceeded max_block_size"
S1-779071666,S2-894447711,source2,US,Behavioral Health Group,BEHAVIORAL HÉALTH,"16 Mapledale Avenue, Fl 0, Glen Burnie, MD","16-D MAPLEDALE AVE, GLEN BURNIE, MD",behavioral health group,behavioral health,True,True,True,True,False,False,US|NP4|beha;US|TOK|behavioral;US|NSORT|behavioral_health;US|TOK|health;US|NP6|behavi,Key pruned (Block size > 500),"All shared keys (['US|NP4|beha', 'US|TOK|behavioral', 'US|NSORT|behavioral_health', 'US|TOK|health', 'US|NP6|behavi']) exceeded max_block_size"
S1-399433959,S3-609410320,source3,US,Garcia and Coulson Cherry,Garcia And [Coulson],"15011 Xkimo Street, Ramsey, MN",,garcia and coulson cherry,garcia and coulson,True,True,True,False,False,False,US|NP4|garc;US|TOK|coulson;US|TOK|garcia;US|NP6|garcia,Truncated by max_candidates_per_query,"Shared key survived (['US|TOK|coulson']), but candidate rank exceeded top-200"
S1-226368891,S3-839327165,source3,India,Raj Life Solutions Private Limited,రాజ్ లైఫ్ సొల్యూషన్స్ ప్రైవేట్ లిమిటెడ్,"85-51-161, Model Colony Vl Puram, Rajahmundry, East Godavari, Andhra Pradesh","85-51-161, East Godavari, Rajahmundry, ఆంధ్రప్రదేశ్",raj life solutions,ర జ ల ఫ స లయ షనస పర వ ట ల మ ట డ,False,False,False,False,False,False,,Indic script vs Latin name,Cand name is in Indic script; no shared address key generated
S1-472424906,S2-814158570,source2,US,Foot & Ankle Associates Inc,Center Foot Ankle Associates Inc,"2407 Wood Avenue, Kansas City, KS","2407 WOOD AVENUE, KS, KANSAS CITY",foot and ankle associates,center foot ankle associates,False,False,True,False,False,True,US|ADDR|2407_wood;US|TOK|foot;US|TOK|ankle,Truncated by max_candidates_per_query,"Shared key survived (['US|ADDR|2407_wood']), but candidate rank exceeded top-200"
S1-638557606,S3-866321342,source3,India,Dvn Wellness Private Limited,Dvn,"No.1, Andhra Pradesh Market Committee Uravakonda Po Ananthapur Dist Ananthapur Anantapur Ap In, Ananthapur, Anantapur, Andhra Pradesh","No.1, Andhra Pradesh Market Committee Uravakonda Po Ananthapur Dist Ananthapur Anantapur Ap In, Ananthapur, Anantapur, Andhra Pradesh",dvn wellness,dvn,False,False,False,False,False,True,India|ADDR|1_market,Truncated by max_candidates_per_query,"Shared key survived (['India|ADDR|1_market']), but candidate rank exceeded top-200"
S1-781760071,S3-417128360,source3,US,Desert Desert Steel LLC,Desert Desert LLC Services,"1382 Honeysuckle Lane, Fl 1, Chandler, AZ","Chandler, Fl 1, Arizona, 1382 Honeysuckel Lane",desert desert steel,desert desert llc services,True,True,True,False,False,False,US|NP6|desert;US|NP4|dese;US|TOK|desert,Key pruned (Block size > 500),"All shared keys (['US|NP6|desert', 'US|NP4|dese', 'US|TOK|desert']) exceeded max_block_size"
S1-786762737,S3-228074550,source3,India,Ss Services Private Limited,5s Services Private-Limited,"Midc Road No 20 Marol, 1St Floor 101 D 5 Marol, Maharashtra, Mumbai","1St Floor 101 D 5 Marol, Midc Road No 20 Marol, Mumbai, null, MH",ss services,5s services,False,False,False,False,False,False,,Token variation / Substring,Sub-token present in raw candidate name but missed in core name
S1-455390061,S3-785447201,source3,US,Martin Uranium LLC,Martin Uraoiu LLC,"10905 Hopewell Road, Unit B, Putnam County, TN","Putnam County, # B, 1090 Hopewell Road, Tennessee",martin uranium,martin uraoiu,True,True,True,False,False,False,US|TOK|martin;US|NP4|mart;US|NP6|martin,Key pruned (Block size > 500),"All shared keys (['US|TOK|martin', 'US|NP4|mart', 'US|NP6|martin']) exceeded max_block_size"
S1-972363721,S3-120561476,source3,India,Universal Foods Pvt Ltd,யுனிவர்சல் ஃபுட்ஸ் பிரைவேட் லிமிடெட்,"Plot No.51, No.9, 2Nd Crossway, Aster Court Sea Cliff Conclave, Vgp Golden Beach, Chennai, Tamil Nadu","Chennai, TN, No.9, 2Nd Crossway, Aster Court Sea Cliff Conclave, Vgp Golden Beach, H.no B3/51",universal foods,ய ன வரசல ஃப டஸ ப ர வ ட ல ம ட ட,False,False,False,False,False,False,,Indic script vs Latin name,Cand name is in Indic script; no shared address key generated
S1-618980917,S2-850014355,source2,India,Alpha It,अल्फा आईटी,"Maglam Aangan Villa Mahapura, Sanganer, Jaipur, Rajasthan, 133, Jaipur","H.NO 150 133, Rajasthan, JAIPUR",alpha it,अलफ आईट,False,False,False,False,False,False,,Indic script vs Latin name,Cand name is in Indic script; no shared address key generated
S1-939460188,S3-652142539,source3,India,Sky Properties Private Limited,स्काई प्रॉपर्टीज प्राइवेट लिमिटेड,"Plot No. 376, Udyog Vihar Phase-2 Gurugram, Palam Road, Gurgaon, Haryana","H.no 76, Udyog Vihar Phase-2 Gurugram, Palam Road, Gurgaon, हरियाणा",sky properties,सक ई पर परट ज पर इव ट ल म ट ड,False,False,False,False,False,True,India|UNIT|phase2,Key pruned (Block size > 500),All shared keys (['India|UNIT|phase2']) exceeded max_block_size
S1-423566267,S3-541638916,source3,US,Family Rocky Care Associates Co,Family Rocky Care Arscoiates Co,"5295 Clarksville Street, Paris, TX",,family rocky care associates,family rocky care arscoiates,True,True,True,False,False,False,US|TOK|care;US|TOK|family;US|NP4|fami;US|TOK|rocky;US|NP6|family,Key pruned (Block size > 500),"All shared keys (['US|TOK|care', 'US|TOK|family', 'US|NP4|fami', 'US|TOK|rocky', 'US|NP6|family']) exceeded max_block_size"
S1-79508368,S3-270428969,source3,India,Shyam Investment Private Limited,ശ്യാം ഇൻവെസ്റ്റ്മെന്റ് പ്രൈവറ്റ് ലിമിറ്റഡ്,"T C 84/384 (1), Enchakkal, Thiruvananthapuram, Thiruvananthapuram, Trivandrum, Kerala","Keralam, Thiruvananthapuram, T C 4/384 (1), Enchakkal, Thiruvananthapuram, Trivandrum",shyam investment,ശയ ഇൻവ സററമ നറ പര വററ ല മ ററഡ,False,False,False,False,False,False,,Indic script vs Latin name,Cand name is in Indic script; no shared address key generated
S1-779938927,S3-899335159,source3,India,Green Care Private Limited,গ্রীন কেয়ার প্রাইভেট লিমিটেড,"Sonee House, 2Nd Floor, 21 Sarkar Bye Lane, Kolkata, Kolkata, Howrah, West Bengal","Kolkata, Sonee House, Howrah, পশ্চিমবঙ্গ, 2Nd Floor, 21 Sarkar Bye Lane, Kolkata",green care,গর ন ক য র পর ইভ ট ল ম ট ড,False,False,False,False,False,True,India|ADDR|2nd_sarkar,Truncated by max_candidates_per_query,"Shared key survived (['India|ADDR|2nd_sarkar']), but candidate rank exceeded top-200"
S1-653436323,S3-635706570,source3,India,Real Foundation Private Limited,रियल फाउंडेशन प्राइवेट लिमिटेड,"Mumbai, Shop No 5, Borivali West, Maharashtra, Tirupati Complex, Ram Mandir Road, Near Babhai Naka Road, Borivali West","Shop No 05, Ramnagar, Mumbai, MH",real foundation,र यल फ उ ड शन पर इव ट ल म ट ड,False,False,False,False,False,False,,Indic script vs Latin name,Cand name is in Indic script; no shared address key generated
S1-56735529,S2-826301918,source2,US,Nonet,Net,"227 Squires Bend, Stafford, TX","227-A SQUIRES BEND, STAFFORD, TX",nonet,net,False,False,False,False,False,False,,Short business name,Short name (<4 chars) produced no prefix/token matches
S1-184017157,S3-771795745,source3,India,Star Enterprises Pvt Ltd,Star Ethnerprises Pvt Ltd,"903, C Wing, Presidential Towers, L.B.S. Marg, Opp. R. City Mall, Ghatkopa, R (W), Mumbai, Maharashtra","C-903, C Wing, Presidential Towers, L.b.s. Marg, Opp. R. City Mall, Ghatkopa, R (W), Mumbai, MH",star enterprises,star ethnerprises,True,False,True,False,False,False,India|TOK|star;India|NP4|star,Key pruned (Block size > 500),"All shared keys (['India|TOK|star', 'India|NP4|star']) exceeded max_block_size"
S1-774848541,S2-197269906,source2,US,Coastal Center,Coastal Center District,"4914 Cayman Street, Sioux Falls, SD","933 CAYMAN ST, SIOUX FALLS, SD",coastal center,coastal center district,True,True,True,False,False,False,US|TOK|coastal;US|NP4|coas;US|NP6|coasta,Key pruned (Block size > 500),"All shared keys (['US|TOK|coastal', 'US|NP4|coas', 'US|NP6|coasta']) exceeded max_block_size"
S1-176194512,S3-540862469,source3,India,Universal Properties Pvt Ltd,ಯುನಿವರ್ಸಲ್ ಪ್ರಾಪರ್ಟೀಸ್ ಪ್ರೈವೇಟ್ ಲಿಮಿಟೆಡ್,"6410, Singapura Vinayakanagar, Vidyaranapura P, Bangalore, Bengaluru, Karnataka, C/O Parveen Taj","null, Bangalore, C/o Parveen Taj, Bengaluru, KA",universal properties,ಯ ನ ವರಸಲ ಪರ ಪರಟ ಸ ಪರ ವ ಟ ಲ ಮ ಟ ಡ,False,False,False,False,False,False,,Indic script vs Latin name,Cand name is in Indic script; no shared address key generated
S1-849049594,S2-706145368,source2,India,Hyderabad Biotech Private Limited,DELTANOVI,"Plot No. 71, Road No, 03 Himapuri Colony, Mansoorabad, Hyderabad, Telangana","PLOT NO. 71, HYDERABAD, Telangana",hyderabad biotech,deltanovi,False,False,False,False,False,False,,"Address similar, Name alias/mismatch","Address shares tokens {'hyderabad', 'ts', '71', 'plot'}, but names share 0 tokens"
S1-618980917,S2-53549553,source2,India,Alpha It,अल्फा आईटी,"Maglam Aangan Villa Mahapura, Sanganer, Jaipur, Rajasthan, 133, Jaipur","NO 150 133, MAGLAM AANGAN VILLA MAHAPURA, SANGANER, JAIPUR, Rajasthan",alpha it,अलफ आईट,False,False,False,False,False,False,,Indic script vs Latin name,Cand name is in Indic script; no shared address key generated
S1-550003654,S3-573619551,source3,India,Financial Memorial Trust,financial memorial trust #25981,"Tamil Nadu, General Nice Towers, 4Th Floor Chamiers Road, Chennai, No. 90, Chennai","No 90, Madras, Chennai, TN",financial memorial trust,financial memorial trust 25981,True,True,True,False,False,False,India|NP4|fina;India|TOK|memorial;India|TOK|trust;India|NP6|financ,Key pruned (Block size > 500),"All shared keys (['India|NP4|fina', 'India|TOK|memorial', 'India|TOK|trust', 'India|NP6|financ']) exceeded max_block_size"
S1-209669739,S3-462315460,source3,India,United Investments Private Limited,United Investments Limited [Service],"Office No -03, First Floor, G-69 Sector-63, Noida, Gautam Buddha Nagar, Uttar Pradesh","Office No -03, Noida, Gautam Buddha Nagar, UP",united investments,united investments ltd service,True,True,True,False,False,False,India|NP6|united;India|TOK|investments;India|NP4|unit;India|TOK|united,Key pruned (Block size > 500),"All shared keys (['India|NP6|united', 'India|TOK|investments', 'India|NP4|unit', 'India|TOK|united']) exceeded max_block_size"
S1-786928440,S3-375796608,source3,US,Eye Health PLLC,Fayefluxcalo a/k/a Eye Health PLLC,"23 Prospect Street, Stamford, NY","NY, 23 Prospect Street, Stamford",eye health pllc,fayefluxcalo a k a eye health pllc,False,False,True,False,False,True,US|TOK|pllc;US|ADDR|23_prospect;US|TOK|health,Truncated by max_candidates_per_query,"Shared key survived (['US|ADDR|23_prospect']), but candidate rank exceeded top-200"
S1-786762737,S2-596022131,source2,India,Ss Services Private Limited,Ss Snriitse Private Limited,"Midc Road No 20 Marol, 1St Floor 101 D 5 Marol, Maharashtra, Mumbai","1ST FLOOR 101 D 5 MAROL, MIDC ROAD NO 20 MAROL, MUMBAI, Maharashtra",ss services,ss snriitse,False,False,False,False,False,False,,Prefix-3 match (Typo after 3 chars),Names share first 3 chars ('sss') but diverge at char 4
S1-884109234,S3-929783382,source3,India,Digital Exports,डिजिटल एक्सपोर्ट्स,"Katihar, Nayatola P.O-Katihar, Katihar, Bihar","H.no #318 Nayatola P.o-katihar, NULL, Katihar, BR",digital exports,ड ज टल एकसप रटस,False,False,False,False,False,False,,Indic script vs Latin name,Cand name is in Indic script; no shared address key generated
S1-8811279,S2-11316443,source2,India,Guru Developers,ಗುರು ಡೆವಲಪರ್ಸ್,"G-9, 'B' Block, Sns Arcade, Old Airport Road, Bangalore, Karnataka","NO. 97 G-9, 'B' BLOCK, SNS ARCADE, OLD AIRPORT ROAD, BANGALORE, Karnataka",guru developers,ಗ ರ ಡ ವಲಪರಸ,False,False,False,False,False,False,,Indic script vs Latin name,Cand name is in Indic script; no shared address key generated
S1-716451136,S3-601709706,source3,US,Lucky Bakery,Lucky Berarkry,"NY, Ramapo, 1 Gisele Court",,lucky bakery,lucky berarkry,True,True,True,False,False,False,US|TOK|lucky;US|NP6|luckyb;US|NP4|luck,Truncated by max_candidates_per_query,"Shared key survived (['US|NP6|luckyb']), but candidate rank exceeded top-200"
S1-199554784,S2-425339415,source2,India,New Delhi Ai Private Limited,New Di Ai Private Limited,"New Delhi, Nhai Corporate Officeplot G-5 & 6 Sector -10 Dwarka, West Delhi, Delhi",,new delhi ai,new di ai,True,False,False,False,False,False,India|NP4|newd,Key pruned (Block size > 500),All shared keys (['India|NP4|newd']) exceeded max_block_size
S1-914459278,S3-823575012,source3,India,Al Systems Private Limited,అల్ Systems Private Limited,"30-1565/1, Chandragiri Colony Vedha Bhavan Lane, Neredmet, Hyderabad, Telangana","Brock F-175 30-1565/1, Hyderabad, Andhra Pradesh",al systems,అల systems,False,False,False,False,False,False,,Indic script vs Latin name,Cand name is in Indic script; no shared address key generated
S1-972455899,S2-533862920,source2,US,Garcia & Rice LLC,Garcia &-Rdce LLC,"19558 8, Unit Lot 41, Gulf Shores, AL","19558 8, PO BOX 907, GULF SHORES, AL",garcia and rice,garcia and rdce,True,True,True,False,False,False,US|NP4|garc;US|TOK|garcia;US|NP6|garcia,Key pruned (Block size > 500),"All shared keys (['US|NP4|garc', 'US|TOK|garcia', 'US|NP6|garcia']) exceeded max_block_size"
S1-697332200,S3-832599561,source3,India,Alpha Constructions Private Limited,আলফা কনস্ট্রাকশনস Private Limited,"Kolkata, Jl Nehru Road, 9Th Floor, R.M. No.-, A-11, Kolkata, Chatterjee International Centre 33A, Howrah, West Bengal","Howrah, Plot 72 Chatterjee International Centre 33A, পশ্চিমবঙ্গ",alpha constructions,আলফ কনসটর কশনস,False,False,False,False,False,True,India|UNIT|33a,Truncated by max_candidates_per_query,"Shared key survived (['India|UNIT|33a']), but candidate rank exceeded top-200"
S1-484105409,S2-56076972,source2,US,Pediatric Dental Health of Rock Hill,Pediatric Déntal Health of,"3135 Long Meadow Road, Rock Hill, SC","LONG MEADOW RD, ROCK HILL, SC",pediatric dental health of rock hill,pediatric dental health of,True,True,True,False,False,False,US|NP6|pediat;US|NP4|pedi;US|TOK|pediatric;US|TOK|health;US|TOK|dental,Key pruned (Block size > 500),"All shared keys (['US|NP6|pediat', 'US|NP4|pedi', 'US|TOK|pediatric', 'US|TOK|health', 'US|TOK|dental']) exceeded max_block_size"
S1-125308073,S2-66695826,source2,India,Vasupujya Appliances Pvt Ltd,Fluxnex,"Plot No. 87/C Mla Colony, Road No 12, Khairatabad, Hyderabad, Telangana","PLOT NO. 6-87/C MLA COLONY, BANGALORE, HYDERABAD, Telangana",vasupujya appliances,fluxnex,False,False,False,False,False,False,,"Address similar, Name alias/mismatch","Address shares tokens {'mla', 'hyderabad', 'colony', 'ts', 'plot'}, but names share 0 tokens"
S1-189859324,S3-393546592,source3,US,Lopez Rate LLC,Lopez Raalte LLC,"172 3rd Street, Waynesville, OH","Waynesville, 172 3st Street, Ohio",lopez rate,lopez raalte,True,True,True,False,False,False,US|TOK|lopez;US|NP4|lope;US|NP6|lopezr,Truncated by max_candidates_per_query,"Shared key survived (['US|NP6|lopezr']), but candidate rank exceeded top-200"
S1-987375275,S3-275798620,source3,India,Hari Investment Private Limited,హరి ఇన్వెస్ట్‌మెంట్ ప్రైవేట్ లిమిటెడ్,"Hyderabad, Madhapur, Software Units Layout, Hitec City, Telangana, Plot # 4","Plot # 4/4, Software Units Layout, Hitec City, Hyderabad, Seri Lingampally, TG",hari investment,హర ఇనవ సట మ ట పర వ ట ల మ ట డ,False,False,False,False,False,False,,Indic script vs Latin name,Cand name is in Indic script; no shared address key generated
S1-392556227,S3-974771944,source3,US,Leora Young Amc Inc.,Onyxevo,"7848 Ogden Avenue, Norfolk City, VA","7848 Ogen Ave, Norfolk City, Virginia",leora young amc,onyxevo,False,False,False,False,False,False,,"Address similar, Name alias/mismatch","Address shares tokens {'7848', 'city', 'va', 'norfolk'}, but names share 0 tokens"
S1-810116880,S2-969797784,source2,US,Dental Center L.L.C.,cdental.com,"1877 Knollridge Court, Columbus, OH","1877- KNOLLRIDGE CT, COLUMBUS, OH",dental center,cdental,False,False,False,False,False,False,,"Address similar, Name alias/mismatch","Address shares tokens {'ct', 'columbus', 'knollridge'}, but names share 0 tokens"
S1-852122558,S2-13742356,source2,India,Prime Good Healthcare Private Limited,ప్రైమ్ గుడ్ హెల్త్‌కేర్ ప్రైవేట్ లిమిటెడ్,"1St Floor Block B Road 14, Telangana, Hyderabad, Khairatabad, Sai Raghavendra Icon","1ST FLOOR BLOCK B ROAD 14, KHAIRATABAD, HYDERABAD, తెలంగాణ",prime good healthcare,పర మ గ డ హ లత క ర పర వ ట ల మ ట డ,False,False,False,False,False,False,,Indic script vs Latin name,Cand name is in Indic script; no shared address key generated
S1-8731441,S3-899423032,source3,India,Bombay Foods Private Limited,বোম্বে ফুডস প্রাইভেট লিমিটেড,"Dhanshree Tower 70, Diamond Harbour Road, Kolkata, Kolkata, Howrah, West Bengal","Howrah, WB, Kolkata, Dhanshree Tower 70",bombay foods,ব মব ফ ডস পর ইভ ট ল ম ট ড,False,False,False,False,False,False,,Indic script vs Latin name,Cand name is in Indic script; no shared address key generated
S1-972363721,S3-596525583,source3,India,Universal Foods Pvt Ltd,யுனிவர்சல் ஃபுட்ஸ் பிரைவேட் லிமிடெட்,"Plot No.51, No.9, 2Nd Crossway, Aster Court Sea Cliff Conclave, Vgp Golden Beach, Chennai, Tamil Nadu","H.no B3/51, No.9, 2Nd Crossway, Aster Court Sea Cliff Conclave, Vgp Golden Beach, Chennai, தமிழ்நாடு",universal foods,ய ன வரசல ஃப டஸ ப ர வ ட ல ம ட ட,False,False,False,False,False,False,,Indic script vs Latin name,Cand name is in Indic script; no shared address key generated
S1-914887627,S3-203950488,source3,India,Future Media Private Limited,Future Media Pfrivte-Limited,"309 Dalamal Chambers3Rd Floor New Marinelines, Bombay, Mumbai, Maharashtra","3-09 Dalamal Chambers3rd Floor New Marinelines, Mumbai (SUBURBAN), महाराष्ट्र, Bombay",future media,future media pfrivte,True,True,True,False,False,False,India|TOK|future;India|TOK|media;India|NP4|futu;India|NP6|future,Key pruned (Block size > 500),"All shared keys (['India|TOK|future', 'India|TOK|media', 'India|NP4|futu', 'India|NP6|future']) exceeded max_block_size"
S1-866162018,S3-414792865,source3,US,WV Recruiting LLC,Center WV LLC,"13284 31, Unit Apartment 2, Savannah, NY","Savannah, New York, # Apartment 2, 13284 31",wv recruiting,center wv,False,False,False,False,False,False,,Severe name & address variation,Both name and address have extensive structural differences
S1-605666486,S2-48524688,source2,India,Sunrise Gold Energy Private Limited,सनराइज गोल्ड एनर्जी प्राइवेट लिमिटेड,"582, Aggarwal Millenium Tower -Ii, Netaji Subhash Place, Delhi, North Delhi, Delhi","NO. 603 582, Delhi, NORTH DELHI",sunrise gold energy,सनर इज ग लड एनरज पर इव ट ल म ट ड,False,False,False,False,False,False,,Indic script vs Latin name,Cand name is in Indic script; no shared address key generated
S1-991878061,S3-556312973,source3,India,Black Investment Private Limited,Black Private Limited Services Enterprises,"Rinkoo Apts 93 V P Rdvile Parce West, Mumbai, Maharashtra",,black investment,black pvt ltd services enterprises,True,False,True,False,False,False,India|NP4|blac;India|TOK|black,Key pruned (Block size > 500),"All shared keys (['India|NP4|blac', 'India|TOK|black']) exceeded max_block_size"
S1-223620731,S2-938681600,source2,India,Global Infotech Limited,ग्लोबल इंफोटेक लिमिटेड,"West Delhi, Delhi, New Delhi, Khasara No. 71/3, 1St Floor Sec-23, Shyam Colony Budh Vihar, H No.-1190","H NO.-1190, NORTH DELHI, NEW DELHI, Delhi",global infotech,गल बल इ फ ट क ल म ट ड,False,False,False,False,False,False,,Indic script vs Latin name,Cand name is in Indic script; no shared address key generated
S1-710226045,S2-264950793,source2,US,HL Grade Corp,HL Gfdhae (Corp),"Unit APT 403, 2621 Emporia Avenue, KS, Wichita","2621 1/2 EMPORIA AVE, WICHITA, KS",hl grade,hl gfdhae,False,False,False,False,False,False,,Prefix-3 match (Typo after 3 chars),Names share first 3 chars ('hlg') but diverge at char 4
S1-590321576,S2-270613574,source2,India,Vision Global Pvt Ltd,विजन Global Pvt Ltd,"Kota, Rajasthan, Kota, Gopal Vihar, Baran Road, 33","NO. 82 33, GOPAL VIHAR, BARAN ROAD, KOTA, Rajasthan",vision global,व जन global,False,False,False,False,False,False,,Indic script vs Latin name,Cand name is in Indic script; no shared address key generated
S1-237739500,S3-679029492,source3,India,Perfect Exports Pvt Ltd,परफेक्ट एक्सपोर्ट्स प्रा. लि.,"Jaipur, Samridhi Tower, Iiird Floor, Near Sbi Bank Jda Central Market, Amrapali Circle, Vais, Hali Nagar, S-1, Rajasthan, Jaipur","Jaipur, Doro No ##719 S-1, Jaipur, RJ",perfect exports,परफ कट एकसप रटस पर ल,False,False,False,False,False,False,,Indic script vs Latin name,Cand name is in Indic script; no shared address key generated
S1-781324018,S2-123025336,source2,India,Global Solutions Private Limited,ಗ್ಲೋಬಲ್ ಸೊಲ್ಯೂಷನ್ಸ್ ಪ್ರೈವೇಟ್ ಲಿಮಿಟೆಡ್,"#45, 46, 47, Bylakonenahalli Kachohalli Industrial Area, Dasanapura H, Obli, Bangalore, Karnataka","#45., BENGALURU, BANGALORE, Karnataka",global solutions,ಗಲ ಬಲ ಸ ಲಯ ಷನಸ ಪರ ವ ಟ ಲ ಮ ಟ ಡ,False,False,False,False,False,False,,Indic script vs Latin name,Cand name is in Indic script; no shared address key generated
S1-657325262,S3-461081164,source3,US,Miller & Perry P.C.,Miller + Pry P.C.,"3824 Cedar Ridge Drive, Norman, OK","3824c Cedar Ridge Dr, PO Box 4731, Norman, Oklahoma",miller and perry p c,miller pry p c,True,True,True,False,False,False,US|NP6|miller;US|TOK|miller;US|NP4|mill,Key pruned (Block size > 500),"All shared keys (['US|NP6|miller', 'US|TOK|miller', 'US|NP4|mill']) exceeded max_block_size"
S1-792681001,S3-348550473,source3,US,Desert Direct Bynordic,Desert,"480 Payne Ridge Road, WV, Gandeeville","480 Payne Ridge Road, Gandeeville, WV",desert direct bynordic,desert,True,True,True,False,False,True,US|NP6|desert;US|NP4|dese;US|TOK|desert;US|ADDR|480_payne,Truncated by max_candidates_per_query,"Shared key survived (['US|ADDR|480_payne']), but candidate rank exceeded top-200"
S1-816685191,S2-86231082,source2,India,Mullai Affordable (India) Private Limited,Jaxxylo,"Flat No. 204, Nitish Venkatesh Appt., S. No. 106/2/4-5, Baner, Pune, Maharashtra","FLAT NO. 204, PUNE, Maharashtra",mullai affordable india,jaxxylo,False,False,False,False,False,False,,"Address similar, Name alias/mismatch","Address shares tokens {'pune', 'mh', '204', 'flat'}, but names share 0 tokens"
S1-987804994,S3-455510813,source3,US,Midwest Network,... Miraariasol,"713 Admiral Gravely Boulevard, Richmond City, VA","Admiral Gravely Blvd, Henrico, Virginia",midwest network,miraariasol,False,False,False,False,False,False,,"Address similar, Name alias/mismatch","Address shares tokens {'blvd', 'gravely', 'admiral', 'va'}, but names share 0 tokens"
S1-810313198,S3-652776476,source3,India,Bbc International School,schoolbbcinternational.com,"Karnataka, Bangalore, C- 307, Bangalore, Gopalan Millennium Habitat, Itpl Main Road, Kundalahalli Post","C- 307, Gopalan Millennium Habitat, Itpl Main Road, Kundalahalli Post, Bengaluru, Bangalore, KA",bbc international school,schoolbbcinternational,False,False,False,False,False,False,,"Address similar, Name alias/mismatch","Address shares tokens {'gopalan', 'ka', '307', 'bangalore', 'habitat', 'itpl', 'main', 'kundalahalli', 'post', 'c-', 'millennium'}, but names share 0 tokens"
S1-237177847,S2-665077604,source2,US,Laborers Union Local No 454,Laborer Union Local No 454,"100 Brahman Road, Magdalena, NM","BRAHMAN ROAD, MAGDALENA, NM",laborers union local no 454,laborer union local no 454,True,True,True,False,False,False,US|NP6|labore;US|TOK|union;US|NP4|labo;US|TOK|local,Truncated by max_candidates_per_query,"Shared key survived (['US|NP6|labore', 'US|NP4|labo']), but candidate rank exceeded top-200"
S1-839300613,S3-250964149,source3,US,Congregation Ministries,cministries.com,"1047 Madison Avenue, New York, NY","1047-1049 Madison Ave, New York",congregation ministries,cministries,False,False,False,False,False,False,,"Address similar, Name alias/mismatch","Address shares tokens {'madison', 'ny'}, but names share 0 tokens"
S1-573137025,S3-43489942,source3,India,Surya Healthcare Private Limited,सूर्य हेल्थकेयर प्राइवेट लिमिटेड,"4Th, 6/77 Wea Karol Bagh, New Delhi, Central Delhi, Delhi","4Th, New Delhi, Central Delhi, DL",surya healthcare,स रय ह लथक यर पर इव ट ल म ट ड,False,False,False,False,False,False,,Indic script vs Latin name,Cand name is in Indic script; no shared address key generated
S1-137750545,S3-786131703,source3,US,Value Plum,Value,"1397 Sheridan Glen Crossing, Auburn, AL","1397 Sheridan Glen Crossing, Auburn, AL",value plum,value,True,False,True,False,False,True,US|NP4|valu;US|TOK|value;US|ADDR|1397_sheridan,Truncated by max_candidates_per_query,"Shared key survived (['US|ADDR|1397_sheridan']), but candidate rank exceeded top-200"
S1-695962769,S3-668397372,source3,US,WKB Fortress Inc,WKB Inc Partners,"208 Minton Circle, Bedford County, VA",,wkb fortress,wkb inc partners,False,False,False,False,False,False,,Candidate address missing,"Cand address is missing (nan), and names share no blocking key"
S1-481488227,S3-466840897,source3,US,Eastern College,Eastern Clflge,"355 Pond Field Road, West Point, TN","355A Pond Field Road, West Point, Tennessee",eastern college,eastern clflge,True,True,True,False,False,False,US|TOK|eastern;US|NP6|easter;US|NP4|east,Key pruned (Block size > 500),"All shared keys (['US|TOK|eastern', 'US|NP6|easter', 'US|NP4|east']) exceeded max_block_size"
S1-911672680,S2-488041389,source2,US,Great Infrastructure,GINFRASTRUCTURE.COM,"11386 Eldorado Street, Unit Unit H, Blaine, MN","1138 ELDORADO ST, BLAINE, MN",great infrastructure,ginfrastructure,False,False,False,False,False,False,,"Address similar, Name alias/mismatch","Address shares tokens {'mn', 'eldorado', 'blaine'}, but names share 0 tokens"
S1-205963340,S2-616502408,source2,US,Secure Marketing Technologies LLC,technologiesmarketing.com,"982 Willman Pike, Hartford City, IN","HARTFORD CITY, WILLMAN PIKE, IN",secure marketing technologies,technologiesmarketing,False,False,False,False,False,False,,"Address similar, Name alias/mismatch","Address shares tokens {'willman', 'hartford', 'city', 'pike'}, but names share 0 tokens"
S1-600935743,S2-347005800,source2,India,All Solutions Private Limited,ઓલ સોલ્યુશન્સ પ્રાઇવેટ લિમિટેડ,"Gf 2-3-7, Sarswati Complex, 39, Sampatrao Colony, Alkapuri, Vadodara, Gujarat","GF 02-3-7, VADODARA, Gujarat",all solutions,ઓલ સ લય શનસ પર ઇવ ટ લ મ ટ ડ,False,False,False,False,False,False,,Indic script vs Latin name,Cand name is in Indic script; no shared address key generated
S1-682917304,S3-517633508,source3,India,Varshendra Marketing Private Limited,Gilddrexsyn Sys,"Business Suite Mr - 6, Vatika Business Centre, First India Place, 2Nd Floor, Sushant Lo, K, Phase I, Block B, Gurugram, Haryana","Vatika Business Centre, First India Place, 2Nd Floor, Sushant Lo, K, Phase I, Block B, Business Suite Mr - 6, Haryana, Gurugram",varshendra marketing,gilddrexsyn sys,False,False,False,False,False,False,,"Address similar, Name alias/mismatch","Address shares tokens {'6', 'mr', 'k', 'centre', 'phase', '-', 'business', '2nd', 'ste', 'b', 'sushant', 'pl', 'i', 'vatika', 'india', 'hr', 'lo', 'first', 'gurugram', 'block'}, but names share 0 tokens"
S1-861271386,S3-375877393,source3,US,Surgical Peak Care PC,Surgica1 Peak Cáre PC,"33 Bond Street, Needham, MA","Bond Street, Needham, Massachusetts",surgical peak care pc,surgica1 peak care pc,True,True,True,False,False,False,US|NP6|surgic;US|TOK|care;US|NP4|surg;US|TOK|peak,Key pruned (Block size > 500),"All shared keys (['US|NP6|surgic', 'US|TOK|care', 'US|NP4|surg', 'US|TOK|peak']) exceeded max_block_size"
S1-165422067,S2-595759579,source2,India,Jrv Agro Limited,Jrv-Limited Center,"Rahanja, Bhadrak, Balasore, Orissa",,jrv agro,jrv ltd center,False,False,False,False,False,False,,Candidate address missing,"Cand address is missing (nan), and names share no blocking key"
S1-826041251,S3-770523908,source3,US,"Patriot Eco, LLC","Patriot Endro, LLC","TX, Pasadena, 208 Allendale Road","Allendale Road, Pasdaena, Texas",patriot eco,patriot endro,True,True,True,False,False,False,US|TOK|patriot;US|NP4|patr;US|NP6|patrio,Key pruned (Block size > 500),"All shared keys (['US|TOK|patriot', 'US|NP4|patr', 'US|NP6|patrio']) exceeded max_block_size"
S1-385608858,S3-393804899,source3,India,Janashakti (India) Square Private Limited,Mr janashaktiindiasquare.com,"105, Mangalmurti Sapphire, Nr Omkar School, 90 Ft Rd, Kalyan, Thane, Maharashtra","Mangalmurti Sapphire, Nr Omkar School, 90 Ft Rd, 105, Kalyan, MH, Thane",janashakti india square,mr janashaktiindiasquare,False,False,False,False,False,False,,"Address similar, Name alias/mismatch","Address shares tokens {'sapphire', 'nr', 'school', 'mangalmurti', 'ft', 'omkar', 'kalyan', 'mh', '90', '105', 'thane'}, but names share 0 tokens"
S1-991226123,S2-234928803,source2,India,One Infra Private Limited,વન ઇન્ફ્રા પ્રાઇવેટ લિમિટેડ,"B-803, Safal Solitaire Corporate Park Nr Divya Bhaskar Press S G Highway Makarba, Ahmedabad, Gujarat","B-8-03, AHMEDABAD HQ REGION, AHMEDABAD, Gujarat",one infra,વન ઇનફર પર ઇવ ટ લ મ ટ ડ,False,False,False,False,False,False,,Indic script vs Latin name,Cand name is in Indic script; no shared address key generated
S1-565665689,S3-298879761,source3,India,Classic Global Private Limited,Classic Limited Private Global,"Sector 19, Pocket-2, Delhi, New Delhi, Flat No..344 Greenview Apartments, South West Delhi",,classic global,classic ltd private global,True,True,True,False,False,False,India|NP4|clas;India|TOK|classic;India|NP6|classi,Key pruned (Block size > 500),"All shared keys (['India|NP4|clas', 'India|TOK|classic', 'India|NP6|classi']) exceeded max_block_size"
S1-719078259,S2-391162288,source2,India,XHY Leasing,Vantageriza,"Dombivli (East), Thane, Shop No.2, Maharashtra, Ground Floor, Lord House Co-Op-Soc.Ltd, Rajaji Path Road","THANE, NO D/2, महाराष्ट्र, DOMBIVLI (EAST)",xhy leasing,vantageriza,False,False,False,False,False,False,,"Address similar, Name alias/mismatch","Address shares tokens {'dombivli', 'east', 'thane'}, but names share 0 tokens"
S1-176194512,S2-753330615,source2,India,Universal Properties Pvt Ltd,ಯುನಿವರ್ಸಲ್ ಪ್ರಾಪರ್ಟೀಸ್ ಪ್ರೈವೇಟ್ ಲಿಮಿಟೆಡ್,"6410, Singapura Vinayakanagar, Vidyaranapura P, Bangalore, Bengaluru, Karnataka, C/O Parveen Taj","C/O PARVEEN TAJ, BENGALURU, BANGALORE, Karnataka",universal properties,ಯ ನ ವರಸಲ ಪರ ಪರಟ ಸ ಪರ ವ ಟ ಲ ಮ ಟ ಡ,False,False,False,False,False,False,,Indic script vs Latin name,Cand name is in Indic script; no shared address key generated
S1-876102895,S2-358560681,source2,US,Physical Therapy Clinic,PHYSlCAL THERAPY CLINIC,"5208 Beacon Falls Drive, Fl 1, Columbia, MO","BEACON FALLS DR, COLUMBIA, MO",physical therapy clinic,physlcal therapy clinic,True,False,True,False,False,False,US|TOK|therapy;US|TOK|clinic;US|NP4|phys,Key pruned (Block size > 500),"All shared keys (['US|TOK|therapy', 'US|TOK|clinic', 'US|NP4|phys']) exceeded max_block_size"
S1-749410612,S3-264717775,source3,India,Raj Investment Private Limited,રાજ ઇન્વેસ્ટમેન્ટ પ્રાઇવેટ લિમિટેડ,"Camp-Com-The Boulevard, Opp Western Bus. Hub, Surat City, Surat, Gujarat","Camp-com-the Boulevard, Opp Western Bus. Hub, Surat City, Surat, GJ",raj investment,ર જ ઇનવ સટમ નટ પર ઇવ ટ લ મ ટ ડ,False,False,False,False,False,False,,Indic script vs Latin name,Cand name is in Indic script; no shared address key generated
S1-217654601,S2-908257933,source2,US,Desert Pioneer Railway,Desert Pioneer,"AR, Jonesboro, 270 Greene 326 Road","GREENE 326 ROAD, JONESBORO, AR",desert pioneer railway,desert pioneer,True,True,True,False,False,False,US|NP6|desert;US|NP4|dese;US|TOK|pioneer;US|TOK|desert,Key pruned (Block size > 500),"All shared keys (['US|NP6|desert', 'US|NP4|dese', 'US|TOK|pioneer', 'US|TOK|desert']) exceeded max_block_size"
S1-425573756,S3-231353554,source3,India,Great Tech LLP,ग्रेट टेक एलएलपी,"1St Floor Vijas House Densons Plot No C 1 Cama Industrial Estate Walbhatt Road Gao, Regaon E, Mumbai, Mumbai City, Maharashtra","1St/2 Floor Vijas House Densons Plot No C 1 Cama Industrial Estate Walbhatt Road Gao, Regaon E, Mumbai City, Mumbai, MH",great tech,गर ट ट क एलएलप,False,False,False,False,False,False,,Indic script vs Latin name,Cand name is in Indic script; no shared address key generated
S1-547141058,S2-48051423,source2,US,Capital Cascade Alussa LLC,CAPITAL CASCADE,"Mount Rainier, 4012 35th Street, MD","4012-4016 35TH ST, MOUNT RAINIER, MD",capital cascade alussa,capital cascade,True,True,True,False,False,False,US|TOK|capital;US|NP6|capita;US|TOK|cascade;US|NP4|capi,Key pruned (Block size > 500),"All shared keys (['US|TOK|capital', 'US|NP6|capita', 'US|TOK|cascade', 'US|NP4|capi']) exceeded max_block_size"
S1-995897123,S3-994760261,source3,US,Creative Crystal Marshall,Creative Cresstal Marshall,"12010 Corona Lane, Houston, TX","1201 Corona Ln, Houston, Texas",creative crystal marshall,creative cresstal marshall,True,True,True,False,False,False,US|TOK|creative;US|TOK|marshall;US|NP4|crea;US|NP6|creati,Key pruned (Block size > 500),"All shared keys (['US|TOK|creative', 'US|TOK|marshall', 'US|NP4|crea', 'US|NP6|creati']) exceeded max_block_size"
S1-890744498,S3-314743240,source3,India,Lucknow (madras) Limited,Lucknow Lucknow (madras),"25-B, First Floor, Ashok Marg, Sikander Bagh Crossing, Hazratganj, Lucknow, Uttar Pradesh","Lucknow, UP, D/25-b, First Floor, Ashok Marg, Sikander Bagh Crossing, Hazratganj, Lucknow",lucknow madras,lucknow lucknow madras,True,True,True,False,False,False,India|TOK|madras;India|NP4|luck;India|NP6|luckno;India|TOK|lucknow,Truncated by max_candidates_per_query,"Shared key survived (['India|TOK|madras']), but candidate rank exceeded top-200"
S1-855840309,S3-435306562,source3,India,Classic Investments Private Limited,Private Classic Invesmtfnms [Limited],"Gujarat, Ellisbridge, Shitiratna, Near Panchvati Circle, 803, Ahmedabad","Door No 189 803, Shitiratna, Near Panchvati Circle, Ahmedabad, Ellisbridge, GJ",classic investments,classic invesmtfnms,True,True,True,False,False,False,India|NP4|clas;India|TOK|classic;India|NP6|classi,Key pruned (Block size > 500),"All shared keys (['India|NP4|clas', 'India|TOK|classic', 'India|NP6|classi']) exceeded max_block_size"
S1-507257254,S2-420623386,source2,India,Galaxy Consultancy Limited,ಗ್ಯಾಲಕ್ಸಿ ಕನ್ಸಲ್ಟೆನ್ಸಿ ಲಿಮಿಟೆಡ್,"#270 10Th Main 2Nd Block Jayanagar, Bangalore, Karnataka","BENGALURU, #G-270 10TH MAIN 2ND BLOCK JAYANAGAR, BANGALORE, Karnataka",galaxy consultancy,ಗಯ ಲಕಸ ಕನಸಲಟ ನಸ ಲ ಮ ಟ ಡ,False,False,False,False,False,False,,Indic script vs Latin name,Cand name is in Indic script; no shared address key generated
S1-20948977,S3-332066871,source3,India,First Food Pvt Ltd,फर्स्ट फूड प्रा. लि.,"Faizabad, Sarveshwari Nagar, Uttar Pradesh, Behind Surya Complex Naka By Pass","Sarveshwari Nagar, N/A, Faizabad, UP",first food,फरसट फ ड पर ल,False,False,False,False,False,False,,Indic script vs Latin name,Cand name is in Indic script; no shared address key generated
S1-445549867,S2-432767188,source2,US,BI Total LLC,BI  LLC CENTER,"1870 Military Road, Tonawanda, NY","NY, TONAWANDA, 870 MILITARY ROAD",bi total,bi llc center,False,False,False,False,False,False,,Severe name & address variation,Both name and address have extensive structural differences
S1-288398730,S3-506651055,source3,India,Services Raaj Infra Private Limited,Services Services Raj Infra-Private Limited,"Shop No. 179, Kishanpolebazar, Jaipur, Rajasthan","Door No 179, Jaipur, राजस्थान",services raaj infra,services services raj infra,True,True,True,False,False,False,India|NP4|serv;India|TOK|infra;India|NP6|servic,Key pruned (Block size > 500),"All shared keys (['India|NP4|serv', 'India|TOK|infra', 'India|NP6|servic']) exceeded max_block_size"
S1-743030178,S3-925535014,source3,India,Apex It Private Limited,অ্যাপেক্স আইটি প্রাইভেট লিমিটেড,"1St Floor, 7/32/6/1 Barada Basak Street Baranagar, Kolkata, Parganas North, West Bengal","Door No 1St Floor, Kolkata, Parganas North, WB",apex it,অয প কস আইট পর ইভ ট ল ম ট ড,False,False,False,False,False,False,,Indic script vs Latin name,Cand name is in Indic script; no shared address key generated
S1-837704863,S3-386638522,source3,India,Chennai Secret,Chennai  Seaet,"Chennai, Beta Wing, 4Th Floor Unit No. 408/2, No. 177, Anna Salai, Raheja Towers, Tamil Nadu, Chennai","Raheja Towers, Madras, Chennai, TN",chennai secret,chennai seaet,True,True,True,False,False,False,India|NP4|chen;India|TOK|chennai;India|NP6|chenna,Key pruned (Block size > 500),"All shared keys (['India|NP4|chen', 'India|TOK|chennai', 'India|NP6|chenna']) exceeded max_block_size"
S1-316755315,S2-930854295,source2,India,Sun Producer Private Limited,M/s Jaxzeta,"Office No. 308, 3F, A-43, Sector 63, Noida, Gautam Buddha Nagar, Uttar Pradesh","OFFICE NO. 308, GAUTAM BUDDHA NAGAR, Uttar Pradesh",sun producer,jaxzeta,False,False,False,False,False,False,,"Address similar, Name alias/mismatch","Address shares tokens {'nagar', '308', 'buddha', 'office', 'gautam', 'up'}, but names share 0 tokens"
S1-571375750,S3-319617359,source3,India,Sky Software Pvt Ltd,स्काई सॉफ्टवेयर प्रा. लि.,"New Delhi, Delhi, Neeti Bagh, 19 Dda Flats","#19- Dda Flats, DL, Neeti Bagh, New Delhi",sky software,सक ई स फटव यर पर ल,False,False,False,False,False,False,,Indic script vs Latin name,Cand name is in Indic script; no shared address key generated
S1-182981265,S3-375928459,source3,India,Real Consulting Private Limited,रियल कंसल्टिंग प्राइवेट लिमिटेड,"E-4, Dhawandeep, Jantar Mantar Road Delhi, Delhi, Central Delhi, Delhi","New Delhi Zone, Dhawandeep, Jantar Mantar Road Delhi, E-4, DL",real consulting,र यल क सलट ग पर इव ट ल म ट ड,False,False,False,False,False,False,,Indic script vs Latin name,Cand name is in Indic script; no shared address key generated
S1-986669870,S2-726966483,source2,US,Unified Staffing Inc,UNIFIED INC SERVICES,"1757 Princeton Avenue, Saint Paul, MN","1757- PRINCETON AVE, SAINT PAUL, MN",unified staffing,unified inc services,True,True,True,False,False,False,US|TOK|unified;US|NP4|unif;US|NP6|unifie,Key pruned (Block size > 500),"All shared keys (['US|TOK|unified', 'US|NP4|unif', 'US|NP6|unifie']) exceeded max_block_size"
S1-638016430,S3-555575622,source3,US,Vision Group,VISION VISION GROUP Enterprises,"OH, Killbuck, 186 Grover Street",,vision group,vision vision group enterprises,True,True,True,False,False,False,US|NP4|visi;US|TOK|vision;US|NP6|vision,Key pruned (Block size > 500),"All shared keys (['US|NP4|visi', 'US|TOK|vision', 'US|NP6|vision']) exceeded max_block_size"
S1-555242352,S2-253027494,source2,India,Prime Media Pvt Ltd,प्राइम मीडिया प्रा. लि.,"C/O Ramesh Bhagchand Ginnare Dharampuri, Khandwa, Indore, Madhya Pradesh","C/O RAMESH BHAGCHAND GINNARE DHARAMPURI, INDORE, KHANDWA, मध्य प्रदेश",prime media,पर इम म ड य पर ल,False,False,False,False,False,False,,Indic script vs Latin name,Cand name is in Indic script; no shared address key generated
S1-741677549,S3-628349494,source3,US,Gasoft,Arckorcira,"263 Orchard Street, Millis, MA","263 Orhard Street, Millis, Massachusetts",gasoft,arckorcira,False,False,False,False,False,False,,"Address similar, Name alias/mismatch","Address shares tokens {'millis', '263'}, but names share 0 tokens"
S1-786130365,S3-289355501,source3,India,Alpha Technologies Pvt Ltd,Shri alphatechnologies.com,"Plot No.10, Local Shopping Complex, Sector B Pocket-7, Vasant Kunj, New Delhi, South Delhi, Delhi","New Delhi, South Delhi, दिल्ली, #10",alpha technologies,shri alphatechnologies,False,False,False,False,False,False,,"Address similar, Name alias/mismatch","Address shares tokens {'south', '10', 'new', 'dl'}, but names share 0 tokens"
S1-102422131,S3-778505908,source3,US,Mountain Bright Metlife L.L.C.,Mountain Bright,"927 14th Street, Cloquet, MN","927 Fourteenth Street, Cloquet, Minnesota",mountain bright metlife,mountain bright,True,True,True,False,False,False,US|NP4|moun;US|NP6|mounta;US|TOK|bright;US|TOK|mountain,Key pruned (Block size > 500),"All shared keys (['US|NP4|moun', 'US|NP6|mounta', 'US|TOK|bright', 'US|TOK|mountain']) exceeded max_block_size"
S1-473112445,S3-84017453,source3,US,"Epperson, Howell & Corcoran LLC",Zephbeloumbra,"Frankfort, IN, 2778 400","400, Frankfort, Indiana",epperson howell and corcoran,zephbeloumbra,False,False,False,False,False,False,,"Address similar, Name alias/mismatch","Address shares tokens {'frankfort', '400'}, but names share 0 tokens"
S1-612712472,S2-638600541,source2,India,Maa Industries Private Limited,മാ ഇൻഡസ്ട്രീസ് പ്രൈവറ്റ് ലിമിറ്റഡ്,"Palackal Court M.G.Road, Ernakulam, Kerala","DOOR NO 539- PALACKAL COURT M.G.ROAD, ERNAKULAM, KOCHI, Kerala",maa industries,മ ഇൻഡസടര സ പര വററ ല മ ററഡ,False,False,False,False,False,False,,Indic script vs Latin name,Cand name is in Indic script; no shared address key generated
S1-421597533,S3-123006873,source3,US,Cascade Fund,Cascade [Ffbfnd],"35840 Chester Road, Unit STE C, Avon, OH","Chester Rd, # STE C, Avon, Ohio",cascade fund,cascade ffbfnd,True,True,True,False,False,False,US|NP4|casc;US|NP6|cascad;US|TOK|cascade,Key pruned (Block size > 500),"All shared keys (['US|NP4|casc', 'US|NP6|cascad', 'US|TOK|cascade']) exceeded max_block_size"
S1-64263582,S2-886741749,source2,India,North Pioneer Finance Private Limited,नॉर्थ पायोनियर फाइनेंस प्राइवेट लिमिटेड,"C/O Ramesh Chand Vishwakarma Kakaharawa, Sadar, Mirzapur, Uttar Pradesh","C/O RAMESH CHAND VISHWAKAMRA KAKAHARAWA, SADAR, MIRZAPUR, उत्तर प्रदेश",north pioneer finance,न रथ प य न यर फ इन स पर इव ट ल म ट ड,False,False,False,False,False,False,,Indic script vs Latin name,Cand name is in Indic script; no shared address key generated
S1-559249977,S2-312080751,source2,India,My Investment Private Limited,माय इन्वेस्टमेंट प्राइवेट लिमिटेड,"C/O Mayank Anilkumar Sing, Chinchani District Thane, Palghar, Thane, Maharashtra","C/O MAYANK ANILKUMAR SING, PALGHAR, THANE, Maharashtra",my investment,म य इनव सटम ट पर इव ट ल म ट ड,False,False,False,False,False,False,,Indic script vs Latin name,Cand name is in Indic script; no shared address key generated
S1-290115538,S3-764708025,source3,India,Nkb Shelters Pvt Ltd,Ltd Nkb Pvt Partners,"401 Kedarnath House, Somnathsociety Ravapar Rd, Tankara, Rajkot, Gujarat","H.no 401/5 Kedarnath House, Somnathsociety Ravapar Rd, Tankara, Rajkot, GJ",nkb shelters,nkb pvt partners,False,False,False,False,False,False,,Prefix-3 match (Typo after 3 chars),Names share first 3 chars ('nkb') but diverge at char 4
S1-678605455,S2-296987484,source2,US,Leque Inc.,Inc. Leqeu,"405 Edwards Street, Epworth, IA","40 EDWARDS STREET, EPWORTH, IA",leque,leqeu,False,False,False,False,False,False,,"Address similar, Name alias/mismatch","Address shares tokens {'edwards', 'ia', 'epworth'}, but names share 0 tokens"
S1-558402641,S2-231169879,source2,India,Jay East Logistics Private Limited,जय ईस्ट लॉजिस्टिक्स प्राइवेट लिमिटेड,"1-2, Ratan Shikha Building, Near Gokhale Park, Janta Colony, Jaipur, Rajasthan","PLOT 496 1-2, RATAN SHIKHA BUILDING, NEAR GOKHALE PARK, JANTA COLONY, JAIPUR, Rajasthan",jay east logistics,जय ईसट ल ज सट कस पर इव ट ल म ट ड,False,False,False,False,False,False,,Indic script vs Latin name,Cand name is in Indic script; no shared address key generated
S1-586699005,S2-253918587,source2,US,Advanced Intelligence Products,Advanced Ínelllighcnce Products,"300 Swift Avenue, Unit 5, Durham, NC","300 SWIT AVE, DURHAM, NC",advanced intelligence products,advanced inelllighcnce products,True,True,True,False,False,False,US|NP4|adva;US|NP6|advanc;US|TOK|advanced,Key pruned (Block size > 500),"All shared keys (['US|NP4|adva', 'US|NP6|advanc', 'US|TOK|advanced']) exceeded max_block_size"
S1-652087131,S2-331724180,source2,India,Best Services,बेस्ट सर्विसेज,"Alamnagar Road, Uttar Pradesh, Lucknow, 356/208/016, Lucknow","RAI BARELI, 356/208/016, Uttar Pradesh",best services,ब सट सरव स ज,False,False,False,False,False,False,,Indic script vs Latin name,Cand name is in Indic script; no shared address key generated
S1-996196567,S2-64489164,source2,India,Swastik Consultants,स्वस्तिक कंसल्टेंट्स,"P.N 121, Jaipur, Shri Govind Nagar First, Niwaroo, Jaipur, Rajasthan","JAIPUR, P.N 121, राजस्थान",swastik consultants,सवसत क क सलट टस,False,False,False,False,False,False,,Indic script vs Latin name,Cand name is in Indic script; no shared address key generated
S1-334069535,S3-480391326,source3,India,Red Consultants Private Limited,రెడ్ కన్సల్టెంట్స్ ప్రైవేట్ లిమిటెడ్,"Tirumalagiri, 1-1-1115/411, Hyderabad, Panchasheela, Enclave, Ht Lane, Spg Grand, Telangana","C-1-1-1115/411, Hyderabad, Tirumalagiri, తెలంగాణ",red consultants,ర డ కనసలట టస పర వ ట ల మ ట డ,False,False,False,False,False,False,,Indic script vs Latin name,Cand name is in Indic script; no shared address key generated
S1-117189625,S2-716171226,source2,India,New Food Private Limited,न्यू फूड प्राइवेट लिमिटेड,"Flat No.201, T-163 Second Floor, Uttam Nagar, Delhi, West Delhi, Delhi","NO 8-201, SOUTH EAST DELHI, WEST DELHI, Delhi",new food,नय फ ड पर इव ट ल म ट ड,False,False,False,False,False,False,,Indic script vs Latin name,Cand name is in Indic script; no shared address key generated
S1-336017308,S3-153299623,source3,India,Blue Construction,બ્લૂ કન્સ્ટ્રક્શન,"Plot No: 914-915, Near Krushi Crop, At- Kerala, Gidc Ta: Bavala, Village: Ke, Rala, Ahmedabad, Gujarat","Door No 708 Plot No: 914-915, Near Krushi Crop, At- Kerala, Gidc Ta: Bavala, Village: Ke, Rala, Ahmedabad, ગુજરાત",blue construction,બલ કનસટરકશન,False,False,False,False,False,False,,Indic script vs Latin name,Cand name is in Indic script; no shared address key generated
S1-226406358,S3-781304133,source3,US,Wilson and Pak John,Wilson and Pak Services,"6927 Skyline Drive, Peoria, IL","6927 Skyline Drive, Peoria Tonwship, Illinois",wilson and pak john,wilson and pak services,True,True,True,False,False,True,US|TOK|wilson;US|NP6|wilson;US|NP4|wils;US|ADDR|6927_skyline,Truncated by max_candidates_per_query,"Shared key survived (['US|ADDR|6927_skyline']), but candidate rank exceeded top-200"
S1-31839210,S3-263642356,source3,India,Ganpati Traders Ltd,GT,"Mehsana, Wellcome Complex, Nr. Manav Ashram, Visnagar Link Road, Mahesana, Gujarat, 14","14, Wellcome Complex, Nr. Manav Ashram, Visnagar Link Road, Mehsana, Mahesana, Gujarat",ganpati traders,gt,False,False,False,False,False,False,,Short business name,Short name (<4 chars) produced no prefix/token matches
S1-846574110,S2-974966449,source2,US,Portland Federal Muzero,Federal Portland Muaeto,"725 23rd Avenue, Portland, OR","725-A 23RD AVENUE, NULL, PORTLAND, OR",portland federal muzero,federal portland muaeto,False,False,True,False,False,False,US|TOK|portland;US|TOK|federal,Truncated by max_candidates_per_query,"Shared key survived (['US|TOK|portland']), but candidate rank exceeded top-200"
S1-799752443,S3-766907188,source3,India,Real Estate Limited,Rea1 Estate Ltd,"C/O Hami Dulah, Vill-Malpatti, Ps-Kamtaul, Darbhanga, Bihar","Darbhanga, C/o Hai Dulah, BR, Vill-malpatti, Ps-kamtaul, Darbhanga",real estate,rea1 estate,False,False,True,False,False,False,India|TOK|estate,Key pruned (Block size > 500),All shared keys (['India|TOK|estate']) exceeded max_block_size
S1-612826949,S2-381281396,source2,India,Vision Care Limited,विजन केयर लिमिटेड,"Flat No: 1202, Tower-15, The Close South, Nirvana Country, Sector-50, Gurgaon, Haryana","C-881 FLAT NO: 1202, GURGAON, Haryana",vision care,व जन क यर ल म ट ड,False,False,False,False,False,False,,Indic script vs Latin name,Cand name is in Indic script; no shared address key generated
S1-605666486,S2-758581252,source2,India,Sunrise Gold Energy Private Limited,सनराइज गोल्ड एनर्जी प्राइवेट लिमिटेड,"582, Aggarwal Millenium Tower -Ii, Netaji Subhash Place, Delhi, North Delhi, Delhi","दिल्ली, NORTH DELHI, DELHI, 603 582",sunrise gold energy,सनर इज ग लड एनरज पर इव ट ल म ट ड,False,False,False,False,False,False,,Indic script vs Latin name,Cand name is in Indic script; no shared address key generated
S1-372172873,S3-899812702,source3,US,Meridian Artificial LLC,Meridian Arthifcil LLC,"62 Double Springs Road, Fayetteville, AR","62 Double Springs Road, Fayetteville, Arkansas",meridian artificial,meridian arthifcil,True,True,True,False,False,True,US|ADDR|62_double;US|NP4|meri;US|TOK|meridian;US|NP6|meridi,Truncated by max_candidates_per_query,"Shared key survived (['US|ADDR|62_double']), but candidate rank exceeded top-200"
S1-757724109,S3-931996272,source3,India,Red Agro Private Limited,রেড অ্যাগ্রো প্রাইভেট লিমিটেড,"2/1A, Sarat Bose Road, Lansdowne Towers, 4Th Flr, Kolkata, Kolkata, Howrah, West Bengal","2/1A, Howrah, Kolkata, WB",red agro,র ড অয গর পর ইভ ট ল ম ট ড,False,False,False,False,False,True,India|UNIT|21a,Truncated by max_candidates_per_query,"Shared key survived (['India|UNIT|21a']), but candidate rank exceeded top-200"
S1-112308458,S3-912982146,source3,US,Pioneer Semiconductor Global PC,pioneersemiconductorglobal.com,"39 Scranton Avenue, NY, Staten Island","39- Scranton Avenue, null, Staten Island, New York",pioneer semiconductor global pc,pioneersemiconductorglobal,True,True,False,False,False,False,US|NP6|pionee;US|NP4|pion,Key pruned (Block size > 500),"All shared keys (['US|NP6|pionee', 'US|NP4|pion']) exceeded max_block_size"
S1-590321576,S3-661574062,source3,India,Vision Global Pvt Ltd,Vision Pvt Ltd Services,"Kota, Rajasthan, Kota, Gopal Vihar, Baran Road, 33","#180 33, Kota, राजस्थान",vision global,vision pvt ltd services,True,True,True,False,False,False,India|NP4|visi;India|NP6|vision;India|TOK|vision,Key pruned (Block size > 500),"All shared keys (['India|NP4|visi', 'India|NP6|vision', 'India|TOK|vision']) exceeded max_block_size"
S1-749692252,S2-309370141,source2,India,Ace Tech Pvt Ltd,Smt Ace Tlh Pvt Ltd,"Tirunelveli, Tamil Nadu, 7A, Tirunelveli, East Bus Stand Street Kalakad","7A, EAST BUS STAND STREET KALAKAD, TIRUNELVELI, Tamil Nadu",ace tech,smt ace tlh,False,False,False,False,False,False,,Token variation / Substring,Sub-token present in raw candidate name but missed in core name
S1-819966462,S3-40413512,source3,US,R M & E Renewables P.C.,R M + E Renewables,"3451 46, NY, Hopewell","3451 1/2 46, Canandaigua, New York",r m and e renewables p c,r m e renewables,False,False,True,False,False,False,US|TOK|renewables,Truncated by max_candidates_per_query,"Shared key survived (['US|TOK|renewables']), but candidate rank exceeded top-200"
S1-336017308,S2-244058830,source2,India,Blue Construction,બ્લૂ કન્સ્ટ્રક્શન,"Plot No: 914-915, Near Krushi Crop, At- Kerala, Gidc Ta: Bavala, Village: Ke, Rala, Ahmedabad, Gujarat","PLOT NO: 914-915, AHMEDABAD, Gujarat",blue construction,બલ કનસટરકશન,False,False,False,False,False,False,,Indic script vs Latin name,Cand name is in Indic script; no shared address key generated
S1-778442477,S2-28045503,source2,US,Horizon Digital Holdings,Horizon Holdings Center,"1110 Jefferson Street, Waxahachie, TX",,horizon digital holdings,horizon holdings center,True,True,True,False,False,False,US|TOK|horizon;US|NP6|horizo;US|NP4|hori,Key pruned (Block size > 500),"All shared keys (['US|TOK|horizon', 'US|NP6|horizo', 'US|NP4|hori']) exceeded max_block_size"
S1-566009366,S2-209081816,source2,India,Shakti Consultancy Pvt Ltd,शक्ति कंसल्टेंसी प्रा. लि.,"New Delhi, New Millennium, Plot No. 2, Sector 23, 641, Dwarka, Delhi","641, NEW MILLENNIUM, PLOT NO. 2, SECTOR 23, DWARKA, NEW DELHI, Delhi",shakti consultancy,शकत क सलट स पर ल,False,False,False,False,False,False,,Indic script vs Latin name,Cand name is in Indic script; no shared address key generated
S1-94411349,S3-469305796,source3,US,Unified Ethereum P.C.,Unified P.C. Center,"4311 Kenston Place, Missouri City, TX",,unified ethereum p c,unified p c center,True,True,True,False,False,False,US|TOK|unified;US|NP4|unif;US|NP6|unifie,Key pruned (Block size > 500),"All shared keys (['US|TOK|unified', 'US|NP4|unif', 'US|NP6|unifie']) exceeded max_block_size"
S1-591847195,S3-659519980,source3,US,Ridgeline,Rngdbctrline,"825 Myrtle Street, Staunton, IL","25 Myrtle Street, Staunton, Illinois",ridgeline,rngdbctrline,False,False,False,False,False,False,,"Address similar, Name alias/mismatch","Address shares tokens {'il', 'staunton', 'myrtle'}, but names share 0 tokens"
S1-822296117,S3-500266786,source3,US,Roberts Continental Lafayette Clinic,Roberts Continental,"25 Yellowstone Trail, Livingston, MT","25 Yellowstone Trail, Livingston, MT",roberts continental lafayette clinic,roberts continental,True,True,True,False,False,True,US|ADDR|25_yellowstone;US|NP6|robert;US|TOK|roberts;US|NP4|robe;US|TOK|continental,Truncated by max_candidates_per_query,"Shared key survived (['US|ADDR|25_yellowstone']), but candidate rank exceeded top-200"
S1-21999003,S3-174563442,source3,India,Super Constructions Private Limited,सुपर कंस्ट्रक्शंस प्राइवेट लिमिटेड,"Madhya Pradesh, Rewa, Near Rampur House Civil Line Jhiriya, Rewa","मध्य प्रदेश, Rewa, Near Rampur House Civil Line Jhiriya, Rewa",super constructions,स पर क सटरकश स पर इव ट ल म ट ड,False,False,False,False,False,False,,Indic script vs Latin name,Cand name is in Indic script; no shared address key generated
S1-249124616,S3-662506400,source3,India,North Producer Private Limited,नॉर्थ प्रोड्यूसर प्राइवेट लिमिटेड,"H No 151 Ganpati Galli Waluj, Aurangabad, Maharashtra","H No 1-51 Ganpati Galli Waluj, Aurangabad, MH",north producer,न रथ पर डय सर पर इव ट ल म ट ड,False,False,False,False,False,False,,Indic script vs Latin name,Cand name is in Indic script; no shared address key generated
S1-898409585,S2-415717965,source2,India,Suchitra Clinic Private Limited,5uchitra Clinic Private Limited,"Sri. Vijay Shankar Bathuwa, Mirzapur, Uttar Pradesh","SRI. VIJAY SHANKAR BATHUWA, MIRZAPUR, Uttar Pradesh",suchitra clinic,5uchitra clinic,False,False,True,False,False,False,India|TOK|clinic,Key pruned (Block size > 500),All shared keys (['India|TOK|clinic']) exceeded max_block_size
S1-316755315,S2-467580943,source2,India,Sun Producer Private Limited,सन प्रोड्यूसर प्राइवेट लिमिटेड,"Office No. 308, 3F, A-43, Sector 63, Noida, Gautam Buddha Nagar, Uttar Pradesh","OFFICE NO. 308, NOIDA, GAUTAM BUDDHA NAGAR, उत्तर प्रदेश",sun producer,सन पर डय सर पर इव ट ल म ट ड,False,False,False,False,False,False,,Indic script vs Latin name,Cand name is in Indic script; no shared address key generated
S1-365634347,S2-368827389,source2,US,Modern Soulpower LLC,Modern  LLC Center,"1002 Kensington Circle, Fredericksburg City, VA","KENSINGTON CIRCLE, FREDERICKSBURG CITY, VA",modern soulpower,modern llc center,True,True,True,False,False,False,US|NP4|mode;US|NP6|modern;US|TOK|modern,Key pruned (Block size > 500),"All shared keys (['US|NP4|mode', 'US|NP6|modern', 'US|TOK|modern']) exceeded max_block_size"
S1-445941109,S2-364329044,source2,India,Black Logistics Limited,ब्लैक लॉजिस्टिक्स लिमिटेड,"Haryana, C/Oraj Rani, Kurukshetra, Shop No63, Near Sangam Palace Professorcolony, Ambala Road, Teh-Pehowa","HN 52 C/ORAJ RANI, SHOP NO63, NEAR SANGAM PALACE PROFESSORCOLONY, AMBALA ROAD, TEH-PEHOWA, KURUKSHETRA, Haryana",black logistics,बल क ल ज सट कस ल म ट ड,False,False,False,False,False,False,,Indic script vs Latin name,Cand name is in Indic script; no shared address key generated
S1-145259625,S3-924378615,source3,India,International Systems Private Limited,International Systems  Pnriae Limited,"304, 4Th Floor, Bhagya Nagar, Balanagar, Hyderabad, Telangana","#304, Ranga Ready, Balanagar, TG",international systems,international systems pnriae,True,True,False,False,False,False,India|NP6|intern;India|NP4|inte,Key pruned (Block size > 500),"All shared keys (['India|NP6|intern', 'India|NP4|inte']) exceeded max_block_size"
S1-107704460,S3-571936724,source3,India,Aditya Investment Limited,आदित्य इन्वेस्टमेंट लिमिटेड,"Dhule, Maharashtra, Nardana Babhale Phata, Midc, Nardana, Tal Shindkheda, P N F-6","P N F-##6, Nardana Babhale Phata, Midc, Nardana, Tal Shindkheda, Dhule, महाराष्ट्र",aditya investment,आद तय इनव सटम ट ल म ट ड,False,False,False,False,False,False,,Indic script vs Latin name,Cand name is in Indic script; no shared address key generated
S1-357133147,S3-494488267,source3,India,Sai Technologies Pvt Ltd,Shri Sai Technologies Pvt Ltd,"H.No. 64 B, Govindpuram, New Tilpat Colony, Faridabad, Haryana","Door No D/64 B, Govindpuram, New Tilpat Colony, Faridabad, HR",sai technologies,shri sai technologies,False,False,False,False,False,False,,Token variation / Substring,Sub-token present in raw candidate name but missed in core name
S1-594497707,S3-969676756,source3,India,Jay Services (India) Ltd,Jay Soecvies (India) Ltd,"F Pl No284, T P S-Iii, Mumbai, Maharashtra, Borivali West, 401 Neelkanth","Neelkanth, Mumbai, Borivali West, MH",jay services india,jay soecvies india,True,False,True,False,False,False,India|TOK|india;India|NP4|jays,Truncated by max_candidates_per_query,"Shared key survived (['India|NP4|jays']), but candidate rank exceeded top-200"
S1-802247394,S3-630659673,source3,India,Galaxy Solutions Private Limited,गैलेक्सी सॉल्यूशंस प्राइवेट लिमिटेड,"45/1 Masjid Bazar Lane, Bhogal, New Delhi, Delhi","45/ Masjid Bazar Lane, New Delhi, Bhogal, DL",galaxy solutions,ग ल कस स लय श स पर इव ट ल म ट ड,False,False,False,False,False,False,,Indic script vs Latin name,Cand name is in Indic script; no shared address key generated
S1-545946302,S3-336045709,source3,US,Precision Carolina Inc,Precisioncarolina.Com,"75 Mahogany Run, NY, Pittsford","1- Mahogany Run, NULL, Pittsford, New York",precision carolina,precisioncarolina,True,True,False,False,True,False,US|NP4|prec;US|NP6|precis;US|NCOMP|precisioncarolina,Truncated by max_candidates_per_query,"Shared key survived (['US|NCOMP|precisioncarolina']), but candidate rank exceeded top-200"
S1-229636920,S3-617527661,source3,US,Hughes Ashford LLC,Center Hughes LLC,"2042 71 Street, Brooklyn, NY","2042 71 St, New York, Brokolyn",hughes ashford,center hughes,False,False,True,False,False,False,US|TOK|hughes,Key pruned (Block size > 500),All shared keys (['US|TOK|hughes']) exceeded max_block_size
S1-601212223,S3-969464817,source3,India,Chennai Technologies Private Limited,Chennai Tecnnotlogies Private Limited,"No.1/1525B, 4Th Street B.M.Nagar, Chennai, Tamil Nadu","No.1/1525, TN, Chennai, 4Th Street B.m.nagar",chennai technologies,chennai tecnnotlogies,True,True,True,False,False,False,India|NP4|chen;India|TOK|chennai;India|NP6|chenna,Key pruned (Block size > 500),"All shared keys (['India|NP4|chen', 'India|TOK|chennai', 'India|NP6|chenna']) exceeded max_block_size"
S1-40930902,S3-695458327,source3,India,Shreeji & Co,Xylócalo,"C/O Khanna Nursing Home, Opposite Gill Petrol Pump G.T. Road, Punjab, Khanna","C/o Khanna Nursing Home, Opposite Gill Petrol Pump G.t. Road, Khanna, PB",shreeji and,xylocalo,False,False,False,False,False,False,,"Address similar, Name alias/mismatch","Address shares tokens {'gill', 'pb', 'g', 't', 'home', 'c/o', 'nursing', 'petrol', 'opposite', 'pump', 'khanna'}, but names share 0 tokens"
S1-262875473,S3-340133984,source3,India,Indo Impex,Shri Drextavo,"Near Devi Sthan Gali No. 3, Patna, Bihar, Laljee Tola, Po - Gpo","Po - Gpo, Laljee Tola, Patna, Near Devi Sthan Gali No. 3, BR",indo impex,shri drextavo,False,False,False,False,False,False,,"Address similar, Name alias/mismatch","Address shares tokens {'patna', 'devi', 'br', 'gali', 'sthan', 'tola', 'po', 'near', 'gpo', '3', 'laljee', '-'}, but names share 0 tokens"
S1-156011256,S2-139194535,source2,India,Maa Ventures Pvt Ltd,मां वेंचर्स प्रा. लि.,"Hno 114, Rajendra, Ward No 1, Jabalpur, Sihora, Katni, Madhya Pradesh","114, SIHORA, KATNI, मध्य प्रदेश",maa ventures,म व चरस पर ल,False,False,False,False,False,False,,Indic script vs Latin name,Cand name is in Indic script; no shared address key generated
S1-414990330,S3-618799117,source3,US,QN Block Inc,QN Bmaeck Inc,"5740 59th Avenue, Unit 1121, Glendale, AZ","Unit 1121, Arizona, Glendale, 574 59th Ave",qn block,qn bmaeck,False,False,False,False,False,False,,Prefix-3 match (Typo after 3 chars),Names share first 3 chars ('qnb') but diverge at char 4
S1-141265210,S3-586411589,source3,US,Physical Therapy Group,physicaltherapy.com,"Maynard, Unit 6, 2 Oakridge Drive, MA","2 Oakridge Drive, # 6, Maynard, Massachusetts",physical therapy group,physicaltherapy,True,True,False,False,False,False,US|NP6|physic;US|NP4|phys,Key pruned (Block size > 500),"All shared keys (['US|NP6|physic', 'US|NP4|phys']) exceeded max_block_size"
S1-24776474,S2-195446349,source2,India,Pioneer Infrastructure Private Limited,પાયોનિયર ઇન્ફ્રાસ્ટ્રક્ચર પ્રાઇવેટ લિમિટેડ,"Office 303, Dharm Nandan, Complex, Balisheri, Rampura, Surat City, Surat, Gujarat","OFFICE 303, SURAT CITY, SURAT, ગુજરાત",pioneer infrastructure,પ ય ન યર ઇનફર સટરકચર પર ઇવ ટ લ મ ટ ડ,False,False,False,False,False,False,,Indic script vs Latin name,Cand name is in Indic script; no shared address key generated
S1-152434149,S2-63363631,source2,US,"Gillman, Roth and Lester Republic LLC",GILLMANROTH.COM,"108 Leona Lane, Huntsville, AL","LEONA LN, HUNTSVILLE, AL",gillman roth and lester republic,gillmanroth,True,True,False,False,False,False,US|NP6|gillma;US|NP4|gill,Truncated by max_candidates_per_query,"Shared key survived (['US|NP6|gillma']), but candidate rank exceeded top-200"
S1-443684341,S3-694606583,source3,US,Literacy Fund PLLC,Literacy Fúnd,"Fl 1, MO, 5301 Aspen Ridge Drive, Columbia","Columbia, Missouri, 5301d Aspen Ridge Drive, Fl. 1",literacy fund pllc,literacy fund,True,True,True,False,False,False,US|NP6|litera;US|TOK|fund;US|TOK|literacy;US|NP4|lite,Key pruned (Block size > 500),"All shared keys (['US|NP6|litera', 'US|TOK|fund', 'US|TOK|literacy', 'US|NP4|lite']) exceeded max_block_size"
S1-966390262,S2-386268013,source2,US,"Keystone Bitwise, LLC",Keystone Bitwddse Bitwddse LLC,"3091 Eastview Way, Buckeye, AZ",,keystone bitwise,keystone bitwddse bitwddse,True,True,True,False,False,False,US|NP6|keysto;US|NP4|keys;US|TOK|keystone,Key pruned (Block size > 500),"All shared keys (['US|NP6|keysto', 'US|NP4|keys', 'US|TOK|keystone']) exceeded max_block_size"
S1-533233593,S2-442878082,source2,India,White Developers Pvt Ltd,व्हाइट डेवलपर्स प्रा. लि.,"139, Ward No. 11, Vikash Nagar, Near Raja Lakhan Baba Mandir, Sonbhadra, Uttar Pradesh","NO. 542. 139, SONBHADRA, ROBERTSGANJ, उत्तर प्रदेश",white developers,वह इट ड वलपरस पर ल,False,False,False,False,False,False,,Indic script vs Latin name,Cand name is in Indic script; no shared address key generated
S1-532220334,S3-345612812,source3,US,Cascade World P.C.,cascadeworld.com,"32 Rainey Road, Greenbrier, AR","32 Rainey Rad, Greennbrier, Arkansas",cascade world p c,cascadeworld,True,True,False,False,False,True,US|NP4|casc;US|NP6|cascad;US|ADDR|32_rainey,Truncated by max_candidates_per_query,"Shared key survived (['US|ADDR|32_rainey']), but candidate rank exceeded top-200"
S1-773140953,S2-885672178,source2,India,Gujarat Technologies Private Limited,குஜராத் டெக்னாலஜீஸ் பிரைவேட் லிமிடெட்,"5Th Avenue, Orur Olcott Road Besant Nagar, Chennai, 35, Tamil Nadu","35, CHENNAI, Tamil Nadu",gujarat technologies,க ஜர த ட கன லஜ ஸ ப ர வ ட ல ம ட ட,False,False,False,False,False,False,,Indic script vs Latin name,Cand name is in Indic script; no shared address key generated
S1-8811279,S2-899899974,source2,India,Guru Developers,ಗುರು ಡೆವಲಪರ್ಸ್,"G-9, 'B' Block, Sns Arcade, Old Airport Road, Bangalore, Karnataka","DOOR NO 97 G-9, BANGALORE, Karnataka",guru developers,ಗ ರ ಡ ವಲಪರಸ,False,False,False,False,False,False,,Indic script vs Latin name,Cand name is in Indic script; no shared address key generated
S1-618175123,S2-814386849,source2,India,Real Hospitality Private Limited,रियल हॉस्पिटैलिटी प्राइवेट लिमिटेड,"House No-4, Shop No-2 Front Portion Basement Floor Blk -J Kirti Nagar, Delhi, West Delhi, Delhi","HOUSE NO-4/8, SHOP NO-2 FRONT PORTION BASEMENT FLOOR BLK -J KIRTI NAGAR, DELHI, WEST DELHI, Delhi",real hospitality,र यल ह सप ट ल ट पर इव ट ल म ट ड,False,False,False,False,False,False,,Indic script vs Latin name,Cand name is in Indic script; no shared address key generated
S1-433682896,S3-763414007,source3,US,Electricians Local Union 393,Electricians Local 393 [Center],"407 Coventry Court, Helena, MT","409 Coventry Ct, Helena, Montana",electricians local union 393,electricians local 393 center,True,True,True,False,False,False,US|TOK|electricians;US|NP6|electr;US|NP4|elec;US|TOK|local,Truncated by max_candidates_per_query,"Shared key survived (['US|TOK|electricians']), but candidate rank exceeded top-200"
S1-555072354,S3-533635806,source3,India,Reef Automation Partners,Wexriza,"C/O.Birendra Kumar Singh Sadhu Chowk, N.H-28, Ward No.3, Sareya, Gopalganj, Bihar","Door No 43 C/o.birendra Kumar Singh Sadhu Chowk, Gopalganj, BR",reef automation partners,wexriza,False,False,False,False,False,False,,"Address similar, Name alias/mismatch","Address shares tokens {'kumar', 'chowk', 'br', 'singh', 'c/o', 'gopalganj', 'sadhu', 'birendra'}, but names share 0 tokens"
S1-93763115,S3-400110131,source3,US,Cardiology Modern Health Inc,Cardiology Modern Inc Services,"1030 8th Street, Yorktown, TX","1030 Eighth Street, PO Box 9648, Yorktown, Texas",cardiology modern health,cardiology modern inc services,True,True,True,False,False,False,US|NP6|cardio;US|TOK|modern;US|NP4|card;US|TOK|cardiology,Key pruned (Block size > 500),"All shared keys (['US|NP6|cardio', 'US|TOK|modern', 'US|NP4|card', 'US|TOK|cardiology']) exceeded max_block_size"
S1-638739020,S3-858901010,source3,US,Regional Staffing Enterprises Inc,Regional Stfaffing Enterprises Inc,"8947 Hollymeade Drive, Fairfax County, VA",,regional staffing enterprises,regional stfaffing enterprises,True,True,True,False,False,False,US|NP6|region;US|NP4|regi;US|TOK|regional,Key pruned (Block size > 500),"All shared keys (['US|NP6|region', 'US|NP4|regi', 'US|TOK|regional']) exceeded max_block_size"
S1-604054176,S3-993695303,source3,US,Harris Peak Microelectronics,Harris Peak,"IN, Indianapolis, Unit APT D, 7486 Rockleigh Avenue","007486 Rockleigh Ave, N/A, Indianapolis, Indiana",harris peak microelectronics,harris peak,True,True,True,False,False,True,US|TOK|peak;US|NP4|harr;US|NP6|harris;US|ADDR|7486_rockleigh;US|TOK|harris,Truncated by max_candidates_per_query,"Shared key survived (['US|ADDR|7486_rockleigh']), but candidate rank exceeded top-200"
S1-86387436,S3-235914450,source3,India,Nmp Traders Company,Nmp,"Karnataka, Layout Tamaka Kolar, C/O C S Harish Kumar Kuda, Kolar","C/O C S Harish Kumar Kuda, Kolar, Karnataka, Layout Tamaka Kolar",nmp traders,nmp,False,False,False,False,False,False,,Short business name,Short name (<4 chars) produced no prefix/token matches
S1-417894341,S3-228839578,source3,India,Kk India Private Limited,Novibrixiri,"Phulwari, Sri Dilip Kumar Singh, Gosai Tola Sadakat Ashram, Bihar, Patna","Sri Dilip Kumar Singh, Gosai Tola Sadakat Ashram, Phulwari, Patna, BR",kk india,novibrixiri,False,False,False,False,False,False,,"Address similar, Name alias/mismatch","Address shares tokens {'kumar', 'patna', 'br', 'singh', 'sadakat', 'phulwari', 'sri', 'dilip', 'tola', 'gosai', 'ashram'}, but names share 0 tokens"
S1-66222580,S3-937818645,source3,US,Signature Aspac,Signature Service,"136 Patriot Way, Poca, WV","136-B Patriot Way, Poca, West Virginia",signature aspac,signature service,True,True,True,False,False,False,US|NP4|sign;US|NP6|signat;US|TOK|signature,Key pruned (Block size > 500),"All shared keys (['US|NP4|sign', 'US|NP6|signat', 'US|TOK|signature']) exceeded max_block_size"
S1-958358002,S2-352616267,source2,India,Ace International Private Limited,एस इंटरनेशनल प्राइवेट लिमिटेड,"C/O Devanti Gupta, 2116051, Dariyapur, Kadam Kuan, Sampatchak, Patna, Bihar","DOOR NO 55 C/O DEVANTI GUPTA, PATNA, SAMPATCHAK, बिहार",ace international,एस इ टरन शनल पर इव ट ल म ट ड,False,False,False,False,False,False,,Indic script vs Latin name,Cand name is in Indic script; no shared address key generated
S1-101541682,S2-563576948,source2,India,Red United Products,રેડ યુનાઇટેડ પ્રોડક્ટ્સ,"Gujarat, Ahmedabad, 702, City Center, Opp. Shukan Mall Science City Road, Sola","702, GANDHI NAGAR, AHMEDABAD, Gujarat",red united products,ર ડ ય ન ઇટ ડ પર ડકટસ,False,False,False,False,False,False,,Indic script vs Latin name,Cand name is in Indic script; no shared address key generated
S1-911254186,S3-858283504,source3,US,Lee Best Championsgate,Lee 8est,"1058 Kensington Avenue, Buffalo, NY","105 Kensington Ave, Buffalo, New York",lee best championsgate,lee 8est,False,False,False,False,False,False,,Prefix-3 match (Typo after 3 chars),Names share first 3 chars ('lee') but diverge at char 4
S1-498218866,S3-564791383,source3,India,Shree Consultancy,Shree Consulatscy,"H.No. 6-426, S.F.S Agarwal Farm, Jaipur, Rajasthan",,shree consultancy,shree consulatscy,True,True,True,False,False,False,India|TOK|shree;India|NP4|shre;India|NP6|shreec,Truncated by max_candidates_per_query,"Shared key survived (['India|NP6|shreec']), but candidate rank exceeded top-200"
S1-222115348,S3-120573308,source3,India,Consulting Vb Productsprivate Ltd,Consulting Vb Psductcsprivate Ltd,"Groundfloor Zameercomplex, Behind Sbi, Canal Road, Raebarely, Raebareli, Uttar Pradesh","Hn 480 Groundfloor Zameercomplex, Behind Sbi, Canal Road, Raebarely, Raebareli, UP",consulting vb productsprivate,consulting vb psductcsprivate,True,True,False,False,False,False,India|NP6|consul;India|NP4|cons,Key pruned (Block size > 500),"All shared keys (['India|NP6|consul', 'India|NP4|cons']) exceeded max_block_size"
S1-704617575,S3-525207512,source3,US,Apex Fortune,Apex Center,"116 Briarwood Drive, Streamwood, IL","00116 Briarwood Drive, Streamwood, Illinois",apex fortune,apex center,True,False,True,False,False,True,US|ADDR|116_briarwood;US|TOK|apex;US|NP4|apex,Truncated by max_candidates_per_query,"Shared key survived (['US|ADDR|116_briarwood']), but candidate rank exceeded top-200"
S1-704919417,S3-184554630,source3,India,NBI Works LLP,NBI LLP  Center,"Uttar Pradesh, Lakhimpur, S/O Sri Sobran Lal Bajpai, Kheri, Village Khakra Chhauchh","Hn D/869 Village Khakra Chhauchh, S/o Sri Sobran Lal Bajpai, Kheri, Lakhimpur, उत्तर प्रदेश",nbi works,nbi llp center,False,False,False,False,False,False,,Prefix-3 match (Typo after 3 chars),Names share first 3 chars ('nbi') but diverge at char 4
S1-7134901,S3-876196075,source3,US,Smart World LLC,Smart LLC Partners,"9640 Owenton Road, Frankfort, KY","Owenton Rd, Frankfort, Kentucky",smart world,smart llc partners,True,False,True,False,False,False,US|TOK|smart;US|NP4|smar,Key pruned (Block size > 500),"All shared keys (['US|TOK|smart', 'US|NP4|smar']) exceeded max_block_size"
S1-668474448,S2-149980945,source2,India,Seven Infotech Pvt Ltd,ಸೆವೆನ್ ಇನ್‌ಫೋಟೆಕ್ Pvt Ltd,"No. 360A, Dr. Rajkumar Road, 12Th Main, Rajajinagar 6Th Block, Bengaluru, Bangalore, Karnataka","NO. 360, DR. RAJKUMAR ROAD, 12TH MAIN, RAJAJINAGAR 6TH BLOCK, BANGALORE, BENGALURU, ಕರ್ನಾಟಕ",seven infotech,ಸ ವ ನ ಇನ ಫ ಟ ಕ,False,False,False,False,False,False,,Indic script vs Latin name,Cand name is in Indic script; no shared address key generated
S1-749766134,S3-329070717,source3,India,Aditya It Private Limited,আদিত্য আইটি প্রাইভেট লিমিটেড,"84/1, Jelia Para Lane P. S. Golabari, Howrah, West Bengal","6-84/1, Howrah, WB",aditya it,আদ তয আইট পর ইভ ট ল ম ট ড,False,False,False,False,False,False,,Indic script vs Latin name,Cand name is in Indic script; no shared address key generated
S1-68298109,S3-913420926,source3,US,General Electronics Partners,General Electronics Services,"1681 Big Branch Road, Clyde, NC","Big Branch Rd, Clyde, North Carolina",general electronics partners,general electronics services,True,True,True,False,False,False,US|TOK|general;US|NP4|gene;US|TOK|electronics;US|NP6|genera,Truncated by max_candidates_per_query,"Shared key survived (['US|NP6|genera']), but candidate rank exceeded top-200"
S1-166510323,S2-623938316,source2,India,White Power Private Limited,વ્હાઇટ પાવર પ્રાઇવેટ લિમિટેડ,"611, J. B. Tower, Opp. Doordarshan Kendra, Ahmadabad City, Ahmedabad, Gujarat","11, J. B. TOWER, OPP. DOORDARSHAN KENDRA, AHMEDABAD, Gujarat",white power,વહ ઇટ પ વર પર ઇવ ટ લ મ ટ ડ,False,False,False,False,False,False,,Indic script vs Latin name,Cand name is in Indic script; no shared address key generated
S1-691806118,S3-132585579,source3,India,Jaipur Services Private Limited,Jaipur Services Prvtre  Limited,"2-A Ganga Path Suraj Nagar West Civil Lines, Jaipur, Rajasthan",,jaipur services,jaipur services prvtre,True,True,True,False,False,False,India|NP6|jaipur;India|NP4|jaip;India|TOK|jaipur,Key pruned (Block size > 500),"All shared keys (['India|NP6|jaipur', 'India|NP4|jaip', 'India|TOK|jaipur']) exceeded max_block_size"
S1-118566854,S2-500085806,source2,India,Bombay Power Pvt Ltd,ಬಾಂಬೆ ಪವರ್ ಪ್ರೈವೇಟ್ ಲಿಮಿಟೆಡ್,"No.592 3Rd Cross Hmt Layout Ganga Nagar Bangalore, Bangalore, Karnataka","NO.C-592 3RD CROSS HMT LAYOUT GANGA NAGAR BANGALORE, BENGALURU, BANGALORE, Karnataka",bombay power,ಬ ಬ ಪವರ ಪರ ವ ಟ ಲ ಮ ಟ ಡ,False,False,False,False,False,False,,Indic script vs Latin name,Cand name is in Indic script; no shared address key generated
S1-68298109,S3-159755560,source3,US,General Electronics Partners,Koraviaria formerly known as General Electronics Partners,"1681 Big Branch Road, Clyde, NC","1681 Big Branch Road, Clyde, NC",general electronics partners,known as general electronics partners,False,False,True,False,False,True,US|TOK|general;US|ADDR|1681_big;US|TOK|partners;US|TOK|electronics,Truncated by max_candidates_per_query,"Shared key survived (['US|ADDR|1681_big']), but candidate rank exceeded top-200"
S1-900348060,S3-917254103,source3,US,Ironclad LLC,Ircead  LLC,"Portland, 15274 Moresby Court, OR","15274 Moresby Court, Portland, Oregon",ironclad,ircead,False,False,False,False,False,True,US|ADDR|15274_moresby,Truncated by max_candidates_per_query,"Shared key survived (['US|ADDR|15274_moresby']), but candidate rank exceeded top-200"
S1-599612665,S2-717038954,source2,India,Dream Marketing Private Limited,ड्रीम मार्केटिंग प्राइवेट लिमिटेड,"Uttar Pradesh, Noida, Plot No 27 & 28 Udyog, Gautam Buddha Nagar, Kendra, Ecotech 3, I.D.A","DOOR NO G-27 & 28 UYDOG, KENDRA, ECOTECH 3, I.D.A, GAUTAM BUDDHA NAGAR, NOIDA, उत्तर प्रदेश",dream marketing,डर म म रक ट ग पर इव ट ल म ट ड,False,False,False,False,False,False,,Indic script vs Latin name,Cand name is in Indic script; no shared address key generated
S1-105397585,S3-297617221,source3,US,Desert Xsolla,lridrex,"200 Jackson Drive, Berryville Town, VA","200 Jackson Drive, Berryville CITY, Virginia",desert xsolla,lridrex,False,False,False,False,False,True,US|ADDR|200_jackson,Truncated by max_candidates_per_query,"Shared key survived (['US|ADDR|200_jackson']), but candidate rank exceeded top-200"
S1-600604729,S2-659111294,source2,India,NX Pharmaceuticals Pvt. Ltd.,NX PVT. LTD. PARTNERS,"H.No.20 Tulsigardens Yapral, Secunderabad, Hyderabad, Telangana","H.NO.B3/20 TULSIGARDENS YAPRAL, SECUNDERABAD, Telangana",nx pharmaceuticals,nx pvt ltd partners,False,False,False,False,False,False,,Prefix-3 match (Typo after 3 chars),Names share first 3 chars ('nxp') but diverge at char 4
S1-538171615,S3-728519698,source3,India,Blue Developers Private Limited,ब्लू डेवलपर्स प्राइवेट लिमिटेड,"House No.3, Block-Hp Pitampura, New Delhi, North Delhi, Delhi","Door No 568 House No.3, North-west Delhi, North Delhi, DL",blue developers,बल ड वलपरस पर इव ट ल म ट ड,False,False,False,False,False,False,,Indic script vs Latin name,Cand name is in Indic script; no shared address key generated
S1-468092067,S3-156749086,source3,US,Direct Highland Northwest Care,Direct,"26 Isabella Street, Unit 9, Boston, MA","Unit 9, 26 Isabella Street, Boston, MA",direct highland northwest care,direct,True,True,True,False,False,False,US|NP6|direct;US|TOK|direct;US|NP4|dire,Key pruned (Block size > 500),"All shared keys (['US|NP6|direct', 'US|TOK|direct', 'US|NP4|dire']) exceeded max_block_size"
S1-758391186,S3-882957674,source3,India,Ss Star Investment Private Limited,ఎస్‌ఎస్ స్టార్ ఇన్వెస్ట్‌మెంట్ ప్రైవేట్ లిమిటెడ్,"P No.56, Guttala Begumpet, Madhapur, Hyderabad, Shaikpet, Hyderabad, Telangana","<NULL>, Hyderabad, Andhra Pradesh, P No.56",ss star investment,ఎస ఎస సట ర ఇనవ సట మ ట పర వ ట ల మ ట డ,False,False,False,False,False,False,,Indic script vs Latin name,Cand name is in Indic script; no shared address key generated
S1-760441816,S3-572300778,source3,US,Midwest Center IV,Midwest Center,"Tacoma, WA, Unit #321, 3910 28th Street","7910 28th St, Tacoma, Washington",midwest center iv,midwest center,True,True,True,False,False,False,US|NP4|midw;US|TOK|midwest;US|NP6|midwes,Key pruned (Block size > 500),"All shared keys (['US|NP4|midw', 'US|TOK|midwest', 'US|NP6|midwes']) exceeded max_block_size"
S1-842983493,S2-878151338,source2,India,Tl Securities Limited,Tl Scrts Limited,"Haren Tex Compoundnear Dahisar Check Naka Dahisar (East), Mumbai, Maharashtra","DOOR NO 584 HAREN TEX COMPOUNDNEAR DAHISAR CHECK NAKA DAHISAR (EAST), MUMBAI, Maharashtra",tl securities,tl scrts,False,False,False,False,False,False,,Prefix-3 match (Typo after 3 chars),Names share first 3 chars ('tls') but diverge at char 4
S1-169636086,S2-701413931,source2,India,QDC Tech Pvt. Ltd.,QDC Pvt. Ltd. (Partners),"Delhi, Pocket 6 Sector 22 Rohini, House No 200 1St Floor, North West Delhi","HOUSE NO 200. 1ST FLOOR, POCKET 6 SECTOR 22 ROHINI, DELHI, Delhi",qdc tech,qdc pvt ltd partners,False,False,False,False,False,False,,Prefix-3 match (Typo after 3 chars),Names share first 3 chars ('qdc') but diverge at char 4
S1-743030178,S2-376234399,source2,India,Apex It Private Limited,অ্যাপেক্স আইটি প্রাইভেট লিমিটেড,"1St Floor, 7/32/6/1 Barada Basak Street Baranagar, Kolkata, Parganas North, West Bengal","West Bengal, 1ST FLOOR, KOLKATA, PARGANAS NORTH",apex it,অয প কস আইট পর ইভ ট ল ম ট ড,False,False,False,False,False,False,,Indic script vs Latin name,Cand name is in Indic script; no shared address key generated
S1-391664892,S3-841672111,source3,India,City Technologies Private Limited,ਸਿਟੀ ਟੈਕਨਾਲੋਜੀਜ਼ ਪ੍ਰਾਈਵੇਟ ਲਿਮਟਿਡ,"H. No. 1142, Gandhi Colony, Rajpura, Patiala, Punjab","054, Rajpura, PB",city technologies,ਸ ਟ ਟ ਕਨ ਲ ਜ ਜ ਪਰ ਈਵ ਟ ਲ ਮਟ ਡ,False,False,False,False,False,False,,Indic script vs Latin name,Cand name is in Indic script; no shared address key generated
S1-216137765,S2-680612609,source2,India,Gold Projects Pvt Ltd,ಗೋಲ್ಡ್ ಪ್ರಾಜೆಕ್ಟ್ಸ್ ಪ್ರೈವೇಟ್ ಲಿಮಿಟೆಡ್,"Flat No.A-1101, 11Th Floor, Advaitha Aksha Apartment A Block, Jakkasandra Grama, Bangalore South, Bangalore, Karnataka","FLAT NO.A-G-1101, 11TH FLOOR, ADVAITHA AKSHA APARTMENT A BLOCK, JAKKASANDRA GRAMA, BANGALORE, BANGALORE SOUTH, Karnataka",gold projects,ಗ ಲಡ ಪರ ಜ ಕಟಸ ಪರ ವ ಟ ಲ ಮ ಟ ಡ,False,False,False,False,False,False,,Indic script vs Latin name,Cand name is in Indic script; no shared address key generated
S1-777644830,S3-470523748,source3,US,Maa,Maa,"15199 Daisy Lane, Claremore, OK","1519 Daisy Ln, Claremore, Oklahoma",maa,maa,False,False,False,False,False,False,,Short business name,Short name (<4 chars) produced no prefix/token matches
S1-453766911,S3-767163724,source3,India,Eco & Sons Limited,Eco Eco &,"C/O Milind Madhavrao Pati, Flat No 14, Samira Apart, Nashik, Maharashtra","Hn 934 C/o Milind Madhavrao Pati, Flat No 14, Samira Apart, Nashik, MH",eco and sons,eco eco and,False,False,False,False,False,False,,Prefix-3 match (Typo after 3 chars),Names share first 3 chars ('eco') but diverge at char 4
S1-387609182,S2-894390634,source2,India,Modern Food Pvt Ltd,મોડર્ન ફૂડ પ્રા. લિ.,"C 403, Sagun Jyoti, Nr. Shyamvrund Tower B/H Sanjay Tower, 100' Anandnagar Road, Ahmedabad, Gujarat","C C-403, SAGUN JYOTI, NR. SHYAMVRUND TOWER B/H SANJAY TOWER, 100' ANANDNAGAR ROAD, AHMEDABAD, ગુજરાત",modern food,મ ડરન ફ ડ પર લ,False,False,False,False,False,False,,Indic script vs Latin name,Cand name is in Indic script; no shared address key generated
S1-55649452,S3-976526092,source3,US,Lower Endocrinology,Lower Service,"484 Main Street, Fitchburg, MA","Main St, Fitchburg, Massachusetts",lower endocrinology,lower service,True,False,True,False,False,False,US|NP4|lowe;US|TOK|lower,Key pruned (Block size > 500),"All shared keys (['US|NP4|lowe', 'US|TOK|lower']) exceeded max_block_size"
S1-604460015,S3-415858583,source3,US,Carter Indigo,Carter Icndig,"10265 Murray Boulevard, Unit #205, Beaverton, OR","#10265 Murray Boulevard, # #205, Beaveton, Oregon",carter indigo,carter icndig,True,True,True,False,False,True,US|TOK|carter;US|NP6|carter;US|ADDR|10265_murray;US|NP4|cart,Truncated by max_candidates_per_query,"Shared key survived (['US|ADDR|10265_murray']), but candidate rank exceeded top-200"
S1-485677069,S2-107221211,source2,India,South Impex Private Limited,साउथ इम्पेक्स प्राइवेट लिमिटेड,"Mumbai, Maharashtra, 12 Kamor Bldg 1St Floorcanvasji Patel Street, Mumbai","#A-12 KAMOR BLDG 1ST FLOORCANVASJI PATEL STREET, MUMBAI, Maharashtra",south impex,स उथ इमप कस पर इव ट ल म ट ड,False,False,False,False,False,False,,Indic script vs Latin name,Cand name is in Indic script; no shared address key generated
S1-273093097,S2-382715444,source2,US,Secure Printing Ventures,XYLOWEX,"201 Wessington Place, Hendersonville, TN","201-205 WESSINGTON PL, HENDERSONVILLE, TN",secure printing ventures,xylowex,False,False,False,False,False,False,,"Address similar, Name alias/mismatch","Address shares tokens {'hendersonville', 'wessington', 'pl'}, but names share 0 tokens"
S1-787758125,S2-955863783,source2,US,South Crystal Aria Inc.,South Aria Inc. Center,"34 Shagwong Drive, Brookhaven, NY",,south crystal aria,south aria inc center,True,False,True,False,False,False,US|NP4|sout;US|TOK|aria;US|TOK|south,Truncated by max_candidates_per_query,"Shared key survived (['US|TOK|aria']), but candidate rank exceeded top-200"
S1-540154224,S3-414007290,source3,US,Edwards Regional Vulcan LLC,Vulcanregionaledwards.Com,"4707 Sydney Lane, Unit C, Owensboro, KY","4707 Sydney Ln, PO Box 5470, Owensboro, Kentucky",edwards regional vulcan,vulcanregionaledwards,False,False,False,False,False,True,US|ADDR|4707_sydney,Truncated by max_candidates_per_query,"Shared key survived (['US|ADDR|4707_sydney']), but candidate rank exceeded top-200"
S1-987375275,S2-494775875,source2,India,Hari Investment Private Limited,Hari Private-Limited Cénter,"Hyderabad, Madhapur, Software Units Layout, Hitec City, Telangana, Plot # 4","తెలంగాణ, NO 852 PLOT # 4, SOFTWARE UNITS LAYOUT, HITEC CITY, MADHAPUR",hari investment,hari private ltd center,True,False,True,False,False,False,India|NP4|hari;India|TOK|hari,Key pruned (Block size > 500),"All shared keys (['India|NP4|hari', 'India|TOK|hari']) exceeded max_block_size"
S1-748748267,S2-151712913,source2,India,Bhuvi Marketing Limited,8huvi Limited Services,"Servey No.209, Bagalur Rd, Uliyalam Village, Hosur, Krishnagiri, Dharmapuri, Tamil Nadu","SERVEY NO.D/209, DHARMAPURI, KRISHNAGIRI, தமிழ்நாடு",bhuvi marketing,8huvi ltd services,False,False,False,False,False,False,,"Address similar, Name alias/mismatch","Address shares tokens {'dharmapuri', 'krishnagiri', 'servey'}, but names share 0 tokens"
S1-481488227,S3-943057755,source3,US,Eastern College,>> EASTERN COLLEGE | www.easternco.com,"355 Pond Field Road, West Point, TN","355A Pond Field Road, West Point, Tennessee",eastern college,eastern college www easternco,True,True,True,False,False,False,US|TOK|eastern;US|TOK|college;US|NP6|easter;US|NP4|east,Key pruned (Block size > 500),"All shared keys (['US|TOK|eastern', 'US|TOK|college', 'US|NP6|easter', 'US|NP4|east']) exceeded max_block_size"
S1-996892533,S2-100171087,source2,US,Keystone Chesapeake,Keystone Service,"56 90th Street, Leon, KS","90TH STREET, LEON, KS",keystone chesapeake,keystone service,True,True,True,False,False,False,US|NP6|keysto;US|NP4|keys;US|TOK|keystone,Key pruned (Block size > 500),"All shared keys (['US|NP6|keysto', 'US|NP4|keys', 'US|TOK|keystone']) exceeded max_block_size"
S1-358797130,S3-668811306,source3,India,Ss International Consultancy Private Limited,એસએસ ઇન્ટરનેશનલ કન્સલ્ટન્સી પ્રાઇવેટ લિમિટેડ,"A-201/202, Devashish Resi, A/Gandevi Road, Jamalpore, Navsari, Gujarat","GJ, Navsari, A-202/202",ss international consultancy,એસએસ ઇનટરન શનલ કનસલટનસ પર ઇવ ટ લ મ ટ ડ,False,False,False,False,False,False,,Indic script vs Latin name,Cand name is in Indic script; no shared address key generated
S1-396099074,S3-626518322,source3,India,Shree Marketing Private Limited,श्री मार्केटिंग प्राइवेट लिमिटेड,"Office No. 304, Mont Vert Arcade, Pashan Sus Road, Pune, Maharashtra","Office No. 304, Pune, MH",shree marketing,शर म रक ट ग पर इव ट ल म ट ड,False,False,False,False,False,False,,Indic script vs Latin name,Cand name is in Indic script; no shared address key generated
S1-606109978,S2-814891313,source2,India,Dynamic Technologies Private Limited,Dynamic Private  Limited Partners,"C-4, Madhikar Garh Colony, Tehsil, Kotputli, Jaipur, Rajasthan","C-4/4, MADHIKAR GARH COLONY, TEHSIL, KOTNUTLI, JAIPUR, Rajasthan",dynamic technologies,dynamic pvt ltd partners,True,True,True,False,False,False,India|NP6|dynami;India|TOK|dynamic;India|NP4|dyna,Key pruned (Block size > 500),"All shared keys (['India|NP6|dynami', 'India|TOK|dynamic', 'India|NP4|dyna']) exceeded max_block_size"
S1-451731570,S3-896641674,source3,India,International Finance Private Limited,ఇంటర్నేషనల్ ఫైనాన్స్ ప్రైవేట్ లిమిటెడ్,"# 1-3-53, Hyderabad, General Bazar, Telangana, Sunderabad","No #1-3-53, General Bazar, Hyderabad, Sunderabad, TG",international finance,ఇ టరన షనల ఫ న నస పర వ ట ల మ ట డ,False,False,False,False,False,False,,Indic script vs Latin name,Cand name is in Indic script; no shared address key generated
S1-574114994,S2-312991564,source2,India,Great Consultancy Private Limited,ಗ್ರೇಟ್ ಕನ್ಸಲ್ಟೆನ್ಸಿ ಪ್ರೈವೇಟ್ ಲಿಮಿಟೆಡ್,"No.#5, Patel Ramaiah Garden, 1St Cross Near National Gym, Kothannur, Bangalore, Karnataka","#765 NO.#5, <NULL>, BANGALORE, Karnataka",great consultancy,ಗರ ಟ ಕನಸಲಟ ನಸ ಪರ ವ ಟ ಲ ಮ ಟ ಡ,False,False,False,False,False,False,,Indic script vs Latin name,Cand name is in Indic script; no shared address key generated
S1-437253658,S2-134952464,source2,India,Future Sree Developers Private Limited,फ्यूचर श्री डेवलपर्स प्राइवेट लिमिटेड,"Bihar, Rasulpur, Dumra, Sitamarhi, C/O Shiv Devi, Dumra, Sitamarhi","C/O SHIV DEVI, RASULPUR, DUMRA, SITAMARHI, DUMRA, SITAMARHI, Bihar",future sree developers,फय चर शर ड वलपरस पर इव ट ल म ट ड,False,False,False,False,False,False,,Indic script vs Latin name,Cand name is in Indic script; no shared address key generated
S1-727766400,S3-442138951,source3,India,Energy Dalal Agro LLP,EnergydalalagroCom,"P.No 9 Blk A F/F, Park A-10 Surya Nagar, Ghaziabad, Uttar Pradesh","P.no 9/2 Blk A F/f, Park A-10 Surya Nagar, Ghaziabad, UP",energy dalal agro,energydalalagrocom,True,True,False,False,False,True,India|NP6|energy;India|UNIT|a10;India|NP4|ener,Truncated by max_candidates_per_query,"Shared key survived (['India|UNIT|a10']), but candidate rank exceeded top-200"
S1-815610789,S3-936630592,source3,US,Secure Automobile Corp,secureautomobile.com,"19 Foxcroft Road, Unit 123, Naperville, IL","Foxcroft Rd, Napevrille, Illinois",secure automobile,secureautomobile,True,True,False,False,True,False,US|NP4|secu;US|NP6|secure;US|NCOMP|secureautomobile,Truncated by max_candidates_per_query,"Shared key survived (['US|NCOMP|secureautomobile']), but candidate rank exceeded top-200"
S1-57273240,S2-501229667,source2,US,Sanchez Pacific Lightwave Inc.,SANCHEZ PACIFIC,"1648 Liberty Street, Braintree, MA","1648-D LIBERTY STREET, BRAINTREE, MA",sanchez pacific lightwave,sanchez pacific,True,True,True,False,False,False,US|NP6|sanche;US|TOK|sanchez;US|NP4|sanc;US|TOK|pacific,Key pruned (Block size > 500),"All shared keys (['US|NP6|sanche', 'US|TOK|sanchez', 'US|NP4|sanc', 'US|TOK|pacific']) exceeded max_block_size"
S1-989810366,S2-210450738,source2,India,Pilot Trading Private Limited,Dr TRADINGPRIVATE.COM,"C/O- Ranjeet Kumar, Road No -4A, Adarsh Colony Naya Chak, Kankarbagh, Patna, Bihar","C/O- RANJEET KUMAR, PATNA, Bihar",pilot trading,dr tradingprivate,False,False,False,False,False,False,,"Address similar, Name alias/mismatch","Address shares tokens {'kumar', 'patna', 'br', 'c/o-', 'ranjeet'}, but names share 0 tokens"
S1-937356823,S2-59753567,source2,India,Vision Global Private Limited,विजन ग्लोबल प्राइवेट लिमिटेड,"Balaji Towers', No. 9/1A/1, Hotgi Road, Aasara Chowk, Solapur, Solapur, Maharashtra","BALAJI TOWERS', SOLAPUR, Maharashtra",vision global,व जन गल बल पर इव ट ल म ट ड,False,False,False,False,False,False,,Indic script vs Latin name,Cand name is in Indic script; no shared address key generated
S1-612712472,S3-449382441,source3,India,Maa Industries Private Limited,മാ ഇൻഡസ്ട്രീസ് പ്രൈവറ്റ് ലിമിറ്റഡ്,"Palackal Court M.G.Road, Ernakulam, Kerala","Palackal Court M.g.road, Ernakulam, കേരളം",maa industries,മ ഇൻഡസടര സ പര വററ ല മ ററഡ,False,False,False,False,False,False,,Indic script vs Latin name,Cand name is in Indic script; no shared address key generated
S1-710149190,S2-60796846,source2,US,STY Wireless Inc,STY Inc Center,"70 Besco Road, Wheelersburg, OH","BESCO RD, WHEELERSBURG, OH",sty wireless,sty inc center,False,False,False,False,False,False,,Prefix-3 match (Typo after 3 chars),Names share first 3 chars ('sty') but diverge at char 4
S1-141265210,S3-719335472,source3,US,Physical Therapy Group,Physical  Therapy,"Maynard, Unit 6, 2 Oakridge Drive, MA","2 Oakridge Drive, Unit 6, Maynard, Massachusetts",physical therapy group,physical therapy,True,True,True,True,False,False,US|TOK|physical;US|TOK|therapy;US|NSORT|physical_therapy;US|NP4|phys;US|NP6|physic,Key pruned (Block size > 500),"All shared keys (['US|TOK|physical', 'US|TOK|therapy', 'US|NSORT|physical_therapy', 'US|NP4|phys', 'US|NP6|physic']) exceeded max_block_size"
S1-83647344,S3-175231511,source3,India,New India Private Limited,New Private Limited 5ervices,"Fl 401, Telangana, Sri Niketan Abhinandana Aprt. Ayyappa Society, Nr.Cgr Int. Pl.250 251, Madhapur, Hyderabad, Rangareddy",,new india,new pvt ltd 5ervices,False,False,False,False,False,False,,Candidate address missing,"Cand address is missing (nan), and names share no blocking key"
S1-422217931,S2-587074460,source2,India,Surya Golden Enterprises Private Limited,सूर्य गोल्डन एंटरप्राइजेज प्राइवेट लिमिटेड,"B 251 Grand Paradikemps Corner, Mumbai, Maharashtra","B D/251 GRAND PARADIKEMPS CORNER, BOMBAY, MUMBAI, Maharashtra",surya golden enterprises,स रय ग लडन ए टरपर इज ज पर इव ट ल म ट ड,False,False,False,False,False,False,,Indic script vs Latin name,Cand name is in Indic script; no shared address key generated
S1-766377417,S3-369911798,source3,US,Leal & Brown Corp,Lea1 & Brówn,"475 Fairway Avenue, Southport, NY","Fairway Ave, Southport, New York",leal and brown,lea1 and brown,False,False,True,False,False,False,US|TOK|brown,Key pruned (Block size > 500),All shared keys (['US|TOK|brown']) exceeded max_block_size
S1-147296014,S3-29869365,source3,US,Eastern Coastal Spruce PC,easterncoastalspruce.com,"2623 Kansas Avenue, Woodward, OK","Kansas Ave, Woodward, Oklahoma",eastern coastal spruce pc,easterncoastalspruce,True,True,False,False,False,False,US|NP6|easter;US|NP4|east,Key pruned (Block size > 500),"All shared keys (['US|NP6|easter', 'US|NP4|east']) exceeded max_block_size"
S1-703767121,S3-475109578,source3,US,Mountain Institute,Mountain Ínstitute Ínstitute,"5733 Spotswood Drive, Lyndhurst, OH","5733 Spotwsood Dr, null, Lyndhurst, Ohio",mountain institute,mountain institute institute,True,True,True,False,False,False,US|NP4|moun;US|NP6|mounta;US|TOK|institute;US|TOK|mountain,Key pruned (Block size > 500),"All shared keys (['US|NP4|moun', 'US|NP6|mounta', 'US|TOK|institute', 'US|TOK|mountain']) exceeded max_block_size"
S1-728209765,S3-877140483,source3,US,Signature Asset Brands LLC,5ignature Asset  Brands,"4960 Woodcrest Road, White Bear Lake, MN","Woodcrest Rd, White Bear Lake, Minnesota",signature asset brands,5ignature asset brands,False,False,True,False,False,False,US|TOK|brands;US|TOK|asset,Key pruned (Block size > 500),"All shared keys (['US|TOK|brands', 'US|TOK|asset']) exceeded max_block_size"
S1-482767162,S2-868551337,source2,US,Internal Medicine Specialists Inc.,Internal Specialists Inc. [Service],"663 Grouse Flat Road, Anatone, WA","663B GROUSE FLAT RD, PO BOX 4935, ANATONE, WA",internal medicine specialists,internal specialists inc service,True,True,True,False,False,False,US|NP6|intern;US|TOK|specialists;US|TOK|internal;US|NP4|inte,Key pruned (Block size > 500),"All shared keys (['US|NP6|intern', 'US|TOK|specialists', 'US|TOK|internal', 'US|NP4|inte']) exceeded max_block_size"
S1-41369509,S2-499246395,source2,US,Dermatology Group,Dermatology Inc,"5105 Ravensdale Lane, Austin, TX",,dermatology group,dermatology,True,True,True,False,False,False,US|NP4|derm;US|TOK|dermatology;US|NP6|dermat,Key pruned (Block size > 500),"All shared keys (['US|NP4|derm', 'US|TOK|dermatology', 'US|NP6|dermat']) exceeded max_block_size"
S1-785227684,S3-790008341,source3,US,Colonial Total Cbre Inc,Colonial Total Cr-Ínc #27090,"2200 Prout Street, Unit 3, Washington, DC","2200 Prout St, # 3, Washington, District of Columbia",colonial total cbre,colonial total cr inc 27090,True,True,True,False,False,True,US|NP6|coloni;US|TOK|colonial;US|NP4|colo;US|TOK|total;US|ADDR|2200_prout,Truncated by max_candidates_per_query,"Shared key survived (['US|ADDR|2200_prout']), but candidate rank exceeded top-200"
S1-508701481,S3-444227012,source3,India,Red Energy Pvt Ltd,Red ଏନର୍ଜି Pvt Ltd,"Plot No-371/1519, Uttampur, Near Meera Mandap, Cuttack Sadar, Cuttack, Orissa","Plot No-371/1519, Cuttack Sadar, Orissa",red energy,red ଏନରଜ,False,False,False,False,False,False,,Prefix-3 match (Typo after 3 chars),Names share first 3 chars ('red') but diverge at char 4
S1-846163628,S2-724782380,source2,US,Aili Zhang Signature Concord,MIRAIRIONYX,"2602 M Street, Belleville, KS","M STREET, BELLEVILLE, KS",aili zhang signature concord,mirairionyx,False,False,False,False,False,False,,"Address similar, Name alias/mismatch","Address shares tokens {'m', 'ks', 'belleville'}, but names share 0 tokens"
S1-593218630,S3-88993171,source3,India,Good Constructions Private Limited,ગુડ કન્સ્ટ્રક્શન્સ પ્રાઇવેટ લિમિટેડ,"Sy No. 3/2885, R No.110, Kamla Textile Market, Surat City, Surat, Gujarat","Sy No. C-3/2885, R No.110, Kamla Textile Market, Surat City, Surat, GJ",good constructions,ગ ડ કનસટરકશનસ પર ઇવ ટ લ મ ટ ડ,False,False,False,False,False,False,,Indic script vs Latin name,Cand name is in Indic script; no shared address key generated
S1-952898857,S2-132949056,source2,India,Shivam Global Private Limited,शिवम ग्लोबल प्राइवेट लिमिटेड,"H.No 1311 Urban Estate, Jind, Haryana","#311 URBAN ESTATE, JIND, हरियाणा",shivam global,श वम गल बल पर इव ट ल म ट ड,False,False,False,False,False,False,,Indic script vs Latin name,Cand name is in Indic script; no shared address key generated
S1-100166899,S3-548424106,source3,India,Green Services Limited,Sri Green Services,"House No- 42, Guriani, Rewari, Guriani, Rewari, Haryana","House No- 92, Guriani, Rewari, Guriani, Rewari, HR",green services,sri green services,False,False,True,False,False,False,India|TOK|green,Key pruned (Block size > 500),All shared keys (['India|TOK|green']) exceeded max_block_size
S1-945983033,S3-711759262,source3,US,Bay Great Pharma LLC,8ay Great Phadram LLC,"408 Viale Bond Street, Roswell, NM","408 Viale Bond Street, Roswell, New Mexico",bay great pharma,8ay great phadram,False,False,True,False,False,True,US|ADDR|408_viale;US|TOK|great,Truncated by max_candidates_per_query,"Shared key survived (['US|ADDR|408_viale']), but candidate rank exceeded top-200"
S1-903379045,S3-355485402,source3,India,Guru Foundation Private Limited,গুরু ফাউন্ডেশন প্রাইভেট লিমিটেড,"9, A J C Bose Road, Kolkata, Kolkata, 4Th Floor, West Bengal, Howrah","পশ্চিমবঙ্গ, Howrah, Kolkata, #004Th Floor",guru foundation,গ র ফ উনড শন পর ইভ ট ল ম ট ড,False,False,False,False,False,False,,Indic script vs Latin name,Cand name is in Indic script; no shared address key generated
S1-425631822,S2-932399936,source2,US,Modern Precision Laboratories,Services Laboratories Modern,"10824 Edgewood Road, Harrison, OH","1082 EDGEWOOD RD, HARRISON, OH",modern precision laboratories,services laboratories modern,False,False,True,False,False,False,US|TOK|modern;US|TOK|laboratories,Key pruned (Block size > 500),"All shared keys (['US|TOK|modern', 'US|TOK|laboratories']) exceeded max_block_size"
S1-609996572,S2-40869239,source2,India,Future Management Pvt Ltd,फ्यूचर मैनेजमेंट प्रा. लि.,"C 199, Third Floor Sarvodaya Enclave, New Delhi, South Delhi, Delhi","C 199, NEW DELHI, SOUTH DELHI, Delhi",future management,फय चर म न जम ट पर ल,False,False,False,False,False,False,,Indic script vs Latin name,Cand name is in Indic script; no shared address key generated
S1-388049779,S3-967697107,source3,India,Good Tirupati Impex Private Limited,ಗುಡ್ ತಿರುಪತಿ ಇಂಪೆಕ್ಸ್ ಪ್ರೈವೇಟ್ ಲಿಮಿಟೆಡ್,"Karnataka, 4Th Floor, Smart Avenue, 80 Feet Road Indiranagar, Flat No-4-03, Bangalore","Flat No-004-03, Bangalore, KA, Bangalore, 4Th Floor, Smart Avenue, 80 Feet Road Indiranagar",good tirupati impex,ಗ ಡ ತ ರ ಪತ ಇ ಪ ಕಸ ಪರ ವ ಟ ಲ ಮ ಟ ಡ,False,False,False,False,False,False,,Indic script vs Latin name,Cand name is in Indic script; no shared address key generated
S1-475972747,S3-727630901,source3,India,Maa Solutions Company,Sri Maa Company-Center,"1/89 Naktala, Kolkata, Calcutta, West Bengal","#/89 Naktala, Calcutta, Garia, পশ্চিমবঙ্গ",maa solutions,sri maa co center,False,False,False,False,False,False,,Token variation / Substring,Sub-token present in raw candidate name but missed in core name
S1-593181220,S2-203900874,source2,India,Vision Technology Private Limited,विजन टेक्नोलॉजी प्राइवेट लिमिटेड,"C/O Preeti Sumant Karanje, A-Juve P-Dalepal-Rajapur, Dist- Ratnagiri, Juve, Ratnagiri, Maharashtra","RATNAGIRI, 2-70 C/O PREETI SUMANT KARANJE, Maharashtra, RATNAGIRI",vision technology,व जन ट कन ल ज पर इव ट ल म ट ड,False,False,False,False,False,False,,Indic script vs Latin name,Cand name is in Indic script; no shared address key generated
S1-171004818,S3-501819545,source3,US,Gen LLC,The Gen LLC,"334 Downard Court, Wilmington, OH",,gen,gen,False,False,False,False,False,False,,Candidate address missing,"Cand address is missing (nan), and names share no blocking key"
S1-837399164,S2-526855459,source2,India,Right & Co Corp,Avikelo,"Shivaji Nagar, Behind Durgaweigh Bridge Near Saibaba Temple, Manpada (Chitalsar), Thane, Maharashtra","SHIVAJI NAGAR, BEHIND DURGAWEIGH BRIDGE NEAR SAIBABA TEMPLE, MANPADA (CHITALSAR), THANE, Maharashtra",right and,avikelo,False,False,False,False,False,False,,"Address similar, Name alias/mismatch","Address shares tokens {'nagar', 'durgaweigh', 'behind', 'shivaji', 'chitalsar', 'temple', 'bridge', 'near', 'saibaba', 'manpada', 'mh', 'thane'}, but names share 0 tokens"
S1-620524862,S2-717243563,source2,US,Kassey's Holdings,Kadseei's Holdings,"50 Jefferson Avenue, Unit 101, Columbus, OH","JEFFERSON AVENUE, COLUMBUS, OH",kassey s holdings,kadseei s holdings,False,False,False,False,False,False,,Token variation / Substring,Sub-token present in raw candidate name but missed in core name
S1-118566854,S3-416390551,source3,India,Bombay Power Pvt Ltd,8ombay Power Pvt Limited,"No.592 3Rd Cross Hmt Layout Ganga Nagar Bangalore, Bangalore, Karnataka","No.4-592 3Rd Cross Hmt Layout Ganga Nagar Bangalore, Bangalore, KA",bombay power,8ombay power,False,False,True,False,False,False,India|TOK|power,Key pruned (Block size > 500),All shared keys (['India|TOK|power']) exceeded max_block_size
S1-115674524,S3-438195934,source3,India,Indian Enterprises LLP,इंडियन एंटरप्राइजेज एलएलपी,"Ground Floor, Mumbai, Mumbai City, Winchester Building, Off High Street Hiranandani Business Park, Powai, Maharashtra","Ground Floor, Winchester Building, Off High Street Hiranandani Business Park, Powai, Mumbai, null, MH",indian enterprises,इ ड यन ए टरपर इज ज एलएलप,False,False,False,False,False,False,,Indic script vs Latin name,Cand name is in Indic script; no shared address key generated
S1-702250751,S3-66481299,source3,India,Smk Brothers Private Limited,Dr Smk Brothers Piate Limited,"107, Bommasandra, 4Th Phasejigani Indl Area, Bangalore., Karnataka","107, Bangalore., Bangalore, KA",smk brothers,dr smk brothers piate,False,False,True,False,False,False,India|TOK|brothers,Key pruned (Block size > 500),All shared keys (['India|TOK|brothers']) exceeded max_block_size
S1-894107060,S2-386420519,source2,US,Stevens Capital Partners LLC,WEXRIZATAVO,"53 Fast View Drive, Martinsburg, WV","WV, 53 FAST VIEW DR, MARTINSBURG",stevens capital partners,wexrizatavo,False,False,False,False,False,True,US|ADDR|53_fast,Truncated by max_candidates_per_query,"Shared key survived (['US|ADDR|53_fast']), but candidate rank exceeded top-200"
S1-590321576,S3-355897303,source3,India,Vision Global Pvt Ltd,विजन ग्लोबल प्रा. लि.,"Kota, Rajasthan, Kota, Gopal Vihar, Baran Road, 33","Door No 180 33, Kota, RJ",vision global,व जन गल बल पर ल,False,False,False,False,False,False,,Indic script vs Latin name,Cand name is in Indic script; no shared address key generated
S1-332709346,S3-900969148,source3,India,Infrastructure Core Service Private Limited,Infrastructure  Cnmee Service Private Limited,"Ground Floor, K M K Tower, No.142, K H Double Road, Bangalore South, Bangalore, Karnataka","Ground Floor, Bangalore South, Bangalore, KA",infrastructure core service,infrastructure cnmee service,True,True,True,False,False,False,India|TOK|infrastructure;India|NP4|infr;India|NP6|infras;India|TOK|service,Key pruned (Block size > 500),"All shared keys (['India|TOK|infrastructure', 'India|NP4|infr', 'India|NP6|infras', 'India|TOK|service']) exceeded max_block_size"
S1-553350361,S3-897956488,source3,US,Keystone Dividend Company,Keystone Divmidned Company,"275 Candlers Mountain Road, Campbell County, VA","275 Canders Mountain Road, Rustburg, Virginia",keystone dividend,keystone divmidned,True,True,True,False,False,False,US|NP6|keysto;US|NP4|keys;US|TOK|keystone,Key pruned (Block size > 500),"All shared keys (['US|NP6|keysto', 'US|NP4|keys', 'US|TOK|keystone']) exceeded max_block_size"
S1-837698046,S3-189979293,source3,India,Jbs Entertainment Co,Center Jbs Co,"East Delhi, Delhi, 3393, Delhi, Ram Nagar Extention Shahdara","Ram Nagar Extention Shahdara, Delhi, 3393, North East Delhi, DL",jbs entertainment,center jbs,False,False,False,False,False,False,,Token variation / Substring,Sub-token present in raw candidate name but missed in core name
S1-386471049,S3-725442509,source3,US,Machinists Union Local No 156,Machinists Union Local No,"1214 S 4th St, Unit APT 205, Ames, IA","1214 South 4th St, # APT 205, Ames, Iowa",machinists union local no 156,machinists union local no,True,True,True,False,False,False,US|NP4|mach;US|TOK|local;US|TOK|machinists;US|TOK|union;US|NP6|machin,Truncated by max_candidates_per_query,"Shared key survived (['US|NP4|mach', 'US|TOK|machinists', 'US|NP6|machin']), but candidate rank exceeded top-200"
S1-517036175,S2-520024719,source2,India,Big Systems,बिग सिस्टम्स,"Dsm 511, Dlf Tower, 15 Shivaji Marg, Najafgarh Road, Moti Nagar, New Delhi, West Delhi, Delhi","DSM 511, WEST DELHI, NEW DELHI, Delhi",big systems,ब ग स सटमस,False,False,False,False,False,False,,Indic script vs Latin name,Cand name is in Indic script; no shared address key generated
S1-714260082,S2-972200607,source2,US,"Fuentes, Chandal, CPA",CHANDALFUENTESCPA.COM,"256 46th Place, Chicago, IL","256 46ND PL, CHHICAGO, IL",fuentes chandal cpa,chandalfuentescpa,False,False,False,False,False,False,,"Address similar, Name alias/mismatch","Address shares tokens {'il', 'pl', '256'}, but names share 0 tokens"
S1-479756373,S3-40858779,source3,India,First Agro Private Limited,ফার্স্ট অ্যাগ্রো প্রাইভেট লিমিটেড,"164C/11, Lake Gardens Prince Anwar Shah Road, Kolkata, Kolkata, Howrah, West Bengal","64C/11, Kolkata, Howrah, WB",first agro,ফ রসট অয গর পর ইভ ট ল ম ট ড,False,False,False,False,False,False,,Indic script vs Latin name,Cand name is in Indic script; no shared address key generated
S1-392534068,S3-878670505,source3,India,Nashik Enterprises,Sri Nashik Service,"Duplex 90, Lane 3, Left Bank Puri Canal Metro Satellite City, Balianta, Bhubaneswar, Khordha, Orissa","Duplex 090, OD",nashik enterprises,sri nashik service,False,False,True,False,False,False,India|TOK|nashik,Truncated by max_candidates_per_query,"Shared key survived (['India|TOK|nashik']), but candidate rank exceeded top-200"
S1-244643323,S2-688909187,source2,India,Good Life Services Pvt Ltd,गुड लाइफ सर्विसेज प्रा. लि.,"Plot No. 100-101, Sector-35, Hsiidc Udyog Vihar, Phase-Vii, Sadar Bazar, Gurgaon, Haryana","#100-101/6, SADAR BAZAR, GURGAON, Haryana",good life services,ग ड ल इफ सरव स ज पर ल,False,False,False,False,False,False,,Indic script vs Latin name,Cand name is in Indic script; no shared address key generated
S1-145619099,S2-957793746,source2,India,Jai Properties Private Limited,जय प्रॉपर्टीज प्राइवेट लिमिटेड,"C/O Mohd Safi Mohd Suleman, At Po Barshi Takli Taluka Barshitakli, Akola, Maharashtra","H.NO 780 C/O MOHD SAFI MOHD SULEMAN, AT PO BARSHI TAKLI TALUKA BARSHITAKLI, AKOLA, Maharashtra",jai properties,जय पर परट ज पर इव ट ल म ट ड,False,False,False,False,False,False,,Indic script vs Latin name,Cand name is in Indic script; no shared address key generated
S1-711909979,S2-383593026,source2,US,Thompson Strategic Credit Inc.,Thompson-Strategic,"3224 Maringo Road, Fl 1, Olympia, WA","3207-B MARINGO ROAD, WA, OLYMPIA",thompson strategic credit,thompson strategic,True,True,True,False,False,False,US|NP4|thom;US|TOK|strategic;US|TOK|thompson;US|NP6|thomps,Key pruned (Block size > 500),"All shared keys (['US|NP4|thom', 'US|TOK|strategic', 'US|TOK|thompson', 'US|NP6|thomps']) exceeded max_block_size"
S1-92616530,S3-105140017,source3,US,Southern General LLC,Southern LLC General General,"4811 Bayard Boulevard, Bethesda, MD","Maryland, Bethesda, Bayard Boulevard",southern general,southern llc general general,True,True,True,False,False,False,US|NP4|sout;US|NP6|southe;US|TOK|general;US|TOK|southern,Key pruned (Block size > 500),"All shared keys (['US|NP4|sout', 'US|NP6|southe', 'US|TOK|general', 'US|TOK|southern']) exceeded max_block_size"
S1-88552907,S2-697980455,source2,US,Dermatology Direct Physicians PLLC,DERMATOLOGY DIRECT PCGSINS PLLC,"7348 Winthrop Way, Unit 7, Downers Grove, IL","7348 WINTHORP WAY, DOWNERS GROVE, IL",dermatology direct physicians pllc,dermatology direct pcgsins pllc,True,True,True,False,False,False,US|TOK|dermatology;US|NP4|derm;US|TOK|pllc;US|NP6|dermat;US|TOK|direct,Key pruned (Block size > 500),"All shared keys (['US|TOK|dermatology', 'US|NP4|derm', 'US|TOK|pllc', 'US|NP6|dermat', 'US|TOK|direct']) exceeded max_block_size"
S1-82992479,S2-70451915,source2,India,Himachal (India) Construction Private Limited,Mr Ha1owexgild,"Pune, Maharashtra, Gavthan, Nhavi, Indapur, Pune, C/O. Madhukar Machindra Suryavanshi 1","POONA, PUNE, GAVTHAN, NHAVI, INDAPUR, C/O. MADHUKAR MACHINDRA SURYAVANSHI 1, Maharashtra",himachal india construction,mr halowexgild,False,False,False,False,False,False,,"Address similar, Name alias/mismatch","Address shares tokens {'suryavanshi', 'madhukar', 'pune', 'machindra', 'indapur', 'gavthan', 'c/o', 'nhavi', '1', 'mh'}, but names share 0 tokens"
S1-456503698,S3-902397557,source3,US,Pioneer Commercial Union Inc,Pioneer Commercial  Uinon Inc,"2931 Progress Park Drive, Stow, OH","Progress Park Dr, Stow, Ohio",pioneer commercial union,pioneer commercial uinon,True,True,True,False,False,False,US|NP6|pionee;US|TOK|commercial;US|NP4|pion;US|TOK|pioneer,Key pruned (Block size > 500),"All shared keys (['US|NP6|pionee', 'US|TOK|commercial', 'US|NP4|pion', 'US|TOK|pioneer']) exceeded max_block_size"
S1-388049779,S2-218552157,source2,India,Good Tirupati Impex Private Limited,ಗುಡ್ ತಿರುಪತಿ ಇಂಪೆಕ್ಸ್ ಪ್ರೈವೇಟ್ ಲಿಮಿಟೆಡ್,"Karnataka, 4Th Floor, Smart Avenue, 80 Feet Road Indiranagar, Flat No-4-03, Bangalore","FLAT NO-4-03/7, 4TH FLOOR, SMART AVENUE, 80 FEET ROAD INDIRANAGAR, BANGALORE, INDIRANAGAR, ಕರ್ನಾಟಕ",good tirupati impex,ಗ ಡ ತ ರ ಪತ ಇ ಪ ಕಸ ಪರ ವ ಟ ಲ ಮ ಟ ಡ,False,False,False,False,False,False,,Indic script vs Latin name,Cand name is in Indic script; no shared address key generated
S1-366921483,S2-837651273,source2,US,Select Semiconductor Union PLLC,Select Semiconductor PLLC Services,"182 Lincoln Street, Unit Apartment 4, Saco, ME",,select semiconductor union pllc,select semiconductor pllc services,True,True,True,False,False,False,US|TOK|semiconductor;US|TOK|pllc;US|TOK|select;US|NP4|sele;US|NP6|select,Key pruned (Block size > 500),"All shared keys (['US|TOK|semiconductor', 'US|TOK|pllc', 'US|TOK|select', 'US|NP4|sele', 'US|NP6|select']) exceeded max_block_size"
S1-598852387,S3-46093263,source3,US,Municipals,Fayevantage (ID: 4784),"140 Drivers Lane, Unit 4, Gallatin, TN","Gallatin, # 4, 68 Drivers Ln, Tennessee",municipals,fayevantage id 4784,False,False,False,False,False,False,,"Address similar, Name alias/mismatch","Address shares tokens {'gallatin', '4', 'drivers'}, but names share 0 tokens"
S1-697302545,S2-325969572,source2,US,Cardiology Pinnacle Clinic,Cardiology Pinnacle,"7208 Garland Avenue, Takoma Park, MD","TAKOMA PARK, MD, 208 GARLAND AVE",cardiology pinnacle clinic,cardiology pinnacle,True,True,True,False,False,False,US|NP6|cardio;US|NP4|card;US|TOK|pinnacle;US|TOK|cardiology,Key pruned (Block size > 500),"All shared keys (['US|NP6|cardio', 'US|NP4|card', 'US|TOK|pinnacle', 'US|TOK|cardiology']) exceeded max_block_size"
S1-38141873,S3-817257141,source3,US,Dimas Holdings,Dmfias Holdings,"11902 10th Drive, Unit A, Everett, WA","11902- Tenth Drive, Everett, Washington",dimas holdings,dmfias holdings,False,False,False,False,False,False,,Token variation / Substring,Sub-token present in raw candidate name but missed in core name
S1-621238853,S3-519167675,source3,US,Upper Therapies LP,Upper LP Services,"201 Park At North Hills Street, Unit 353, Raleigh, NC","201 Park At North Hills Saint, # 353, Raleigh, North Carolina",upper therapies,upper lp services,True,False,True,False,False,True,US|ADDR|201_park;US|TOK|upper;US|NP4|uppe,Truncated by max_candidates_per_query,"Shared key survived (['US|ADDR|201_park']), but candidate rank exceeded top-200"
S1-43416014,S3-549455763,source3,India,Raj Consultancy Private Limited,rcprivate.com,"384, Dongree Building, Lamington Road, Mumbai, Maharashtra","384, Lamington Road, Mumbai, MH",raj consultancy,rcprivate,False,False,False,False,False,False,,"Address similar, Name alias/mismatch","Address shares tokens {'384', 'mh', 'mumbai', 'lamington'}, but names share 0 tokens"
S1-805742318,S2-854343841,source2,India,Dream Builders Private Limited,ড্রিম বিল্ডার্স প্রাইভেট লিমিটেড,"Upper Bagdogra, Opposite Bus Stand, P.O & P.S-Bagdogra, Phansidewa, Darjiling, Darjeeling, West Bengal","UPPER BAGDOGRA, OPPOSITE BUS STAND, P.O & P.S-BAGDOGRA, PHANSIDEWA, DARJEELING, DARJILING, West Bengal",dream builders,ডর ম ব লড রস পর ইভ ট ল ম ট ড,False,False,False,False,False,False,,Indic script vs Latin name,Cand name is in Indic script; no shared address key generated
S1-545910471,S3-20397833,source3,India,Tree Industries Group Private Limited,Jaxorbi,"4/157, Lucknow, Uttar Pradesh, Vipul Khand Gomti Nagar, Lucknow","3/157, Vipul Khand Gomti Nagar, Lucknow, UP",tree industries group,jaxorbi,False,False,False,False,False,False,,"Address similar, Name alias/mismatch","Address shares tokens {'nagar', 'gomti', 'khand', 'vipul', 'lucknow', 'up'}, but names share 0 tokens"
S1-843863243,S3-357228165,source3,US,Dynamic All Oceanhawk,Dynamic  All Services,"714 Ivyhill Drive, Cincinnati, OH","714- Ivyhill Drive, Cincinnati, Ohio",dynamic all oceanhawk,dynamic all services,True,True,True,False,False,False,US|NP4|dyna;US|TOK|dynamic;US|NP6|dynami,Key pruned (Block size > 500),"All shared keys (['US|NP4|dyna', 'US|TOK|dynamic', 'US|NP6|dynami']) exceeded max_block_size"
S1-802647589,S2-32863414,source2,India,Ram Guru Logistics Pvt Ltd,राम गुरु लॉजिस्टिक्स प्रा. लि.,"Sarvodaya, Estate B-7, Postal Colony Road, Plot No. 30, Chembur, Mumbai, Maharashtra","H.NO 31 SARVODAYA, ESTATE B-7, POSTAL COLONY ROAD, PLOT NO. 30, CHEMBUR, MUMBAI, Maharashtra",ram guru logistics,र म ग र ल ज सट कस पर ल,False,False,False,False,False,False,,Indic script vs Latin name,Cand name is in Indic script; no shared address key generated
S1-434417223,S2-92015009,source2,India,All Investment Private Limited,ऑल इन्वेस्टमेंट प्राइवेट लिमिटेड,"899, Sec 46, Na, Gurugram, Sadar Bazar, Gurgaon, Haryana","Haryana, GURGAON, 899, GURGAON SEC FOURTEEN, SEC 46, NA, GURUGRAM",all investment,ऑल इनव सटम ट पर इव ट ल म ट ड,False,False,False,False,False,False,,Indic script vs Latin name,Cand name is in Indic script; no shared address key generated
S1-139922907,S2-215590224,source2,US,Francis & Sze PLLC,Feancis & Sze PLLC,"38565 296th Avenue, Waubun, MN","38565-38567 296rd Avenue, WAUUBN CITY, MN",francis and sze pllc,feancis and sze pllc,False,False,True,False,False,False,US|TOK|pllc,Key pruned (Block size > 500),All shared keys (['US|TOK|pllc']) exceeded max_block_size
S1-460719022,S3-602049586,source3,US,Corner Pizza! Inc,Corner  Pizza! - 5459287135,"5275 Knight Drive, Tucson, AZ",,corner pizza,corner pizza 5459287135,True,True,True,False,False,False,US|NP6|corner;US|TOK|corner;US|TOK|pizza;US|NP4|corn,Key pruned (Block size > 500),"All shared keys (['US|NP6|corner', 'US|TOK|corner', 'US|TOK|pizza', 'US|NP4|corn']) exceeded max_block_size"
S1-378748289,S3-712322900,source3,India,New Impex Private Limited,நியூ இம்பெக்ஸ் பிரைவேட் லிமிடெட்,"Vrb Agencies House, 891-C, First Floor, Vardhman Complex, Raja Street, Coimbatore, Tamil Nadu","Vrb Agencies House, Raja Street, Coimbatore, TN",new impex,ந ய இமப கஸ ப ர வ ட ல ம ட ட,False,False,False,False,False,False,,Indic script vs Latin name,Cand name is in Indic script; no shared address key generated
S1-101600459,S2-640299814,source2,US,Cascade Harbors PLLC,Cascade-PLLC Services,"1334 Day Place, Covington City, VA",,cascade harbors pllc,cascade pllc services,True,True,True,False,False,False,US|TOK|cascade;US|NP4|casc;US|NP6|cascad;US|TOK|pllc,Key pruned (Block size > 500),"All shared keys (['US|TOK|cascade', 'US|NP4|casc', 'US|NP6|cascad', 'US|TOK|pllc']) exceeded max_block_size"
S1-902422050,S3-502045988,source3,US,Silver Pinnacle Shreya LLC,Silver Pinnacle LLC Center,"5604 Main Street, Sylvania, OH","604 Main Saint, Sylvania, Ohio",silver pinnacle shreya,silver pinnacle llc center,True,True,True,False,False,False,US|NP4|silv;US|TOK|silver;US|NP6|silver;US|TOK|pinnacle,Key pruned (Block size > 500),"All shared keys (['US|NP4|silv', 'US|TOK|silver', 'US|NP6|silver', 'US|TOK|pinnacle']) exceeded max_block_size"
S1-654038920,S2-35262231,source2,US,Scholarship Fellowship LLC,5CHOLARSHIP FELLOWSHIP,"516 Capricorn Street, Mission, TX","516 CAPRICON ST, MISSION, TX",scholarship fellowship,5cholarship fellowship,False,False,True,False,False,False,US|TOK|fellowship,Key pruned (Block size > 500),All shared keys (['US|TOK|fellowship']) exceeded max_block_size
S1-535157975,S3-490752047,source3,US,Salyer's Crystal Spa,5alyer'S Spa Crystal,"21720 Piney Chapel Road, Unit Lot C, Athens, AL","2172 Piney Chapel Rd, Unit Lot C, Ahtens, Alabama",salyer s crystal spa,5alyer s spa crystal,False,False,True,False,False,False,US|TOK|crystal,Key pruned (Block size > 500),All shared keys (['US|TOK|crystal']) exceeded max_block_size
S1-43416014,S2-818593351,source2,India,Raj Consultancy Private Limited,राज कंसल्टेंसी प्राइवेट लिमिटेड,"384, Dongree Building, Lamington Road, Mumbai, Maharashtra","384, LAMINGTON ROAD, Maharashtra",raj consultancy,र ज क सलट स पर इव ट ल म ट ड,False,False,False,False,False,False,,Indic script vs Latin name,Cand name is in Indic script; no shared address key generated
S1-99952228,S3-635008066,source3,India,New Consultants Private Limited,न्यू कंसल्टेंट्स प्राइवेट लिमिटेड,"1051 Main Sita Ram Bazar, New Delhi, Delhi","1051 Main Sita Ram Bazar, New Delhi, DL",new consultants,नय क सलट टस पर इव ट ल म ट ड,False,False,False,False,False,True,India|ADDR|1051_main,Truncated by max_candidates_per_query,"Shared key survived (['India|ADDR|1051_main']), but candidate rank exceeded top-200"
S1-107704460,S2-173172020,source2,India,Aditya Investment Limited,आदित्य इन्वेस्टमेंट लिमिटेड,"Dhule, Maharashtra, Nardana Babhale Phata, Midc, Nardana, Tal Shindkheda, P N F-6","#38 P N F-6, DHULE, महाराष्ट्र",aditya investment,आद तय इनव सटम ट ल म ट ड,False,False,False,False,False,False,,Indic script vs Latin name,Cand name is in Indic script; no shared address key generated
S1-247483556,S3-522767794,source3,India,Modern Tech Private Limited,મોડર્ન ટેક પ્રાઇવેટ લિમિટેડ,"Ahmedabad, 8, Ahmedabad, Bhagat Estate, Nr. Galaxy Cinema Higway Naroda Road, Gujarat","8, Bhagat Estate, Nr. Galaxy Cinema Higway Naroda Road, Ahmedabad Hq Region, Ahmedabad, ગુજરાત",modern tech,મ ડરન ટ ક પર ઇવ ટ લ મ ટ ડ,False,False,False,False,False,False,,Indic script vs Latin name,Cand name is in Indic script; no shared address key generated
S1-995567337,S3-479229877,source3,India,Sunrise Constructions Private Limited,सनराइज कंस्ट्रक्शंस प्राइवेट लिमिटेड,"S 27 Village, Nathupur S 27, Road Nathupur, Gurugram, Gurugram, Gurgaon, Haryana","No. 125 S 27 Village, Nathupur S 27, Road Nathupur, Gurugram, Gurugram, Gurgaon, HR",sunrise constructions,सनर इज क सटरकश स पर इव ट ल म ट ड,False,False,False,False,False,False,,Indic script vs Latin name,Cand name is in Indic script; no shared address key generated
S1-931126388,S2-885056328,source2,US,Summit Grand Utilities LLC,SUMMIT GRAND,"749 Bald Street, Unit APT C, Evansville, IN","49 BALD ST, EVANSVILLE, IN",summit grand utilities,summit grand,True,True,True,False,False,False,US|NP6|summit;US|TOK|grand;US|TOK|summit;US|NP4|summ,Key pruned (Block size > 500),"All shared keys (['US|NP6|summit', 'US|TOK|grand', 'US|TOK|summit', 'US|NP4|summ']) exceeded max_block_size"
S1-575426738,S3-805397667,source3,India,Jai & Brothers LLP,Jai-+ Brothers L.L.P.,"294, Bangalore, Bangalore South, 6Th Cross, Gpr Royal Layout, Karnataka","294, ಕರ್ನಾಟಕ, Bangalore South, 6Th Cross, Gpr Royal Layout, Bangalore",jai and brothers,jai brothers l,False,False,True,False,False,False,India|TOK|brothers,Key pruned (Block size > 500),All shared keys (['India|TOK|brothers']) exceeded max_block_size
S1-390838754,S2-287660910,source2,US,Womens Health Allied Care Associates Center,Womens Health Allied Associates Center [Services],"9347 Cosmo Court, New Hartford, NY",,womens health allied care associates center,womens health allied associates center services,True,True,True,False,False,False,US|TOK|womens;US|NP4|wome;US|TOK|health;US|TOK|allied;US|NP6|womens,Key pruned (Block size > 500),"All shared keys (['US|TOK|womens', 'US|NP4|wome', 'US|TOK|health', 'US|TOK|allied', 'US|NP6|womens']) exceeded max_block_size"
S1-374447696,S3-309165181,source3,US,Johnson Cayson,Johnson Clason,"407 Roosevelt Road, Clarksburg, WV","407- Roosevelt Road, Clarksburg, West Virginia",johnson cayson,johnson clason,True,True,True,False,False,False,US|NP6|johnso;US|TOK|johnson;US|NP4|john,Key pruned (Block size > 500),"All shared keys (['US|NP6|johnso', 'US|TOK|johnson', 'US|NP4|john']) exceeded max_block_size"
S1-64263582,S3-316748177,source3,India,North Pioneer Finance Private Limited,नॉर्थ पायोनियर फाइनेंस प्राइवेट लिमिटेड,"C/O Ramesh Chand Vishwakarma Kakaharawa, Sadar, Mirzapur, Uttar Pradesh","C/o Ramesh Chand Vishwakarma Kakaharawa, Sadar, Mirzapur, UP",north pioneer finance,न रथ प य न यर फ इन स पर इव ट ल म ट ड,False,False,False,False,False,False,,Indic script vs Latin name,Cand name is in Indic script; no shared address key generated
S1-862882702,S3-103791636,source3,India,Shakti Trading Limited,Sri Shakti Trading,"35, Defence Enclave, 3Rd Floor, New Delhi, Delhi",,shakti trading,sri shakti trading,False,False,True,False,False,False,India|TOK|shakti,Key pruned (Block size > 500),All shared keys (['India|TOK|shakti']) exceeded max_block_size
S1-33657000,S3-105536115,source3,US,Donahue Solar LLC,Services Donahue LLC,"2501 Evans Avenue, Unit APT B, Evansville, IN","Evans Avenue, # APT B, Evansville, Indiana",donahue solar,services donahue,False,False,True,False,False,False,US|TOK|donahue,Truncated by max_candidates_per_query,"Shared key survived (['US|TOK|donahue']), but candidate rank exceeded top-200"
S1-378748289,S3-764831996,source3,India,New Impex Private Limited,நியூ இம்பெக்ஸ் பிரைவேட் லிமிடெட்,"Vrb Agencies House, 891-C, First Floor, Vardhman Complex, Raja Street, Coimbatore, Tamil Nadu","Vrb Agencies House, Coimbatore, தமிழ்நாடு",new impex,ந ய இமப கஸ ப ர வ ட ல ம ட ட,False,False,False,False,False,False,,Indic script vs Latin name,Cand name is in Indic script; no shared address key generated
S1-714549706,S3-521693368,source3,India,Haveli Foundation Private Limited,Haveli Foundation Prviort Limited,"Teerth Technospace, Sr.103, Unit No.C-708, Haveli, Pune, Maharashtra","Teerth Technospace, Pune, Haveli, MH",haveli foundation,haveli foundation prviort,True,True,True,False,False,False,India|NP4|have;India|NP6|haveli;India|TOK|haveli;India|TOK|foundation,Truncated by max_candidates_per_query,"Shared key survived (['India|NP4|have', 'India|NP6|haveli', 'India|TOK|haveli']), but candidate rank exceeded top-200"
S1-307432736,S3-24516190,source3,India,Great Power Pvt Ltd,ग्रेट पावर प्रा. लि.,"C/O-Ramakant Madhavrao Gade, Opposite Kanifnath Mandir, Near Tamboli Farm, At Parewadi, Paragaonahmadnagar, Nagar, Ahmed Nagar, Maharashtra","C/o-ramakant Madhavrao Gade, Opposite Kanifnath Mandir, Near Tamboli Farm, At Parewadi, Paragaonahmadnagar, Nagar, Ahmed Nagar, MH",great power,गर ट प वर पर ल,False,False,False,False,False,False,,Indic script vs Latin name,Cand name is in Indic script; no shared address key generated
S1-85965426,S3-908442241,source3,India,Innovations (India) India Private Limited,Shri Innovations (India)-India Private,"Shop No 15, 16, 17 Shanti Tower Iind Floor, Near Chang Gate, Beawar, Ajmer, Rajasthan",,innovations india india,shri innovations india india,False,False,True,False,False,False,India|TOK|innovations;India|TOK|india,Key pruned (Block size > 500),"All shared keys (['India|TOK|innovations', 'India|TOK|india']) exceeded max_block_size"
S1-418742452,S3-719058458,source3,India,Kolkata India Center,Kolkata Inida Center,"16 India Exchange Place, Kolkata, Calcutta, West Bengal","4-16 India Exchange Place, Calcutta, WB",kolkata india center,kolkata inida center,True,True,True,False,False,False,India|NP6|kolkat;India|NP4|kolk;India|TOK|kolkata,Key pruned (Block size > 500),"All shared keys (['India|NP6|kolkat', 'India|NP4|kolk', 'India|TOK|kolkata']) exceeded max_block_size"
S1-196451018,S3-351629543,source3,India,Universal Technology Limited,यूनिवर्सल टेक्नोलॉजी Limited,"D - 128 / 129, Midc, Malegaon, Sinnar, Nashik, Maharashtra","D - 28 / 129, Midc, Malegaon, Sinnar, Nashik, MH",universal technology,य न वरसल ट कन ल ज,False,False,False,False,False,False,,Indic script vs Latin name,Cand name is in Indic script; no shared address key generated
S1-159212979,S3-334249128,source3,US,Board of Labor,Board of,"NC, 3015 Ridgeville Road, Prospect Hill","3015 Ridgeville Road, Prospect Hill, North Carolina",board of labor,board of,True,True,True,False,False,True,US|NP6|boardo;US|TOK|board;US|NP4|boar;US|ADDR|3015_ridgeville,Truncated by max_candidates_per_query,"Shared key survived (['US|ADDR|3015_ridgeville']), but candidate rank exceeded top-200"
S1-601675219,S3-420291050,source3,India,Kaveran Coffee Limited,Gildsynaria,"Flat.No.318, Tirumala Residen-Tial Flats Yousufguda Check Post, Hyderabad-38, Post, Hyderabad-38, Telangana","Flat.No.318, Tirumala Residen-Tial Flats Yousufguda Check Post, Hyderabad-38, Post, Hyderabad-38, Telangana",kaveran coffee,gildsynaria,False,False,False,False,False,True,India|ADDR|318_tirumala,Truncated by max_candidates_per_query,"Shared key survived (['India|ADDR|318_tirumala']), but candidate rank exceeded top-200"
S1-589815236,S2-397672345,source2,US,"Herrera, Lee & Jackson LLC",leeherrera.com,"145 Aqueduct Lane, Warsaw, IN","145 AQUEDUCT LN, WARSAW, IN",herrera lee and jackson,leeherrera,False,False,False,False,False,True,US|ADDR|145_aqueduct,Truncated by max_candidates_per_query,"Shared key survived (['US|ADDR|145_aqueduct']), but candidate rank exceeded top-200"
S1-656907129,S2-810171121,source2,India,Hotel Products Private Limited,ಹೋಟೆಲ್ ಪ್ರೊಡಕ್ಟ್ಸ್ ಪ್ರೈವೇಟ್ ಲಿಮಿಟೆಡ್,"No. 01, Shop No. 4, 1St Floor, Near R K Plaza, Ramaiah Layout, Dodda Banaswadi, Bangalore North, Bangalore, Karnataka","NO. 01, BANGALORE NORTH, BANGALORE, Karnataka",hotel products,ಹ ಟ ಲ ಪರ ಡಕಟಸ ಪರ ವ ಟ ಲ ಮ ಟ ಡ,False,False,False,False,False,False,,Indic script vs Latin name,Cand name is in Indic script; no shared address key generated
S1-262875473,S3-662128758,source3,India,Indo Impex,इंडो इम्पेक्स,"Near Devi Sthan Gali No. 3, Patna, Bihar, Laljee Tola, Po - Gpo","Laljee Tola, Near Devi Sthan Gali No. 3, Po - Gpo, Patna, BR",indo impex,इ ड इमप कस,False,False,False,False,False,False,,Indic script vs Latin name,Cand name is in Indic script; no shared address key generated
S1-105764764,S3-984259538,source3,US,Womens Health American Medicine Inc,Womens-American Medicine Inc Center,"26722 Red Sunset Mapl Lane, Katy, TX","Red Sunset Mapl Ln, Katy, Texas",womens health american medicine,womens american medicine inc center,True,True,True,False,False,False,US|TOK|medicine;US|TOK|american;US|TOK|womens;US|NP4|wome;US|NP6|womens,Key pruned (Block size > 500),"All shared keys (['US|TOK|medicine', 'US|TOK|american', 'US|TOK|womens', 'US|NP4|wome', 'US|NP6|womens']) exceeded max_block_size"
S1-477054669,S2-395442609,source2,US,P 8 Diamond Foods Inc,P  EIGHT DIAMOND FOODS INC,"10621 Ferndale Road, Dallas, TX","DALLAS, PO BOX 929, TX, 10621 FERNDALE RD",p 8 diamond foods,p eight diamond foods,False,False,True,False,False,False,US|TOK|diamond;US|TOK|foods,Key pruned (Block size > 500),"All shared keys (['US|TOK|diamond', 'US|TOK|foods']) exceeded max_block_size"
S1-461231695,S2-353764431,source2,US,Foundry,FOENAMDRY,"6267 Martin Luther King Jr Boulevard, Unit 135, Sacramento, CA","MARTIN LUTHER KING JR BLVD, SACRAMENTO, CA",foundry,foenamdry,False,False,False,False,False,False,,"Address similar, Name alias/mismatch","Address shares tokens {'blvd', 'luther', 'king', 'jr', 'ca', 'martin', 'sacramento'}, but names share 0 tokens"
S1-574927457,S2-255982806,source2,US,Express Institutions,Express  Instfdtuions,"3679 Huntley Road, Marion, NY","HUNTLEY RD, MARION, NY",express institutions,express instfdtuions,True,True,True,False,False,False,US|NP6|expres;US|TOK|express;US|NP4|expr,Key pruned (Block size > 500),"All shared keys (['US|NP6|expres', 'US|TOK|express', 'US|NP4|expr']) exceeded max_block_size"
S1-914281895,S3-884542532,source3,India,Sun Consultancy Private Limited,सन कंसल्टेंसी प्राइवेट लिमिटेड,"S No. 2/3B/2, Shree Ram Appt., Devaki Nagar, Daund, Pune, Maharashtra","S No. 2/3B, Shree Ram Appt., Devaki Nagar, Daund, Pune, MH",sun consultancy,सन क सलट स पर इव ट ल म ट ड,False,False,False,False,False,False,,Indic script vs Latin name,Cand name is in Indic script; no shared address key generated
S1-437253658,S2-437763946,source2,India,Future Sree Developers Private Limited,फ्यूचर श्री डेवलपर्स प्राइवेट लिमिटेड,"Bihar, Rasulpur, Dumra, Sitamarhi, C/O Shiv Devi, Dumra, Sitamarhi","C/O SHIV DEVI, SITAMARHI, Bihar, DUMRA, RASULPUR, DUMRA, SITAMARHI",future sree developers,फय चर शर ड वलपरस पर इव ट ल म ट ड,False,False,False,False,False,False,,Indic script vs Latin name,Cand name is in Indic script; no shared address key generated
S1-522799506,S3-425048411,source3,India,Black Arihant Estate Private Limited,ବ୍ଲାକ୍ ଅରିହନ୍ତ ଏଷ୍ଟେଟ୍ ପ୍ରାଇଭେଟ୍ ଲିମିଟେଡ୍,"Balasore, Orissa, At: Manikhamb Po: Motiganj","OD, Balasore, At: Manikhamb Po: Mofiganj, Motiganj",black arihant estate,ବଲ କ ଅର ହନତ ଏଷଟ ଟ ପର ଇଭ ଟ ଲ ମ ଟ ଡ,False,False,False,False,False,False,,"Address similar, Name alias/mismatch","Address shares tokens {'motiganj', 'at', 'manikhamb', 'po', 'balasore'}, but names share 0 tokens"
S1-515514369,S3-343316316,source3,US,A Cure 2 All,A Cure Two All,"500 Bradleys Lane, Vine Grove, KY","500 Bradleys Ln, Vine Grove, Kentucky",a cure 2 all,a cure two all,True,False,True,False,False,True,US|NP4|acur;US|TOK|cure;US|ADDR|500_bradleys,Truncated by max_candidates_per_query,"Shared key survived (['US|ADDR|500_bradleys']), but candidate rank exceeded top-200"
S1-707471734,S3-770182722,source3,India,Eastern It Private Limited,ஈஸ்டர்ன் ஐடி பிரைவேட் லிமிடெட்,"32, Aziz Mulk I Street, Thousand Lights, Chennai, Tamil Nadu","##32, Chennai, தமிழ்நாடு",eastern it,ஈஸடரன ஐட ப ர வ ட ல ம ட ட,False,False,False,False,False,False,,Indic script vs Latin name,Cand name is in Indic script; no shared address key generated
S1-5533538,S2-106728038,source2,India,Srk Traders Private Limited,5RK PRIVATE  LIMITED SERVICES,"Ff Kh No. 42, 43, 44, Vipin Garden Extn. Near Gali No. 34, Delhi, Plot No. G-1, West Delhi","NO 753 PLOT NO. G-1, FF KH NO. 42, 43, 44, VIPIN GARDEN EXTN. NEAR GALI NO. 34, DELHI, WEST DELHI, Delhi",srk traders,5rk pvt ltd services,False,False,False,False,False,False,,"Address similar, Name alias/mismatch","Address shares tokens {'kh', 'g-1', 'gali', 'vipin', '44', 'dl', 'west', '42', 'extn', '34', 'near', 'garden', '43', 'ff', 'plot'}, but names share 0 tokens"
S1-867636377,S2-739033454,source2,India,Innovative Global Limited,Shri Innovative Global Global Ltd,"No.1 Patterivila Veedu, Paruthumpara Maranadu Po, Kottarakara, Kollam, Kerala","Keralam, #1 PATTEFIVILA VEEDU, PARUTHUMPARA MARANADU PO, KOTTARAKARA",innovative global,shri innovative global global,False,False,True,False,False,False,India|TOK|innovative,Key pruned (Block size > 500),All shared keys (['India|TOK|innovative']) exceeded max_block_size
S1-359566165,S2-741060453,source2,US,Cardiology Center PLLC,Cardiology  Center,"17837 1700 Road N, Pontiac, IL","7837 1700 ROAD N, PONTIAC, IL",cardiology center pllc,cardiology center,True,True,True,False,False,False,US|NP6|cardio;US|NP4|card;US|TOK|cardiology,Key pruned (Block size > 500),"All shared keys (['US|NP6|cardio', 'US|NP4|card', 'US|TOK|cardiology']) exceeded max_block_size"
S1-830891960,S2-636128548,source2,India,Perfect Enterprises Private Limited,Perfect Enterprises प्राइवेट लिमिटेड,"32 Aradhana Colonysector 13 R K Puram, New Delhi, West Delhi, Delhi","Delhi, 343 ARADHANA COLONYSECTOR 13 R K PURAM, NEW DELHI",perfect enterprises,perfect enterprises पर इव ट ल म ट ड,True,True,True,False,False,False,India|NP6|perfec;India|TOK|perfect;India|NP4|perf,Key pruned (Block size > 500),"All shared keys (['India|NP6|perfec', 'India|TOK|perfect', 'India|NP4|perf']) exceeded max_block_size"
S1-641436989,S2-709638500,source2,US,Vision Group,Soltavo,"9 19th Street, Richmond City, VA","9 1/2 19ND ST, PO BOX 3119, RICHMOND CITY, VA",vision group,soltavo,False,False,False,False,False,False,,"Address similar, Name alias/mismatch","Address shares tokens {'richmond', 'city', '9', 'va'}, but names share 0 tokens"
S1-900831254,S3-406340823,source3,US,Foot & Ankle Care Associates PC,Foot & Ankle Care Associates Inc,"3 Farrel Drive, Ansonia, CT","3-7 Farrel Dr, Ansonia, Connecticut",foot and ankle care associates pc,foot and ankle care associates,True,True,True,True,False,False,US|TOK|care;US|TOK|ankle;US|NP4|foot;US|NP6|footan;US|NSORT|and_ankle_care_foot;US|TOK|foot,Truncated by max_candidates_per_query,"Shared key survived (['US|NSORT|and_ankle_care_foot']), but candidate rank exceeded top-200"
S1-273846317,S2-27437350,source2,US,Pacific School of Medicine,PACIFIC SCHOOL OF,"1213 Melrose Street, Tullahoma, TN","TULLAHOMA, MELROSE STREET, TN",pacific school of medicine,pacific school of,True,True,True,False,False,False,US|NP6|pacifi;US|TOK|school;US|NP4|paci;US|TOK|pacific,Key pruned (Block size > 500),"All shared keys (['US|NP6|pacifi', 'US|TOK|school', 'US|NP4|paci', 'US|TOK|pacific']) exceeded max_block_size"
S1-196576160,S2-797498751,source2,India,Om Global Private Limited,ఓం గ్లోబల్ ప్రైవేట్ లిమిటెడ్,"Telangana, Hyderabad, H-76, H-Block Madhuranagar, Sr Nagar, Ameerpet, Hyderabad, 8-3-224/9/10/A","8-3-224/9/10/A, Andhra Pradesh, HYDERABAD",om global,ఓ గల బల పర వ ట ల మ ట డ,False,False,False,False,False,False,,Indic script vs Latin name,Cand name is in Indic script; no shared address key generated
S1-587032690,S2-893065168,source2,US,Pinnacle All Solarius LLC,Pinnacle All Soladius LLC,"624 Adams Street, Tucumcari, NM","ADAMS ST, TUCUMCARI, NM",pinnacle all solarius,pinnacle all soladius,True,True,True,False,False,False,US|NP6|pinnac;US|NP4|pinn;US|TOK|pinnacle,Key pruned (Block size > 500),"All shared keys (['US|NP6|pinnac', 'US|NP4|pinn', 'US|TOK|pinnacle']) exceeded max_block_size"
S1-242951025,S3-366180818,source3,US,Pediatric Dental Vanguard Medicine,Pediatric Denta1 Vanguard,"1090 Mt Horeb Road, Oakvale, WV","1090b Mt Horeb Rd, Oakvale, West Virginia",pediatric dental vanguard medicine,pediatric denta1 vanguard,True,True,True,False,False,False,US|TOK|pediatric;US|TOK|vanguard;US|NP6|pediat;US|NP4|pedi,Key pruned (Block size > 500),"All shared keys (['US|TOK|pediatric', 'US|TOK|vanguard', 'US|NP6|pediat', 'US|NP4|pedi']) exceeded max_block_size"
S1-852775221,S2-289490782,source2,India,Universal Foundation Pvt Ltd,யுனிவர்சல் ஃபவுண்டேஷன் பிரைவேட் லிமிடெட்,"G1, Amirtha Varshini, 131, Old No.52, Kothanda Ramar Koil Street, West Mambala, M, Chennai, Tamil Nadu","CHENNAI, AMIRTHA VARSHINI, 131, OLD NO.52, KOTHANDA RAMAR KOIL STREET, WEST MAMBALA, M, Tamil Nadu, GD/1, CHENNAI",universal foundation,ய ன வரசல ஃபவ ணட ஷன ப ர வ ட ல ம ட ட,False,False,False,False,False,False,,Indic script vs Latin name,Cand name is in Indic script; no shared address key generated
S1-348413877,S3-788984089,source3,US,"Timber Consultants, Inc",Fayeorbi,"4428 Shepherd Drive, Houston, TX","4428 Shepierd Dr, Houston, Texas",timber consultants,fayeorbi,False,False,False,False,False,False,,"Address similar, Name alias/mismatch","Address shares tokens {'houston', '4428', 'tx'}, but names share 0 tokens"
S1-344214634,S3-561527389,source3,US,Surgical Medicine,Surgical Mddire,"3208 Weller Drive, Indianapolis, IN","Weller Dr, Indianapolis, Indiana",surgical medicine,surgical mddire,True,True,True,False,False,False,US|NP6|surgic;US|TOK|surgical;US|NP4|surg,Key pruned (Block size > 500),"All shared keys (['US|NP6|surgic', 'US|TOK|surgical', 'US|NP4|surg']) exceeded max_block_size"
S1-409817554,S3-767990479,source3,India,Super Producer Pvt Ltd,సూపర్ ప్రొడ్యూసర్ ప్రైవేట్ లిమిటెడ్,"Flat No.401, New Life Building, Opp: T.B .Hospital Sanjeeva Reddy Nagar, Hyderabad, Telangana","Flat No.401, Hyderabad City Region, Hyderabad, Andhra Pradesh",super producer,స పర పర డయ సర పర వ ట ల మ ట డ,False,False,False,False,False,False,,Indic script vs Latin name,Cand name is in Indic script; no shared address key generated
S1-713104855,S3-436893675,source3,US,Brown and Larsen Sab LLC,Brown And Larshen Sab LLC,"417 Iron Avenue, Grants, NM","619 Iron Avenue, Grants, New Mexico",brown and larsen sab,brown and larshen sab,True,True,True,False,False,False,US|NP4|brow;US|TOK|brown;US|NP6|browna,Truncated by max_candidates_per_query,"Shared key survived (['US|NP6|browna']), but candidate rank exceeded top-200"
S1-284790344,S2-727020454,source2,US,Clark & Collura Bny PC,PC CLARK & COLLMRRRA BNY,"4775 Stoner Avenue, Louisville, OH","OH, STONER AVE, NIMISHILLEN TWP",clark and collura bny pc,pc clark and collmrrra bny,False,False,True,False,False,False,US|TOK|clark,Key pruned (Block size > 500),All shared keys (['US|TOK|clark']) exceeded max_block_size
S1-786762737,S2-553652526,source2,India,Ss Services Private Limited,Sri SS SS SERVICES PRIVATE LIMITED,"Midc Road No 20 Marol, 1St Floor 101 D 5 Marol, Maharashtra, Mumbai","महाराष्ट्र, DOOR NO 1ST FLOOR 101 D 5 MAROL, MIDC ROAD NO 20 MAROL, MUMBAI",ss services,sri ss ss services,False,False,False,False,False,False,,Token variation / Substring,Sub-token present in raw candidate name but missed in core name
S1-949948557,S2-245172620,source2,India,Tech Food Private Limited,टेक फूड प्राइवेट लिमिटेड,"124, Sukh Shanti Nagar, Near Nagori Bera, Jodhpur, Rajasthan","124, JODHPUR, Rajasthan",tech food,ट क फ ड पर इव ट ल म ट ड,False,False,False,False,False,False,,Indic script vs Latin name,Cand name is in Indic script; no shared address key generated
S1-103306577,S3-928095370,source3,US,Board of Buildings,Board of Blulidiegs,"IL, Kincaid, 1308 Springfield Road","1308-1312 Springfield Road, PMB 1356, Kincaid, Illinois",board of buildings,board of blulidiegs,True,True,True,False,False,False,US|NP6|boardo;US|TOK|board;US|NP4|boar,Key pruned (Block size > 500),"All shared keys (['US|NP6|boardo', 'US|TOK|board', 'US|NP4|boar']) exceeded max_block_size"
S1-254228362,S3-508778697,source3,India,Smart & Co Group,Smart  + Co Group,"29/A Patwa Chawl 2Nd Floor80-80B Sheikh Memon St, Mumbai, Maharashtra","Door No 29/ Patwa Chawl 2Nd Floor80-80b Sheikh Memon St, Mumbai, MH",smart and co group,smart co group,True,False,True,False,False,False,India|TOK|smart;India|NP4|smar,Key pruned (Block size > 500),"All shared keys (['India|TOK|smart', 'India|NP4|smar']) exceeded max_block_size"
S1-445396622,S3-239985232,source3,India,Varun Space Private Limited,Ectoquo,"N 1102, Avadh Carolina, Dumas Road, Choryasi, Surat, Gujarat","N 1102, Avadh Carolina, Dumas Road, Choryasi, Surat, Gujarat",varun space,ectoquo,False,False,False,False,False,True,India|ADDR|1102_avadh,Truncated by max_candidates_per_query,"Shared key survived (['India|ADDR|1102_avadh']), but candidate rank exceeded top-200"
S1-827122880,S3-377823013,source3,US,Office of Environmental Protection,Office,"268 Military Ridge Drive, City Of Verona, WI","268 Military Ridge Drive, City Of Verona, WI",office of environmental protection,office,True,True,True,False,False,True,US|NP6|office;US|NP4|offi;US|ADDR|268_military;US|TOK|office,Truncated by max_candidates_per_query,"Shared key survived (['US|ADDR|268_military']), but candidate rank exceeded top-200"
S1-956726685,S3-479204903,source3,US,Boswell Coastal Dynamics LP,LP 8oswell Coastal Dynamics,"15 Helio Hills Lane, WA, Manson","15-C Helio Hills Ln, Mannson, Washington",boswell coastal dynamics,8oswell coastal dynamics,False,False,True,False,False,False,US|TOK|coastal;US|TOK|dynamics,Key pruned (Block size > 500),"All shared keys (['US|TOK|coastal', 'US|TOK|dynamics']) exceeded max_block_size"
S1-576290974,S3-717964319,source3,US,Beacon America,Beacon Partners,"517 Cuesta Drive, Aptos, CA","Cuesta Drive, Aptos, California",beacon america,beacon partners,True,True,True,False,False,False,US|NP6|beacon;US|NP4|beac;US|TOK|beacon,Key pruned (Block size > 500),"All shared keys (['US|NP6|beacon', 'US|NP4|beac', 'US|TOK|beacon']) exceeded max_block_size"
S1-952898857,S3-569310887,source3,India,Shivam Global Private Limited,शिवम ग्लोबल प्राइवेट लिमिटेड,"H.No 1311 Urban Estate, Jind, Haryana","H.no C-1311 Urban Estate, Jind, HR",shivam global,श वम गल बल पर इव ट ल म ट ड,False,False,False,False,False,False,,Indic script vs Latin name,Cand name is in Indic script; no shared address key generated
S1-723966103,S3-73180305,source3,US,American Montessori School Inc.,American Montessori School Inc. Foundation,"234 Twin Creeks Drive, Raeford, NC","234-C Twin Creeks Drive, Raeford, North Carolina",american montessori school,american montessori school inc foundation,True,True,True,False,False,False,US|TOK|school;US|TOK|american;US|TOK|montessori;US|NP6|americ;US|NP4|amer,Key pruned (Block size > 500),"All shared keys (['US|TOK|school', 'US|TOK|american', 'US|TOK|montessori', 'US|NP6|americ', 'US|NP4|amer']) exceeded max_block_size"
S1-261082046,S3-648050238,source3,India,Arya Marketing,Smt Arya Marketing Ltd,"5, Ashwaraj Bunglows-2, Opp. Dev Vihar-1, Thaltej, Ahmedabad, Gujarat",,arya marketing,smt arya marketing,False,False,True,False,False,False,India|TOK|arya;India|TOK|marketing,Truncated by max_candidates_per_query,"Shared key survived (['India|TOK|arya']), but candidate rank exceeded top-200"
S1-76468161,S3-214537213,source3,US,Horizon Regions,Horizon Center,"743 Iron Liege Drive, Union, KY","743 Iron Liege Drive, Union, Kentucky",horizon regions,horizon center,True,True,True,False,False,True,US|TOK|horizon;US|NP6|horizo;US|NP4|hori;US|ADDR|743_iron,Truncated by max_candidates_per_query,"Shared key survived (['US|ADDR|743_iron']), but candidate rank exceeded top-200"
S1-903662945,S2-977055158,source2,US,Silver Highland Aldabra Inc,Silver Highland,"5243 Duelling Oaks Drive, Memphis, TN","243 DUELLING OAKS DR, MEMPHIS, TN",silver highland aldabra,silver highland,True,True,True,False,False,False,US|NP4|silv;US|TOK|silver;US|TOK|highland;US|NP6|silver,Key pruned (Block size > 500),"All shared keys (['US|NP4|silv', 'US|TOK|silver', 'US|TOK|highland', 'US|NP6|silver']) exceeded max_block_size"
S1-810116880,S2-864221155,source2,US,Dental Center L.L.C.,DENTAL CEHTER  L.L.C.,"1877 Knollridge Court, Columbus, OH","1877- KNOLLRIDGE COURT, COLUMBUS, OH",dental center,dental cehter,True,True,True,False,False,False,US|NP4|dent;US|NP6|dental;US|TOK|dental,Key pruned (Block size > 500),"All shared keys (['US|NP4|dent', 'US|NP6|dental', 'US|TOK|dental']) exceeded max_block_size"
S1-501516412,S3-165930903,source3,India,Shree Technologies Pvt. Ltd.,Avikorecto formerly known as Shree Technologies Pvt. Ltd.,"127, Shiv Vatika, Lasudiya Mori, Indore, Madhya Pradesh","127, Shiv Vatika, Lasudiya Mori, Indore, Madhya Pradesh",shree technologies,known as shree technologies,False,False,True,False,False,True,India|TOK|shree;India|ADDR|127_shiv,Truncated by max_candidates_per_query,"Shared key survived (['India|ADDR|127_shiv']), but candidate rank exceeded top-200"
S1-66980183,S2-586734926,source2,India,Seven Builders Private Limited,सेवन बिल्डर्स प्राइवेट लिमिटेड,"Haryana, Panchkula, Khatoni 14/14, Village Uperli Kundi, Sector 20, Panchkula, Khasra No 27","KHASRA NO 27, PANCHKULA, Haryana",seven builders,स वन ब लडरस पर इव ट ल म ट ड,False,False,False,False,False,False,,Indic script vs Latin name,Cand name is in Indic script; no shared address key generated
S1-722018025,S3-888466611,source3,US,Belinsoft LLC,Bnlistdft LLC,"632 Cedar Run Road, Pendleton, KY","63 Cedar Run Rd, Sulphur, Kentucky",belinsoft,bnlistdft,False,False,False,False,False,False,,"Address similar, Name alias/mismatch","Address shares tokens {'cedar', 'run'}, but names share 0 tokens"
S1-801894442,S3-573715420,source3,US,Back Alley Ice Cream LLC,Korkor,"3239 Creosote Lane, Gilbert, AZ","239 Creosote Ln, Gilbert, Arizona",back alley ice cream,korkor,False,False,False,False,False,False,,"Address similar, Name alias/mismatch","Address shares tokens {'creosote', 'gilbert', 'az'}, but names share 0 tokens"
S1-855854352,S2-144852028,source2,India,YSN Products Private Limited,Miracira,"Plot No-1745/4095, Kanan Vihar, Patia, Bhubaneswar, Khordha, Orissa","HN 251 PLOT NO-1745/4095, BHUBANESWAR, KHORDHA, ଓଡ଼ିଶା",ysn products,miracira,False,False,False,False,False,False,,"Address similar, Name alias/mismatch","Address shares tokens {'bhubaneswar', 'khordha', '-1745/4095', 'plot'}, but names share 0 tokens"
S1-434417223,S2-354715017,source2,India,All Investment Private Limited,ऑल इन्वेस्टमेंट प्राइवेट लिमिटेड,"899, Sec 46, Na, Gurugram, Sadar Bazar, Gurgaon, Haryana","899, GURGAON, GURGAON SEC FOURTEEN, हरियाणा",all investment,ऑल इनव सटम ट पर इव ट ल म ट ड,False,False,False,False,False,False,,Indic script vs Latin name,Cand name is in Indic script; no shared address key generated
S1-99560436,S2-161239005,source2,US,Ear Nose & Throat Medicine LLC,earnosethroat.com,"703 Beacon Court, Montgomery Township, PA","BEACON CT, LANSDALE, PA",ear nose and throat medicine,earnosethroat,True,True,False,False,False,False,US|NP4|earn;US|NP6|earnos,Key pruned (Block size > 500),"All shared keys (['US|NP4|earn', 'US|NP6|earnos']) exceeded max_block_size"
S1-993089857,S2-133880447,source2,US,Preferred Packaging Studios LLC,Preferred Studios LLC Services,"5422 Beech Ridge Drive, Fairfax County, VA","5422-5426 BEECH RIDGE DR, FAIRFAX, VA",preferred packaging studios,preferred studios llc services,True,True,True,False,False,False,US|TOK|studios;US|TOK|preferred;US|NP6|prefer;US|NP4|pref,Key pruned (Block size > 500),"All shared keys (['US|TOK|studios', 'US|TOK|preferred', 'US|NP6|prefer', 'US|NP4|pref']) exceeded max_block_size"
S1-538382462,S3-732326827,source3,India,Pun E Foundation Pvt Ltd,Pun E Pvt Ltd (Center),"Sno 28 Flat No 402Meghraj Prestiage Karvenagar, Pun E, Maharashtra","Sno 28- Flat No 402Meghraj Prestiage Karvenagar, Pun E, MH",pun e foundation,pun e pvt ltd center,True,False,False,False,False,False,India|NP4|pune,Key pruned (Block size > 500),All shared keys (['India|NP4|pune']) exceeded max_block_size
S1-77909359,S3-756073815,source3,US,Pediatric Dentistry Group,Pediatric Dentistry LLC,"3907 66th Place, Chicago, IL","66th Place, Chicagoc ITY, Illinois",pediatric dentistry group,pediatric dentistry,True,True,True,True,False,False,US|NP6|pediat;US|NP4|pedi;US|TOK|pediatric;US|NSORT|dentistry_pediatric;US|TOK|dentistry,Key pruned (Block size > 500),"All shared keys (['US|NP6|pediat', 'US|NP4|pedi', 'US|TOK|pediatric', 'US|NSORT|dentistry_pediatric', 'US|TOK|dentistry']) exceeded max_block_size"
S1-772907843,S3-916063399,source3,India,Consultants Btl Tools Limited,Consultants Btl Tots Limited,"H No 1-36 Solipet, Bommala Ramaram, Bhongir, Nalgonda, Telangana","H.no 001-36 Solipet, Nalgonda, Bhongir, TG",consultants btl tools,consultants btl tots,True,True,True,False,False,True,India|ADDR|1-36_solipet;India|NP4|cons;India|NP6|consul;India|TOK|consultants,Truncated by max_candidates_per_query,"Shared key survived (['India|ADDR|1-36_solipet']), but candidate rank exceeded top-200"
S1-278550044,S3-844838199,source3,US,Dynamic Printing Laboratories,Dynamic Printing Center,"1000 Murray Street, Macomb, IL","Murray St, Macomb, Illinois",dynamic printing laboratories,dynamic printing center,True,True,True,False,False,False,US|NP4|dyna;US|TOK|printing;US|TOK|dynamic;US|NP6|dynami,Key pruned (Block size > 500),"All shared keys (['US|NP4|dyna', 'US|TOK|printing', 'US|TOK|dynamic', 'US|NP6|dynami']) exceeded max_block_size"
S1-915475076,S2-255262799,source2,India,International Management Pvt Ltd,International मैनेजमेंट प्रा. लि.,"11/818, Manas Nagar Bara, Rewa, Madhya Pradesh","1/818, MANAS NAGAR BARA, REWA, Madhya Pradesh",international management,international म न जम ट पर ल,True,True,False,False,False,False,India|NP6|intern;India|NP4|inte,Key pruned (Block size > 500),"All shared keys (['India|NP6|intern', 'India|NP4|inte']) exceeded max_block_size"
S1-177241641,S2-149766288,source2,US,Highland Gas Inc,INC HIHGALND GAS,"3151 Mcguffey Road, Columbus, OH","151 MCGUFFEY RD, COLUMBUS, OH",highland gas,hihgalnd gas,False,False,False,False,False,False,,Token variation / Substring,Sub-token present in raw candidate name but missed in core name
S1-260215069,S3-699646301,source3,India,Ocean Traders Pvt Ltd,Avigild,"205, Mayuri Manasa, Dutch Laout, Visakhapatnam, Andhra Pradesh","205, Mayuri Manasa, Dutch Laout, Visakhapatnam, Andhra Pradesh",ocean traders,avigild,False,False,False,False,False,True,India|ADDR|205_mayuri,Truncated by max_candidates_per_query,"Shared key survived (['India|ADDR|205_mayuri']), but candidate rank exceeded top-200"
S1-781324018,S3-648591253,source3,India,Global Solutions Private Limited,ಗ್ಲೋಬಲ್ ಸೊಲ್ಯೂಷನ್ಸ್ ಪ್ರೈವೇಟ್ ಲಿಮಿಟೆಡ್,"#45, 46, 47, Bylakonenahalli Kachohalli Industrial Area, Dasanapura H, Obli, Bangalore, Karnataka","H.no 45, Bangalore, KA",global solutions,ಗಲ ಬಲ ಸ ಲಯ ಷನಸ ಪರ ವ ಟ ಲ ಮ ಟ ಡ,False,False,False,False,False,False,,Indic script vs Latin name,Cand name is in Indic script; no shared address key generated
S1-572144442,S3-972092684,source3,US,"Wilbur, Ginnifer, D.O. Inc",Jaxxylo,"7475 Guthrie Street, San Bernardino, CA","7475- Guthrie St, San Bernardino, California",wilbur ginnifer d o,jaxxylo,False,False,False,False,False,False,,"Address similar, Name alias/mismatch","Address shares tokens {'bernardino', 'san', 'ca', 'guthrie'}, but names share 0 tokens"
S1-402241052,S2-144951700,source2,India,Surya Exports Private Limited,ಸೂರ್ಯ ಎಕ್ಸ್‌ಪೋರ್ಟ್ಸ್ ಪ್ರೈವೇಟ್ ಲಿಮಿಟೆಡ್,"300, 8Th Main Road C Block J P Nagar, Mysore, Karnataka","BLOCK G-431- 300, 8TH MAIN ROAD C BLOCK J P NAGAR, MYSORE, Karnataka",surya exports,ಸ ರಯ ಎಕಸ ಪ ರಟಸ ಪರ ವ ಟ ಲ ಮ ಟ ಡ,False,False,False,False,False,False,,Indic script vs Latin name,Cand name is in Indic script; no shared address key generated
S1-578509483,S3-86851475,source3,US,Snyder Northwest Ltd,snydernorthwest.com,"6650 Stephan Ridge Cove, Bartlett, TN","6650- Stephan Ridge Cove, Bartlett, Tennessee",snyder northwest,snydernorthwest,True,True,False,False,True,False,US|NP6|snyder;US|NCOMP|snydernorthwest;US|NP4|snyd,Truncated by max_candidates_per_query,"Shared key survived (['US|NP6|snyder', 'US|NCOMP|snydernorthwest', 'US|NP4|snyd']), but candidate rank exceeded top-200"
S1-61434219,S2-521757954,source2,India,Hitech Engineering Private Limited,हाईटेक इंजीनियरिंग प्राइवेट लिमिटेड,"Shop 401 In 2214 Forth Floor, Gurudwara Road, Karol Bagh, Delhi, Central Delhi, Delhi","PLOT 577 SHOP 401 IN 2214 FORTH FLOOR, GURUDWARA ROAD, KAROL BAGH, CENTRAL, CENTRAL DELHI, Delhi",hitech engineering,ह ईट क इ ज न यर ग पर इव ट ल म ट ड,False,False,False,False,False,False,,Indic script vs Latin name,Cand name is in Indic script; no shared address key generated
S1-118198262,S2-615813343,source2,India,Future Products Limited,FUTURE LIMITED CENTER Enterprises,"Calcutta, West Bengal, Kolkata, 4/1A Dr Shyama Das Row",,future products,future ltd center enterprises,True,True,True,False,False,False,India|TOK|future;India|NP4|futu;India|NP6|future,Key pruned (Block size > 500),"All shared keys (['India|TOK|future', 'India|NP4|futu', 'India|NP6|future']) exceeded max_block_size"
S1-455390061,S3-828037992,source3,US,Martin Uranium LLC,martinuranium.c0m,"10905 Hopewell Road, Unit B, Putnam County, TN","1090 Hopewell Rd, # B, Putnam County, Tennessee",martin uranium,martinuranium,True,True,False,False,True,False,US|NP4|mart;US|NCOMP|martinuranium;US|NP6|martin,Truncated by max_candidates_per_query,"Shared key survived (['US|NCOMP|martinuranium']), but candidate rank exceeded top-200"
S1-99112718,S3-508995979,source3,US,Gibson Fortune,Deltafaye,"5629 Rapid Run Court, Fairfax County, VA","5629 Rapid Run Ct, Burke, Virginia",gibson fortune,deltafaye,False,False,False,False,False,True,US|ADDR|5629_rapid,Truncated by max_candidates_per_query,"Shared key survived (['US|ADDR|5629_rapid']), but candidate rank exceeded top-200"
S1-519656611,S2-891374903,source2,US,713 Sunset Blvd Associates,713 Blvd Associates Center,"1405 W Broadway, Unit 228, Louisville, KY","LOUISVILLE, 405 W BROADWAY, KY, PO BOX 999",713 sunset blvd associates,713 blvd associates center,False,False,True,False,False,False,US|TOK|blvd,Key pruned (Block size > 500),All shared keys (['US|TOK|blvd']) exceeded max_block_size
S1-62135230,S2-65225897,source2,India,Avs Group,Lumnovidova,"205-208, Anarkali Complex, Jhandewalan Extension, Delhi, Central Delhi, Delhi","205-208, DELHI, CENTRAL DELHI, Delhi",avs group,lumnovidova,False,False,False,False,False,False,,"Address similar, Name alias/mismatch","Address shares tokens {'dl', 'central', '205-208'}, but names share 0 tokens"
S1-805742318,S3-181744190,source3,India,Dream Builders Private Limited,ড্রিম বিল্ডার্স প্রাইভেট লিমিটেড,"Upper Bagdogra, Opposite Bus Stand, P.O & P.S-Bagdogra, Phansidewa, Darjiling, Darjeeling, West Bengal","Upper Bagdogra, WB, Darjiling, Darjeeling",dream builders,ডর ম ব লড রস পর ইভ ট ল ম ট ড,False,False,False,False,False,False,,Indic script vs Latin name,Cand name is in Indic script; no shared address key generated
S1-175961840,S2-98426633,source2,US,Urology Partners,urologyptr.com,"111 Orchard Avenue, Beckley, WV","BECKLEY, 11 ORCHARD AVE, WV",urology partners,urologyptr,True,True,False,False,False,False,US|NP6|urolog;US|NP4|urol,Key pruned (Block size > 500),"All shared keys (['US|NP6|urolog', 'US|NP4|urol']) exceeded max_block_size"
S1-984476715,S3-752283801,source3,India,Krishna & Sons Private Limited,Krishna + Sons Pgorvioate Limited,"No. 235, Binnamangala, 2Nd Floor, 13Th Cross Road, Bangalore North, Bangalore, Karnataka","No. 236, Binnamangala, 2Nd Floor, 13Th Cross Road, Bangalore, KA",krishna and sons,krishna sons pgorvioate,True,True,True,False,False,False,India|NP4|kris;India|NP6|krishn;India|TOK|sons;India|TOK|krishna,Key pruned (Block size > 500),"All shared keys (['India|NP4|kris', 'India|NP6|krishn', 'India|TOK|sons', 'India|TOK|krishna']) exceeded max_block_size"
S1-900694722,S3-602669802,source3,US,Green Staffing Group Group,Green Group Group Services,"Springfield, IL, 41 Groton Drive","41- Groton Dr, Springfield, Illinois",green staffing group group,green group group services,True,False,True,False,False,False,US|NP4|gree;US|TOK|green,Key pruned (Block size > 500),"All shared keys (['US|NP4|gree', 'US|TOK|green']) exceeded max_block_size"
S1-11302207,S3-494568989,source3,India,Sl Marine Private Limited,msprivate.com,"Systron Building 5Th Floor Plot No J-5, Block - Ep & Gp, Salt Lake, Sector - V, Kolkata, Kolkata, Howrah, West Bengal","Systron Building 5Th/2 Floor Plot No J-5, Block - Ep & Gp, Salt Lake, Sector - V, Kolkata, Kolkata, Howrah, WB",sl marine,msprivate,False,False,False,False,False,False,,"Address similar, Name alias/mismatch","Address shares tokens {'ep', 'j-5', 'gp', 'sector', 'wb', 'kolkata', 'systron', 'salt', 'block', 'bldg', 'lake', 'howrah', 'v', '-', 'plot'}, but names share 0 tokens"
S1-125687146,S2-320293896,source2,India,Lotus Developers Pvt Ltd,லோட்டஸ் டெவலப்பர்ஸ் பிரைவேட் லிமிடெட்,"2Nd Floor, Thirugnana Sambandar Street, Ram Nagar North, Madipakkam, Saidapet, Plot No.42, Tamil Nadu, Kanchipuram","#42, KANCHIPURAM, SAIDAPET, தமிழ்நாடு",lotus developers,ல டடஸ ட வலபபரஸ ப ர வ ட ல ம ட ட,False,False,False,False,False,False,,Indic script vs Latin name,Cand name is in Indic script; no shared address key generated
S1-951159035,S2-875950440,source2,India,Sai Construction,Sai  Services,"5Th Floor, Bbr Avenue, Plot No 38, C Block 7/3, Brindavanamu Colony, Kokapet, Rajendranagar, K.V.Rangareddy, Telangana",,sai construction,sai services,False,False,False,False,False,False,,Candidate address missing,"Cand address is missing (nan), and names share no blocking key"
S1-894328332,S2-312111175,source2,India,Seven High Exports Private Limited,सेवन हाई एक्सपोर्ट्स प्राइवेट लिमिटेड,"Plot No. 179, Sector 27-28, Hisar, Hissar, Haryana","Haryana, POT NO. ##179, HISAR",seven high exports,स वन ह ई एकसप रटस पर इव ट ल म ट ड,False,False,False,False,False,False,,Indic script vs Latin name,Cand name is in Indic script; no shared address key generated
S1-806616139,S2-512833764,source2,India,Golden Power Pvt Ltd,gpower.com,"431, 441 F/F Front Side, Gali No.5 Guru Ram Dass N, East Delhi, Delhi","431, दिल्ली, EAST DELHI, 441 F/F FRONT SIDE, GALI NO.5 GURU RAM DASS N, EAST DELHI",golden power,gpower,False,False,False,False,False,False,,"Address similar, Name alias/mismatch","Address shares tokens {'ram', '431', 'east', 'f/f', 'gali', 'n', 'dl', 'guru', 'side', 'front', '5', 'dass', '441'}, but names share 0 tokens"
S1-958297307,S3-278439020,source3,US,"Hearn Jersey, LLC",Hearn LLC Center,"Fairfax County, Unit STE 103, VA, 7336 Route 29","7336 Route 29, Falls Church, Virginia",hearn jersey,hearn llc center,True,False,True,False,False,False,US|NP4|hear;US|TOK|hearn,Truncated by max_candidates_per_query,"Shared key survived (['US|TOK|hearn']), but candidate rank exceeded top-200"
S1-425587153,S2-340857416,source2,India,Royal Business Private Limited,रॉयल बिजनेस प्राइवेट लिमिटेड,"N 273, Dlf Park Place, Golf Course Road Sector54, Galleria Dlf-Iv, Gurgaon, Haryana","N 273, GURUGRAM, GURGAON, Haryana",royal business,र यल ब जन स पर इव ट ल म ट ड,False,False,False,False,False,False,,Indic script vs Latin name,Cand name is in Indic script; no shared address key generated
S1-402241052,S2-907297271,source2,India,Surya Exports Private Limited,ಸೂರ್ಯ ಎಕ್ಸ್‌ಪೋರ್ಟ್ಸ್ ಪ್ರೈವೇಟ್ ಲಿಮಿಟೆಡ್,"300, 8Th Main Road C Block J P Nagar, Mysore, Karnataka","BLOCK G-431- 300, MYSURU, MYSORE, Karnataka",surya exports,ಸ ರಯ ಎಕಸ ಪ ರಟಸ ಪರ ವ ಟ ಲ ಮ ಟ ಡ,False,False,False,False,False,False,,Indic script vs Latin name,Cand name is in Indic script; no shared address key generated
S1-692685078,S2-111632300,source2,India,Shyam Consultants Private Limited,శ్యామ్ కన్సల్టెంట్స్ ప్రైవేట్ లిమిటెడ్,"P No 8 And 11, N/P Tirumala Colony, Hyderabad, Telangana","BLOCK A-84 P NO 8 AND 11, N/P TIRUMALA COLONY, HYDERABAD, Telangana",shyam consultants,శయ మ కనసలట టస పర వ ట ల మ ట డ,False,False,False,False,False,False,,Indic script vs Latin name,Cand name is in Indic script; no shared address key generated
S1-244875564,S3-355681854,source3,India,Aries (India) Energy Private Limited,Dr ariesindiaenergy.com,"9, Pratap Nagar, Jaipur, Rajasthan","No. 0634 9, Pratap Nagar, Jaipur, RJ",aries india energy,dr ariesindiaenergy,False,False,False,False,False,False,,"Address similar, Name alias/mismatch","Address shares tokens {'nagar', 'rj', '9', 'pratap', 'jaipur'}, but names share 0 tokens"
S1-332389192,S2-833378080,source2,US,Highland Endocrinology,Highland Endcrniology,"1285 89, White Sulphur Springs, MT","1286 89, WHITE SULPHUR SPRINGS, MT",highland endocrinology,highland endcrniology,True,True,True,False,False,False,US|TOK|highland;US|NP4|high;US|NP6|highla,Key pruned (Block size > 500),"All shared keys (['US|TOK|highland', 'US|NP4|high', 'US|NP6|highla']) exceeded max_block_size"
S1-245699717,S3-145458646,source3,US,Urgent Care Physicians P.C.,Urgent Care Phyiscias P.C.,"11505 Grafs Ct, Louisville, KY","11505-11509 Grafs Ct, Louisville, Kentucky",urgent care physicians p c,urgent care phyiscias p c,True,True,True,False,False,False,US|NP6|urgent;US|TOK|care;US|NP4|urge;US|TOK|urgent,Key pruned (Block size > 500),"All shared keys (['US|NP6|urgent', 'US|TOK|care', 'US|NP4|urge', 'US|TOK|urgent']) exceeded max_block_size"
S1-299367178,S2-250009064,source2,US,American Legacy Islands Inc,Veragildsyn,"729 Cr 11, Tiffin, OH","729 CR 11, CLINTON TWP, OH",american legacy islands,veragildsyn,False,False,False,False,False,False,,"Address similar, Name alias/mismatch","Address shares tokens {'cr', '11', '729'}, but names share 0 tokens"
S1-499856309,S3-217514523,source3,US,Wildlife Trust,Wildlife Ttrsut,"N3201 Crazy Horse Lane, Unit 17, Town Of Decatur, WI","2951 Crazy Horse Lane, # 17, Town Of Decatur, Wisconsin",wildlife trust,wildlife ttrsut,True,True,True,False,False,False,US|NP4|wild;US|NP6|wildli;US|TOK|wildlife,Key pruned (Block size > 500),"All shared keys (['US|NP4|wild', 'US|NP6|wildli', 'US|TOK|wildlife']) exceeded max_block_size"
S1-993841612,S2-423554722,source2,US,Piedmont Charter School,Piedmont Charter,"346 Turnpike Road, Unit 2214, Westborough, MA","34 TURNPIKE RD, WESTBOROUGH, MA",piedmont charter school,piedmont charter,True,True,True,False,False,False,US|TOK|charter;US|NP4|pied;US|NP6|piedmo;US|TOK|piedmont,Key pruned (Block size > 500),"All shared keys (['US|TOK|charter', 'US|NP4|pied', 'US|NP6|piedmo', 'US|TOK|piedmont']) exceeded max_block_size"
S1-769722635,S3-864046667,source3,US,Department of Sanitation,Department,"5219 53rd Avenue, Fl 1, Lacey, WA","5219 53rd Avenue, Fl 1, Lacey, WA",department of sanitation,department,True,True,True,False,False,True,US|NP4|depa;US|TOK|department;US|ADDR|5219_53rd;US|NP6|depart,Truncated by max_candidates_per_query,"Shared key survived (['US|ADDR|5219_53rd']), but candidate rank exceeded top-200"
S1-436833324,S3-97056794,source3,US,Economic Development Fellowship,Economic Development,"1203 8th Street, Galena, KS","001203 Eighth St, Galena, Kansas",economic development fellowship,economic development,True,True,True,False,False,False,US|NP6|econom;US|NP4|econ;US|TOK|development;US|TOK|economic,Key pruned (Block size > 500),"All shared keys (['US|NP6|econom', 'US|NP4|econ', 'US|TOK|development', 'US|TOK|economic']) exceeded max_block_size"
S1-600604729,S2-456742792,source2,India,NX Pharmaceuticals Pvt. Ltd.,NX Pvt. Ltd. Service,"H.No.20 Tulsigardens Yapral, Secunderabad, Hyderabad, Telangana","#B3/20 TULSIGARDENS YAPRAL, SECUNDERABAD, తెలంగాణ",nx pharmaceuticals,nx pvt ltd service,False,False,False,False,False,False,,Prefix-3 match (Typo after 3 chars),Names share first 3 chars ('nxp') but diverge at char 4
S1-222348540,S2-338614517,source2,US,Associated Marketing Products LLC,LLC Associated Marketing Prhdcauts,"14729 Las Brizas Lane, Sun City West, AZ","AZ, LAS BRIZAS LN, SUN CITY WEST",associated marketing products,associated marketing prhdcauts,True,True,True,False,False,False,US|NP6|associ;US|TOK|associated;US|TOK|marketing;US|NP4|asso,Key pruned (Block size > 500),"All shared keys (['US|NP6|associ', 'US|TOK|associated', 'US|TOK|marketing', 'US|NP4|asso']) exceeded max_block_size"
S1-101541682,S3-447683324,source3,India,Red United Products,રેડ યુનાઇટેડ પ્રોડક્ટ્સ,"Gujarat, Ahmedabad, 702, City Center, Opp. Shukan Mall Science City Road, Sola","702, Ahmedabad, GJ",red united products,ર ડ ય ન ઇટ ડ પર ડકટસ,False,False,False,False,False,False,,Indic script vs Latin name,Cand name is in Indic script; no shared address key generated
S1-618676054,S3-504013768,source3,US,Swanson Golden Foods Corp,Goldenfoods.Com,"106 Sundew Lane, Cary, NC","106 1/2 Sundew Ln, Cary, North Carolina",swanson golden foods,goldenfoods,False,False,False,False,False,True,US|ADDR|106_sundew,Truncated by max_candidates_per_query,"Shared key survived (['US|ADDR|106_sundew']), but candidate rank exceeded top-200"
S1-599612665,S2-367585458,source2,India,Dream Marketing Private Limited,ड्रीम मार्केटिंग प्राइवेट लिमिटेड,"Uttar Pradesh, Noida, Plot No 27 & 28 Udyog, Gautam Buddha Nagar, Kendra, Ecotech 3, I.D.A","PLOT NO G-27 & 28 UDYOG, KENDRA, ECOTECH 3, I.D.A, NOIDA, GAUTAM BUDDHA NAGAR, Uttar Pradesh",dream marketing,डर म म रक ट ग पर इव ट ल म ट ड,False,False,False,False,False,False,,Indic script vs Latin name,Cand name is in Indic script; no shared address key generated
S1-477761993,S3-906903526,source3,US,Murray United Auto Repair,Murray United Auto,"UT, Millcreek, 724 Nibley View Court","724- Nibley View Court, Millcreek, Utah",murray united auto repair,murray united auto,True,True,True,False,False,False,US|TOK|united;US|NP6|murray;US|TOK|auto;US|TOK|murray;US|NP4|murr,Truncated by max_candidates_per_query,"Shared key survived (['US|NP6|murray', 'US|TOK|murray', 'US|NP4|murr']), but candidate rank exceeded top-200"
S1-151112571,S3-272928365,source3,India,Marketing Plus Ltd,Marketing Ps Ltd,"#376, Trinity Square, 2Nd Floor 14Th 'B' Cross, 5Th Main, Hsr Layout, 6T, H Sector, Bangalore, Karnataka","76, Trinity Square, 2Nd Floor 14Th 'B' Cross, 5Th Main, Hsr Layout, 6T, H Sector, Bengaluru, Bangalore, KA",marketing plus,marketing ps,True,True,True,False,False,False,India|NP4|mark;India|NP6|market;India|TOK|marketing,Key pruned (Block size > 500),"All shared keys (['India|NP4|mark', 'India|NP6|market', 'India|TOK|marketing']) exceeded max_block_size"
S1-268328102,S3-866601228,source3,US,South Ridge End,*** 5outh End Ridge,"13000 7th Avenue Circle, Zimmerman, MN","13000a 7th Avenue Cir, Zimmerman, Minnesota",south ridge end,5outh end ridge,False,False,True,False,False,False,US|TOK|ridge,Key pruned (Block size > 500),All shared keys (['US|TOK|ridge']) exceeded max_block_size
S1-371230038,S2-606494399,source2,US,Wildlife Trust,Wildlife Tntt,"42 Fabyan Street, Unit 3, Boston, MA","FABYAN STREET, BOSTON, MA",wildlife trust,wildlife tntt,True,True,True,False,False,False,US|NP4|wild;US|NP6|wildli;US|TOK|wildlife,Key pruned (Block size > 500),"All shared keys (['US|NP4|wild', 'US|NP6|wildli', 'US|TOK|wildlife']) exceeded max_block_size"
S1-466277913,S3-280749539,source3,US,Sterling Eastern Inc,Inc 5terling Eastern,"8526 Kensley Lane, Lakesite, TN","Tennessee, Hixson, Kensley Ln",sterling eastern,5terling eastern,False,False,True,False,False,False,US|TOK|eastern,Key pruned (Block size > 500),All shared keys (['US|TOK|eastern']) exceeded max_block_size
S1-547434022,S3-82812772,source3,US,National Cbre Inc.,National Inc. Services,"5420 Broadway, Town Of Saratoga, WI","5420 Broadway, Town Of Saratoga, Wisconsin",national cbre,national inc services,True,True,False,False,False,True,US|ADDR|5420_broadway;US|NP6|nation;US|NP4|nati,Truncated by max_candidates_per_query,"Shared key survived (['US|ADDR|5420_broadway']), but candidate rank exceeded top-200"
S1-206569853,S2-650042785,source2,India,Dream Investment Private Limited,ड्रीम इन्वेस्टमेंट प्राइवेट लिमिटेड,"275 Katghar, Allahabad, Uttar Pradesh","75 KATGHAR, ALLAHABAD, उत्तर प्रदेश",dream investment,डर म इनव सटम ट पर इव ट ल म ट ड,False,False,False,False,False,False,,Indic script vs Latin name,Cand name is in Indic script; no shared address key generated
S1-477854773,S2-484247225,source2,India,Great Hospitality Private Limited,ग्रेट हॉस्पिटैलिटी प्राइवेट लिमिटेड,"Thakur Ji Ki Haweli Jalpa Mata Mandir Ke Pass Rajgarh, Rajgarh, Dhar, Madhya Pradesh","THAKUR JI KI HAWELI JALPA MATA MANDIR KE PASS RAJGARH, RAJGARH, Madhya Pradesh",great hospitality,गर ट ह सप ट ल ट पर इव ट ल म ट ड,False,False,False,False,False,False,,Indic script vs Latin name,Cand name is in Indic script; no shared address key generated
S1-188492472,S3-267352789,source3,India,Jai Security Private Limited,Mr jaisecurity.com,"No. 350/300/33, Honnenahalli, Sompura, Nelamangala, Bangalore Rural, Karnataka","No 350/300/33, Nelamangala, Bangalore Rural, KA",jai security,mr jaisecurity,False,False,False,False,False,False,,"Address similar, Name alias/mismatch","Address shares tokens {'bangalore', 'ka', 'nelamangala', 'rural', '350/300/33'}, but names share 0 tokens"
S1-446178146,S2-445870557,source2,India,Lotus Technologies Private Limited,లోటస్ టెక్నాలజీస్ ప్రైవేట్ లిమిటెడ్,"D.No:9-11-22, Ground Floor, Revenue Ward 27, Guntur, Andhra Pradesh","GUNTUR, Andhra Pradesh, D.NO:9-11-22/7, GUNTUR",lotus technologies,ల టస ట కన లజ స పర వ ట ల మ ట డ,False,False,False,False,False,False,,Indic script vs Latin name,Cand name is in Indic script; no shared address key generated
S1-606815002,S3-686758781,source3,US,JX Spartacus PLLC,PLLC JX Sparanuas,"1602 Spring Overlook Lane, Hillsborough, NC","1602 Spring Overlook Ln, Hllsborough, North Carolina",jx spartacus pllc,pllc jx sparanuas,False,False,True,False,False,True,US|ADDR|1602_spring;US|TOK|pllc,Truncated by max_candidates_per_query,"Shared key survived (['US|ADDR|1602_spring']), but candidate rank exceeded top-200"
S1-392009011,S3-836619159,source3,India,QZN Quality Private Limited,QZN Private Limited Services,"Bhagya Complex, 126, Priyadharshini Nagar, Sithalapakkam, Chennai, Tamil Nadu","Bhagya Complex, 126, Priyadharshini Nagar, Sithalapakkam, Chennai, TN",qzn quality,qzn pvt ltd services,False,False,False,False,False,True,India|ADDR|126_priyadharshini,Truncated by max_candidates_per_query,"Shared key survived (['India|ADDR|126_priyadharshini']), but candidate rank exceeded top-200"
S1-491658200,S2-477831819,source2,India,Baba Infotech Private Limited,बाबा इंफोटेक प्राइवेट लिमिटेड,"First Floor Shop No. 130, Vasudev Sky High Chs Ltd, Thane, Maharashtra","NO. ##620 FIRST FLOOR SHOP NO. 130, THANE, Maharashtra",baba infotech,ब ब इ फ ट क पर इव ट ल म ट ड,False,False,False,False,False,False,,Indic script vs Latin name,Cand name is in Indic script; no shared address key generated
S1-606109978,S3-558509835,source3,India,Dynamic Technologies Private Limited,Dynamic Dynamic Technologies Prvonet Limited,"C-4, Madhikar Garh Colony, Tehsil, Kotputli, Jaipur, Rajasthan",,dynamic technologies,dynamic dynamic technologies prvonet,True,True,True,False,False,False,India|NP6|dynami;India|TOK|dynamic;India|NP4|dyna,Key pruned (Block size > 500),"All shared keys (['India|NP6|dynami', 'India|TOK|dynamic', 'India|NP4|dyna']) exceeded max_block_size"
S1-679705210,S3-597460282,source3,India,Innovative It Private Limited,Innovative It Pgivtae Limited,"C/O Shaheenasajjadkhan, Sn-60/4-6, Clover Heights, Bldg-3, Opp Salunke Vihar, Wanwadi, Pune, Maharashtra","Plot 499 C/o Shaheenasajjadkhan, Pune, MH",innovative it,innovative it pgivtae,True,True,True,False,False,False,India|NP4|inno;India|TOK|innovative;India|NP6|innova,Key pruned (Block size > 500),"All shared keys (['India|NP4|inno', 'India|TOK|innovative', 'India|NP6|innova']) exceeded max_block_size"
S1-893695207,S2-814421229,source2,US,Oncology Atlantic Health Inc,Oncology [Atlantic],"5925 University Drive, Unit 111, Mesa Falcon Field, AZ","UNIVERSITY DR, MESA FALCON FIELD, AZ",oncology atlantic health,oncology atlantic,True,True,True,False,False,False,US|TOK|oncology;US|NP4|onco;US|NP6|oncolo;US|TOK|atlantic,Key pruned (Block size > 500),"All shared keys (['US|TOK|oncology', 'US|NP4|onco', 'US|NP6|oncolo', 'US|TOK|atlantic']) exceeded max_block_size"
S1-456318790,S3-400472893,source3,US,Pediatric Dental Center LLC,Pediatric Dental,"1151 Pioneer Drive, Cottonwood, AZ","1151-1153 Pioneer Drive, Cottonwood, Arizona",pediatric dental center,pediatric dental,True,True,True,True,False,False,US|NP6|pediat;US|NSORT|dental_pediatric;US|NP4|pedi;US|TOK|pediatric;US|TOK|dental,Key pruned (Block size > 500),"All shared keys (['US|NP6|pediat', 'US|NSORT|dental_pediatric', 'US|NP4|pedi', 'US|TOK|pediatric', 'US|TOK|dental']) exceeded max_block_size"
S1-949966743,S2-201880024,source2,US,Interstate Platforms LLC,Zetaonyxsyn,"1076 Laurie Lane, Cedar City, UT","CEDAR CITY, LAURIE LN, UT",interstate platforms,zetaonyxsyn,False,False,False,False,False,False,,"Address similar, Name alias/mismatch","Address shares tokens {'laurie', 'ut', 'city', 'cedar'}, but names share 0 tokens"
S1-568507847,S2-125709988,source2,India,Prime Technologies Private Limited,ప్రైమ్ టెక్నాలజీస్ ప్రైవేట్ లిమిటెడ్,"Plot No 152/3 Gf, Vivekananda Nagar Kukatpally, Hyderabad, Telangana","DOOR NO C-152/3 GF, RANGA READY, తెలంగాణ, HYDERABAD",prime technologies,పర మ ట కన లజ స పర వ ట ల మ ట డ,False,False,False,False,False,False,,Indic script vs Latin name,Cand name is in Indic script; no shared address key generated
S1-300087245,S3-580232588,source3,US,"Almire Mitchell, DDS, DDS PC",Amdds.Com,"Virginia Beach City, 1713 Harpers Road, VA","1713b Harpers Road, Virginia Beach City, Virginia",almire mitchell dds dds pc,amdds,False,False,False,False,False,False,,"Address similar, Name alias/mismatch","Address shares tokens {'beach', 'city', 'harpers', 'va'}, but names share 0 tokens"
S1-332633797,S3-120094780,source3,India,Future Construction Private Limited,फ्यूचर कंस्ट्रक्शन प्राइवेट लिमिटेड,"Bihar, W/O Ashok Bhuiya Vill-Karmi Po-Rafiganj Ps Rafiganj Hno 10 Near Of School Vill, Aurangabad, Karmi Po+Ps-Rafiganj","W/o Ashok Bhuiya Vill-karmi Po-rafiganj Ps Rafiganj Hno 10 Ner Of School Vill, Karmi Po+ps-rafiganj, Aurangabad, बिहार",future construction,फय चर क सटरकशन पर इव ट ल म ट ड,False,False,False,False,False,False,,Indic script vs Latin name,Cand name is in Indic script; no shared address key generated
S1-971293452,S3-99497076,source3,US,Lovue Inc,Looe Inc,"657 Fordsbush Road, Minden, NY","657-659 Fordsbush Rd, Minden, New York",lovue,looe,False,False,False,False,False,False,,Short business name,Short name (<4 chars) produced no prefix/token matches
S1-64423771,S3-508261785,source3,India,Jvj Allied Group,Jvj Group Allide,"Malayalay, Unit No. 2A (S) 2Nd Floor, 3 Woodburn Park, Kolkata, Kolkata, Howrah, West Bengal","Kolkata, Malayalay, Howrah, WB",jvj allied group,jvj group allide,False,False,False,False,False,False,,Prefix-3 match (Typo after 3 chars),Names share first 3 chars ('jvj') but diverge at char 4
S1-237768267,S3-299041136,source3,US,Complete Agriculture Care,Complete [Agriculture],"115 Trailview Drive, Cary, NC",,complete agriculture care,complete agriculture,True,True,True,False,False,False,US|NP6|comple;US|TOK|complete;US|TOK|agriculture;US|NP4|comp,Key pruned (Block size > 500),"All shared keys (['US|NP6|comple', 'US|TOK|complete', 'US|TOK|agriculture', 'US|NP4|comp']) exceeded max_block_size"
S1-686327056,S2-442878036,source2,India,Unique Consultants Private Limited,యూనిక్ కన్సల్టెంట్స్ ప్రైవేట్ లిమిటెడ్,"Telangana, 361, Hyderabad, Road No.8, Vivekananda Nagar, Kukatpally, Hyderabad","0361, ROAD NO.8, VIVEKANANDA NAGAR, KUKATPALLY, HYDERABAD, Telangana",unique consultants,య న క కనసలట టస పర వ ట ల మ ట డ,False,False,False,False,False,False,,Indic script vs Latin name,Cand name is in Indic script; no shared address key generated
S1-378720156,S3-668396654,source3,US,Advanced Gulf Taiwan LLC,Advanced Gulf,"222 Kenwood Avenue, Rochester, NY","222 Kenwood Avenue, Rochester, New York",advanced gulf taiwan,advanced gulf,True,True,True,False,False,True,US|TOK|advanced;US|TOK|gulf;US|NP6|advanc;US|ADDR|222_kenwood;US|NP4|adva,Truncated by max_candidates_per_query,"Shared key survived (['US|ADDR|222_kenwood']), but candidate rank exceeded top-200"
S1-759928343,S3-640312725,source3,US,Back Alley Ice Cream Inc,Back Alley Ice Ccam Inc,"Riverdale, 4201 River Road, MD, Unit 5099","4201 Rver Road, Unit 5099, Riverdael, Maryland",back alley ice cream,back alley ice ccam,True,True,True,False,False,False,US|NP4|back;US|NP6|backal;US|TOK|back;US|TOK|alley,Key pruned (Block size > 500),"All shared keys (['US|NP4|back', 'US|NP6|backal', 'US|TOK|back', 'US|TOK|alley']) exceeded max_block_size"
S1-518852321,S3-351248378,source3,US,Choice Royal Commodity PLLC,Choice Royal Commodity,"Unit 2034, TX, 5015 Joe Ramsey Boulevard, Greenville",,choice royal commodity pllc,choice royal commodity,True,True,True,False,False,False,US|NP4|choi;US|TOK|royal;US|NP6|choice;US|TOK|choice;US|TOK|commodity,Truncated by max_candidates_per_query,"Shared key survived (['US|TOK|commodity']), but candidate rank exceeded top-200"
S1-994039051,S2-315653214,source2,US,Cardiology Group,Cárdiology,"1830 Moorpark Place, Tucson, AZ","830 MOORPARK PLACE, TUCSON, AZ",cardiology group,cardiology,True,True,True,False,False,False,US|TOK|cardiology;US|NP6|cardio;US|NP4|card,Key pruned (Block size > 500),"All shared keys (['US|TOK|cardiology', 'US|NP6|cardio', 'US|NP4|card']) exceeded max_block_size"
S1-665075703,S3-278213476,source3,India,City Builders Pvt Ltd,City Blcesr Pvt  Ltd,"Village - Dhaturi Malikpur Road, Sonipat, Sonepat, Haryana","Village - Dhaturi Malikpur Road, Sonepat, Sonipat, HR",city builders,city blcesr,True,False,True,False,False,False,India|TOK|city;India|NP4|city,Key pruned (Block size > 500),"All shared keys (['India|TOK|city', 'India|NP4|city']) exceeded max_block_size"
S1-891697553,S2-72396943,source2,India,Raj Hospitality Private Limited,రాజ్ హాస్పిటాలిటీ ప్రైవేట్ లిమిటెడ్,"1100/Asg/B1003, Aparnagrande, Nallagandla Serilingampally, Hyderabadcentralunive, Rsity, Hyderabad, Rangareddy, Telangana","NO. 11 1100/ASG/B1003, RANGAREDDY, HYDERABAD, Telangana",raj hospitality,ర జ హ సప ట ల ట పర వ ట ల మ ట డ,False,False,False,False,False,False,,Indic script vs Latin name,Cand name is in Indic script; no shared address key generated
S1-652087131,S2-86672675,source2,India,Best Services,बेस्ट सर्विसेज,"Alamnagar Road, Uttar Pradesh, Lucknow, 356/208/016, Lucknow","RAI BARELI, LUCKNOW, 356/208/016, Uttar Pradesh",best services,ब सट सरव स ज,False,False,False,False,False,False,,Indic script vs Latin name,Cand name is in Indic script; no shared address key generated
S1-849274176,S2-34421487,source2,India,Aarvita Biosciences Private Limited,Jaxrizagild,"No.41, Ponnambalam Salai, K.K.Nagar, Chennai, Tamil Nadu","41, CHENNAI CITY REGION, தமிழ்நாடு",aarvita biosciences,jaxrizagild,False,False,False,False,False,False,,"Address similar, Name alias/mismatch","Address shares tokens {'chennai', '41'}, but names share 0 tokens"
S1-203861212,S2-432248548,source2,US,Ear Nose & Throat Innovative Specialists Inc,Ear Nose Innovative Throat & Specialists Inc,"4753 Courtney Lane, Unit E, Raleigh, NC","RALEIGH, 4753C COURTNEY LN, NC",ear nose and throat innovative specialists,ear nose innovative throat and specialists,True,True,True,False,False,False,US|TOK|throat;US|TOK|specialists;US|NP4|earn;US|NP6|earnos;US|TOK|innovative;US|TOK|nose,Key pruned (Block size > 500),"All shared keys (['US|TOK|throat', 'US|TOK|specialists', 'US|NP4|earn', 'US|NP6|earnos', 'US|TOK|innovative', 'US|TOK|nose']) exceeded max_block_size"
S1-847307458,S2-803648232,source2,India,Global Ss Management Pvt Ltd,ગ્લોબલ એસએસ મેનેજમેન્ટ પ્રા. લિ.,"G.I.D.C, Shed-G 25, Gandhidham, Kachchh, Gujarat","SHED-G 25, G.I.D.C, KACHCHH, Gujarat, GANDHIDHAM",global ss management,ગલ બલ એસએસ મ ન જમ નટ પર લ,False,False,False,False,False,False,,Indic script vs Latin name,Cand name is in Indic script; no shared address key generated
S1-919094063,S3-774430010,source3,India,Jay Food Private Limited,जय फूड प्राइवेट लिमिटेड,"Nirthan, Kharkhoda, Kharkhoda, Haryana, C/O Rajpal, Sonipat","C/o Rajpal, Sonipat, HR",jay food,जय फ ड पर इव ट ल म ट ड,False,False,False,False,False,False,,Indic script vs Latin name,Cand name is in Indic script; no shared address key generated
S1-138741291,S3-188039202,source3,India,Star Consulting Private Limited,स्टार कंसल्टिंग प्राइवेट लिमिटेड,"616, Aggrawal Cyber Plaza-1 Netaji Subhash Place, Pitampura, Delhi","616, Delhi, Pitampura, दिल्ली",star consulting,सट र क सलट ग पर इव ट ल म ट ड,False,False,False,False,False,False,,Indic script vs Latin name,Cand name is in Indic script; no shared address key generated
S1-719550572,S3-315102553,source3,India,Sunrise Management Private Limited,സൺറൈസ് മാനേജ്മെന്റ് Private Limited,"Hamadan Shopping Complex, Trikaripur Post, Kasargod, Kerala","Hamadan Shopping Complex, Trikaripur Post, Kasargod, Keralam",sunrise management,സൺറ സ മ ന ജമ നറ,False,False,False,False,False,False,,Indic script vs Latin name,Cand name is in Indic script; no shared address key generated
S1-691899933,S3-381918366,source3,India,Hi Exports (India) Private Limited,Sri Hi Exports (India) Private,"Hari Krishna Nagard S Lane Ps Shibpur, Howrah, West Bengal","Howrah, Hari Krishna Nagard S Lane Ps Shtbpur, WB",hi exports india,sri hi exports india,False,False,True,False,False,False,India|TOK|india;India|TOK|exports,Key pruned (Block size > 500),"All shared keys (['India|TOK|india', 'India|TOK|exports']) exceeded max_block_size"
S1-765817446,S3-108824120,source3,US,Western Land,Western  Center,"324 Shannons Road, Jacksboro, TN","Tennessee, Jacksboro, 324-328 Shannons Road",western land,western center,True,True,True,False,False,False,US|TOK|western;US|NP4|west;US|NP6|wester,Key pruned (Block size > 500),"All shared keys (['US|TOK|western', 'US|NP4|west', 'US|NP6|wester']) exceeded max_block_size"
S1-692685078,S2-597976237,source2,India,Shyam Consultants Private Limited,శ్యామ్ Consultants ప్రైవేట్ లిమిటెడ్,"P No 8 And 11, N/P Tirumala Colony, Hyderabad, Telangana","N/P TIRUMALA COLONY, HYDERABAD, BLOCK A-84 P NO 8 AND 11, తెలంగాణ, HYDERABAD",shyam consultants,శయ మ consultants పర వ ట ల మ ట డ,False,False,True,False,False,False,India|TOK|consultants,Key pruned (Block size > 500),All shared keys (['India|TOK|consultants']) exceeded max_block_size
S1-968743706,S2-510293145,source2,US,Associated Logistics Solutions LLC,Associated LLC Sólutions Logistics,"16 Gulf Road, Stafford, CT",,associated logistics solutions,associated llc solutions logistics,True,True,True,False,False,False,US|NP6|associ;US|TOK|associated;US|NP4|asso,Key pruned (Block size > 500),"All shared keys (['US|NP6|associ', 'US|TOK|associated', 'US|NP4|asso']) exceeded max_block_size"
S1-574308285,S3-875723263,source3,US,Atlantic Coalition,Atlantic  Center,"104 Noel Cove Circle, Nashville, TN","Noel Cove Cir, Hermitage, Tennessee",atlantic coalition,atlantic center,True,True,True,False,False,False,US|NP6|atlant;US|NP4|atla;US|TOK|atlantic,Key pruned (Block size > 500),"All shared keys (['US|NP6|atlant', 'US|NP4|atla', 'US|TOK|atlantic']) exceeded max_block_size"
S1-598852387,S2-947962409,source2,US,Municipals,Muiiicpas,"140 Drivers Lane, Unit 4, Gallatin, TN","420 DRIVERS LN, GALATIN, TN",municipals,muiiicpas,False,False,False,False,False,False,,Severe name & address variation,Both name and address have extensive structural differences
S1-298925720,S3-309877049,source3,US,Electricians Union Local No 74,Electricians Union No 74 Service,"3710 65th Street, Seattle, WA",,electricians union local no 74,electricians union no 74 service,True,True,True,False,False,False,US|TOK|electricians;US|NP6|electr;US|TOK|union;US|NP4|elec,Truncated by max_candidates_per_query,"Shared key survived (['US|TOK|electricians']), but candidate rank exceeded top-200"
S1-364084739,S3-835546497,source3,US,Slater and Tate LLC,State.Com,"314 Holly Blossom Drive, Durham, NC","314 Holly Blossom Dr, Durham, North Carolina",slater and tate,state,False,False,False,False,False,True,US|ADDR|314_holly,Truncated by max_candidates_per_query,"Shared key survived (['US|ADDR|314_holly']), but candidate rank exceeded top-200"
S1-806616139,S3-837289282,source3,India,Golden Power Pvt Ltd,Golden Powgr Pvt Ltd,"431, 441 F/F Front Side, Gali No.5 Guru Ram Dass N, East Delhi, Delhi","31, East Delhi, DL",golden power,golden powgr,True,True,True,False,False,False,India|TOK|golden;India|NP4|gold;India|NP6|golden,Key pruned (Block size > 500),"All shared keys (['India|TOK|golden', 'India|NP4|gold', 'India|NP6|golden']) exceeded max_block_size"
S1-665710461,S2-787616883,source2,US,Cardinal,Cialbdnla,"IL, 13A 142 Powder Horne Lane, Apple River","13A 142 POWDER HORNE LANE, APPLE RIVER, IL",cardinal,cialbdnla,False,False,False,False,False,True,US|ADDR|13a_142;US|UNIT|13a,Truncated by max_candidates_per_query,"Shared key survived (['US|ADDR|13a_142', 'US|UNIT|13a']), but candidate rank exceeded top-200"
S1-920128741,S3-550998505,source3,India,India Naaz Digital Partners,Naazdigitalindia.Com - 1673161301,"Krithika Layout Plot No 3, Shaikpet, Hyderabad, Telangana","Krithika Layout Plot No 3, Hyderabad, Shaikpet, తెలంగాణ",india naaz digital partners,naazdigitalindia com 1673161301,False,False,False,False,False,False,,"Address similar, Name alias/mismatch","Address shares tokens {'layout', 'shaikpet', 'krithika', 'hyderabad', '3', 'plot'}, but names share 0 tokens"
S1-798239792,S3-120681410,source3,US,Quality Biomedical Global PLLC,qualitybiomedicalglobal.com,"23320 122, Melvin, KY","2332 122, Melvin, Kentucky",quality biomedical global pllc,qualitybiomedicalglobal,True,True,False,False,False,False,US|NP4|qual;US|NP6|qualit,Key pruned (Block size > 500),"All shared keys (['US|NP4|qual', 'US|NP6|qualit']) exceeded max_block_size"
S1-964610916,S2-481476074,source2,US,Rapid Pinnacle Ramaco,Service Pinnacle Rapid,"1399 Commonwealth Avenue, Unit 21, Boston, MA","COMMONWEALTH AVENUE, BRIGHTON, MA",rapid pinnacle ramaco,service pinnacle rapid,False,False,True,False,False,False,US|TOK|rapid;US|TOK|pinnacle,Key pruned (Block size > 500),"All shared keys (['US|TOK|rapid', 'US|TOK|pinnacle']) exceeded max_block_size"
S1-391664892,S3-260917600,source3,India,City Technologies Private Limited,ਸਿਟੀ ਟੈਕਨਾਲੋਜੀਜ਼ ਪ੍ਰਾਈਵੇਟ ਲਿਮਟਿਡ,"H. No. 1142, Gandhi Colony, Rajpura, Patiala, Punjab","054, Rajpura, Patiala, PB",city technologies,ਸ ਟ ਟ ਕਨ ਲ ਜ ਜ ਪਰ ਈਵ ਟ ਲ ਮਟ ਡ,False,False,False,False,False,False,,Indic script vs Latin name,Cand name is in Indic script; no shared address key generated
S1-479770995,S3-888936562,source3,US,Internal Medicine Clinic,Internal Medicine Cnihc,"2878 Aurora Drive, Fl 1, Hillsboro, OR","2878-C Aurora Dr, Floor 1, Hlilsboro, Oregon",internal medicine clinic,internal medicine cnihc,True,True,True,False,False,False,US|TOK|medicine;US|NP6|intern;US|TOK|internal;US|NP4|inte,Key pruned (Block size > 500),"All shared keys (['US|TOK|medicine', 'US|NP6|intern', 'US|TOK|internal', 'US|NP4|inte']) exceeded max_block_size"
S1-791891306,S2-358578576,source2,US,Chiropractic Partners of Bloomington Group,Chiropractic Partners of Broomdington Group,"215 16th Street, Bloomington, IN","BLOOMINGTON, 238 16th St, IN",chiropractic partners of bloomington group,chiropractic partners of broomdington group,True,True,True,False,False,False,US|NP6|chirop;US|TOK|chiropractic;US|TOK|partners;US|NP4|chir,Key pruned (Block size > 500),"All shared keys (['US|NP6|chirop', 'US|TOK|chiropractic', 'US|TOK|partners', 'US|NP4|chir']) exceeded max_block_size"
S1-418742452,S3-514597371,source3,India,Kolkata India Center,Violum,"16 India Exchange Place, Kolkata, Calcutta, West Bengal","H.no 4-16 India Exchange Place, Kolkata, Calcutta, WB",kolkata india center,violum,False,False,False,False,False,False,,"Address similar, Name alias/mismatch","Address shares tokens {'calcutta', 'india', 'kolkata', 'pl', 'wb', 'exchange'}, but names share 0 tokens"
S1-64313862,S3-404117574,source3,US,"Northern Global Solution, LLC",Northern Global,"2401 River Hills Lane, Bolingbrook, IL","River Hills Ln, Bolingbrook, Illinois",northern global solution,northern global,True,True,True,False,False,False,US|NP6|northe;US|NP4|nort;US|TOK|northern,Key pruned (Block size > 500),"All shared keys (['US|NP6|northe', 'US|NP4|nort', 'US|TOK|northern']) exceeded max_block_size"
S1-596946418,S2-675989169,source2,US,Colonial Committee,Colonial Cimmitetse Cimmitetse,"135 Market Street, Chattanooga, TN",,colonial committee,colonial cimmitetse cimmitetse,True,True,True,False,False,False,US|TOK|colonial;US|NP6|coloni;US|NP4|colo,Key pruned (Block size > 500),"All shared keys (['US|TOK|colonial', 'US|NP6|coloni', 'US|NP4|colo']) exceeded max_block_size"
S1-484904202,S2-699339386,source2,US,Advanced Star Pebblebrook,ADVANCED [STAR],"Little Rock, Unit Apt C3, AR, 7700 Indian Trail","07700 INDIAN TRL, LITTLE ROCK, AR",advanced star pebblebrook,advanced star,True,True,True,False,False,False,US|NP4|adva;US|TOK|star;US|NP6|advanc;US|TOK|advanced,Key pruned (Block size > 500),"All shared keys (['US|NP4|adva', 'US|TOK|star', 'US|NP6|advanc', 'US|TOK|advanced']) exceeded max_block_size"
S1-919327680,S2-97234288,source2,India,Lakshmi Services Private Limited,लक्ष्मी सर्विसेज प्राइवेट लिमिटेड,"3 F 16 Jawarnagar, Sri Ganganagar, Sriganga Nagar, Rajasthan","3/3 F 16 JAWARNAGAR, SRI GANGANAGAR, SRIGANGA NAGAR, Rajasthan",lakshmi services,लकषम सरव स ज पर इव ट ल म ट ड,False,False,False,False,False,False,,Indic script vs Latin name,Cand name is in Indic script; no shared address key generated
S1-819966462,S3-149143737,source3,US,R M & E Renewables P.C.,Zephorbidrex,"3451 46, NY, Hopewell","3451 1/2 46, Canandaigua, New York",r m and e renewables p c,zephorbidrex,False,False,False,False,False,False,,"Address similar, Name alias/mismatch","Address shares tokens {'3451', '46', 'ny'}, but names share 0 tokens"
S1-589097396,S3-513081652,source3,US,Plumbers Union Local No 697,Deltasol D.B.A. Plumbers Union Local No 697,"Buda, 596 Loop 4, Unit STE 503, TX","596 Loop 4, Buda, Unit STE 503, TX",plumbers union local no 697,deltasol d b a plumbers union local no 697,False,False,True,False,False,True,US|TOK|plumbers;US|ADDR|596_loop;US|TOK|union;US|TOK|local,Truncated by max_candidates_per_query,"Shared key survived (['US|TOK|plumbers', 'US|ADDR|596_loop']), but candidate rank exceeded top-200"
S1-54730566,S3-327950529,source3,US,Vanguard Wellness Advisors LLC,Vanguard-Wellness Adisvics LLC,"1525 Pinedale Road, Ashville, AL","Pinedale Rd, Ashville, Alabama",vanguard wellness advisors,vanguard wellness adisvics,True,True,True,False,False,False,US|NP4|vang;US|NP6|vangua;US|TOK|vanguard;US|TOK|wellness,Key pruned (Block size > 500),"All shared keys (['US|NP4|vang', 'US|NP6|vangua', 'US|TOK|vanguard', 'US|TOK|wellness']) exceeded max_block_size"
S1-374835139,S2-555798955,source2,India,Management Virat (trading) Private Limited,Management Virhat (trading) Private (Limited),"Bangalore, Nimritha Layout, Chikkanayakanahall Post Carmelaram, Sarjapura Road, Bangalore, Bangalore, # 12, Karnataka","DOOR NO 12 , NIMRITHA LAYOUT, CHIKKANAYAKANAHALL POST CARMELARAM, SARJAPURA ROAD, BANGALORE, BANGALORE, ಕರ್ನಾಟಕ",management virat trading,management virhat trading,True,True,False,False,False,False,India|NP6|manage;India|NP4|mana,Key pruned (Block size > 500),"All shared keys (['India|NP6|manage', 'India|NP4|mana']) exceeded max_block_size"
S1-846442990,S3-524925495,source3,US,Happy Bike Shop! Inc,Happy Bisgke Shop! Inc,"1096 Mcmillan Street, Atlanta, GA",,happy bike shop,happy bisgke shop,True,True,True,False,False,False,US|NP6|happyb;US|TOK|shop;US|NP4|happ;US|TOK|happy,Truncated by max_candidates_per_query,"Shared key survived (['US|NP6|happyb']), but candidate rank exceeded top-200"
S1-161556164,S3-91054277,source3,India,ZA Buildwell Private Limited,ZB,"Sameer Nagar Ward No- 25 District- Khagaria, Bihar, Khagaria, Bihar","Sameer Nagar Ward No- 25 District- Khagaria, Bihar, Khagaria, Bihar",za buildwell,zb,False,False,False,False,False,True,India|ADDR|25_district-,Truncated by max_candidates_per_query,"Shared key survived (['India|ADDR|25_district-']), but candidate rank exceeded top-200"
S1-533233593,S3-362117116,source3,India,White Developers Pvt Ltd,व्हाइट डेवलपर्स प्रा. लि.,"139, Ward No. 11, Vikash Nagar, Near Raja Lakhan Baba Mandir, Sonbhadra, Uttar Pradesh","Sonbhadra, Ward No. 11, Vikash Nagar, Near Raja Lakhan Baba Mandir, 139, UP",white developers,वह इट ड वलपरस पर ल,False,False,False,False,False,False,,Indic script vs Latin name,Cand name is in Indic script; no shared address key generated
S1-440953421,S2-7690725,source2,US,Highland Cascade Imperial LLC,Highland Cascade LLC Services,"KS, Topeka, 3646 Willow Brook Court",,highland cascade imperial,highland cascade llc services,True,True,True,False,False,False,US|TOK|highland;US|TOK|cascade;US|NP4|high;US|NP6|highla,Key pruned (Block size > 500),"All shared keys (['US|TOK|highland', 'US|TOK|cascade', 'US|NP4|high', 'US|NP6|highla']) exceeded max_block_size"
S1-259255930,S3-828283147,source3,US,FC Bluerock PC,Solbelo d/b/a FC Bluerock PC,"AZ, Unit 2088, Chandler, 2022 Nevada Street","2022 Nevada Street, Unit 2088, Chandler, AZ",fc bluerock pc,solbelo d b a fc bluerock pc,False,False,True,False,False,False,US|TOK|bluerock,Truncated by max_candidates_per_query,"Shared key survived (['US|TOK|bluerock']), but candidate rank exceeded top-200"
S1-510640586,S2-431727928,source2,India,North Estate Limited,नॉर्थ एस्टेट लिमिटेड,"246, Ist Floor, Sant Nagar, New Delhi, South Delhi, Delhi","NO. 681 246, NEW DELHI, SOUTH DELHI, Delhi",north estate,न रथ एसट ट ल म ट ड,False,False,False,False,False,False,,Indic script vs Latin name,Cand name is in Indic script; no shared address key generated
S1-342612208,S3-492502301,source3,US,North Veterinary Clinic,NORTH NORTH VETERINARY CLINIC,"49 North Avenue, Norwood, MA",,north veterinary clinic,north north veterinary clinic,True,False,True,False,False,False,US|TOK|clinic;US|NP4|nort;US|TOK|north;US|TOK|veterinary,Key pruned (Block size > 500),"All shared keys (['US|TOK|clinic', 'US|NP4|nort', 'US|TOK|north', 'US|TOK|veterinary']) exceeded max_block_size"
S1-995897123,S2-776738316,source2,US,Creative Crystal Marshall,Creative Crystal,"12010 Corona Lane, Houston, TX","12010-12014 CORONA LN, HOUSTON CITY, TX",creative crystal marshall,creative crystal,True,True,True,False,False,False,US|TOK|crystal;US|TOK|creative;US|NP4|crea;US|NP6|creati,Key pruned (Block size > 500),"All shared keys (['US|TOK|crystal', 'US|TOK|creative', 'US|NP4|crea', 'US|NP6|creati']) exceeded max_block_size"
S1-152605010,S3-731076910,source3,India,Trading Grover Services Private Limited,Trading Ggve Services Private Limited,"Rohini, Delhi, 1324, Neelkanth Apartments, Sector-13, Plot No-49, Delhi","1324, Rohini, दिल्ली",trading grover services,trading ggve services,True,True,False,False,False,False,India|NP4|trad;India|NP6|tradin,Key pruned (Block size > 500),"All shared keys (['India|NP4|trad', 'India|NP6|tradin']) exceeded max_block_size"
S1-466051402,S3-587774101,source3,US,Rowley Cyber Inc.,Gildarc,"2221 I Street, Unit 501, Washington, DC","2221 I St, Washington, District of Columbia",rowley cyber,gildarc,False,False,False,False,False,False,,"Address similar, Name alias/mismatch","Address shares tokens {'i', 'washington', '2221'}, but names share 0 tokens"
S1-380525357,S2-280390559,source2,India,Ventures Asmi Exposition Limited,#venturesasmi,"Delhi, New Delhi, Ishwar Nagar, 30, New Delhi","30, ISHWAR NAGAR, NEW DELHI, दिल्ली",ventures asmi exposition,venturesasmi,True,True,False,False,False,False,India|NP6|ventur;India|NP4|vent,Key pruned (Block size > 500),"All shared keys (['India|NP6|ventur', 'India|NP4|vent']) exceeded max_block_size"
S1-885067039,S3-856439070,source3,US,Amber,Anier,"IN, North Manchester, 208 4th Street","08 4th St, North Manchester, Indiana",amber,anier,False,False,False,False,False,False,,"Address similar, Name alias/mismatch","Address shares tokens {'north', '4th', 'manchester'}, but names share 0 tokens"
S1-995567337,S3-170999506,source3,India,Sunrise Constructions Private Limited,सनराइज कंस्ट्रक्शंस प्राइवेट लिमिटेड,"S 27 Village, Nathupur S 27, Road Nathupur, Gurugram, Gurugram, Gurgaon, Haryana","No. 125 S 27 Village, Gurugram, Gurgaon, HR",sunrise constructions,सनर इज क सटरकश स पर इव ट ल म ट ड,False,False,False,False,False,False,,Indic script vs Latin name,Cand name is in Indic script; no shared address key generated
S1-889698574,S2-833216785,source2,US,O 4 E Coinshares LLC,E4O.COM,"Lakeland, 10010 Woodland Grove Drive, TN","LAKELAND, 10010- WOODLAND GROVE DRIVE, TN",o 4 e coinshares,e4o,False,False,False,False,False,False,,Short business name,Short name (<4 chars) produced no prefix/token matches
S1-848337111,S3-772111286,source3,India,Al Tech Enterprises Limited,अल टेक एंटरप्राइजेज लिमिटेड,"Mcf-67, Bhoor Colony, Old Faridabad, Faridabad, C/O Shri Chand, Haryana, Faridabad","C/o Shri Chand, Faridabad, HR",al tech enterprises,अल ट क ए टरपर इज ज ल म ट ड,False,False,False,False,False,False,,Indic script vs Latin name,Cand name is in Indic script; no shared address key generated
S1-195159514,S3-999954641,source3,US,"Rocky Ministries IV, LLC","Zetazephsol trading as Rocky Ministries IV, LLC","2408 Peppermill Drive, Glen Burnie, MD, Unit A","2408 Peppermill Drive, Unit A, Glen Burnie, MD",rocky ministries iv,zetazephsol trading as rocky ministries iv,False,False,True,False,False,True,US|TOK|ministries;US|TOK|rocky;US|ADDR|2408_peppermill,Truncated by max_candidates_per_query,"Shared key survived (['US|ADDR|2408_peppermill']), but candidate rank exceeded top-200"
S1-507505852,S2-960574881,source2,US,Fresh Cleaning Service PC,CFSERVICE.COM,"OH, Columbus, 254 Stanton Avenue","STANTON AVENUE, COLUMBUS, OH",fresh cleaning service pc,cfservice,False,False,False,False,False,False,,"Address similar, Name alias/mismatch","Address shares tokens {'columbus', 'stanton'}, but names share 0 tokens"
S1-476229978,S2-769476897,source2,US,Delta Premier Maritime,PREMIER DELTA MARHITIEM,"310 Jefferson Avenue, Mason City, IA","309 JEFFERSON AVE, MASON TOWNSHIP, IA",delta premier maritime,premier delta marhitiem,False,False,True,False,False,False,US|TOK|delta;US|TOK|premier,Key pruned (Block size > 500),"All shared keys (['US|TOK|delta', 'US|TOK|premier']) exceeded max_block_size"
S1-212413211,S3-523172660,source3,US,Bureau of Environmental Protection,Bureau Of Environmental,"3610 County Road 1174, Sulphur Springs, TX","361 County Road 1174, Sulphur Springs, Texas",bureau of environmental protection,bureau of environmental,True,True,True,False,False,False,US|NP4|bure;US|TOK|environmental;US|NP6|bureau;US|TOK|bureau,Key pruned (Block size > 500),"All shared keys (['US|NP4|bure', 'US|TOK|environmental', 'US|NP6|bureau', 'US|TOK|bureau']) exceeded max_block_size"
S1-794894976,S3-101305304,source3,India,Gb (India) Education Pvt Ltd,Deltamirahalo,"Gujarat, A2 Suda Awas, Dumas Road, Surat, 205","205, A2 Suda Awas, Dumas Road, Surat, Gujarat",gb india education,deltamirahalo,False,False,False,False,False,False,,"Address similar, Name alias/mismatch","Address shares tokens {'205', 'surat', 'gj', 'awas', 'suda', 'a2', 'dumas'}, but names share 0 tokens"
S1-952244178,S3-630331250,source3,India,Real Technology Private Limited,Real,"Opp Radhaswami Satsang Hall, Follower Lane Chowk, Kalyan Ambernath Ro, Ad, Maharashtra, C/O Royal Marbles, Ulhasnagar, Thane","C/O Royal Marbles, Opp Radhaswami Satsang Hall, Follower Lane Chowk, Kalyan Ambernath Ro, Ad, Ulhasnagar, Thane, Maharashtra",real technology,real,True,False,True,False,False,False,India|NP4|real;India|TOK|real,Key pruned (Block size > 500),"All shared keys (['India|NP4|real', 'India|TOK|real']) exceeded max_block_size"
S1-447909505,S2-559513310,source2,India,Indian Energy Limited,इंडियन एनर्जी लिमिटेड,"2027/7, 2Nd Floor, Chitra Gupta Road, Chuna Mandi Pahar Ganj, New Delhi, Central Delhi, Delhi","G-2027/7, 2ND FLOOR, CHITRA GUPTA ROAD, CHUNA MANDI PAHAR GANJ, CENTRAL DELHI, NEW DELHI, Delhi",indian energy,इ ड यन एनरज ल म ट ड,False,False,False,False,False,False,,Indic script vs Latin name,Cand name is in Indic script; no shared address key generated
S1-267234247,S2-38108211,source2,US,Reliable Aerospace Systems,Reliable Aerospace Sytgems,"4470 Roundstone Way, Waukegan, IL","ROUNDSTONE WAY, WAUKEGAN, IL",reliable aerospace systems,reliable aerospace sytgems,True,True,True,False,False,False,US|TOK|reliable;US|NP4|reli;US|TOK|aerospace;US|NP6|reliab,Key pruned (Block size > 500),"All shared keys (['US|TOK|reliable', 'US|NP4|reli', 'US|TOK|aerospace', 'US|NP6|reliab']) exceeded max_block_size"
S1-854952911,S2-598796961,source2,US,Johnson Holdings Group LLC,JOHNSON HOLDINGS,"Saint Paul, MN, 5300 East Street","300 EAST ST, PMB 3724, SAINT PAUL, MN",johnson holdings group,johnson holdings,True,True,True,False,False,False,US|NP6|johnso;US|TOK|johnson;US|NP4|john,Key pruned (Block size > 500),"All shared keys (['US|NP6|johnso', 'US|TOK|johnson', 'US|NP4|john']) exceeded max_block_size"
S1-688059583,S2-852673366,source2,India,Digital Polytechnic,Digital Pdyltehcnic,"Dr No:15-4, Tulasinagar, Road No:6, Pothina Venkateswararaostreet, Kanuru, Vijayawada, Krishna, Andhra Pradesh","Andhra Pradesh, DR NO:#15-4/, TULASINAGAR, ROAD NO:6, POTHINA VENKATESWARARAOSTREET, KANURU, VIJAYAWADA",digital polytechnic,digital pdyltehcnic,True,True,True,False,False,False,India|NP6|digita;India|NP4|digi;India|TOK|digital,Key pruned (Block size > 500),"All shared keys (['India|NP6|digita', 'India|NP4|digi', 'India|TOK|digital']) exceeded max_block_size"
S1-849024661,S2-975251812,source2,India,Sree Land Pvt Ltd,SREE PVT LTD CENTER,"12-1-508/B/17/A, Sri Puri Colony Hyderabad, Hyderabad, Telangana","##12-1-508/B/17/A, SRI PURI COLONY HYDERABAD, HYDERABAD, Telangana",sree land,sree pvt ltd center,True,False,True,False,False,True,India|NP4|sree;India|TOK|sree;India|ADDR|12-1-508/b/17/a_sri,Truncated by max_candidates_per_query,"Shared key survived (['India|ADDR|12-1-508/b/17/a_sri']), but candidate rank exceeded top-200"
S1-195834336,S3-918623495,source3,India,Unique Projects,Violyra,"Patna, Bihar, Beltron Bhawan P.S: Shashtri Nagar","Beltron Bhawan P.S: Shashtri Nagar, Patna, Bihar",unique projects,violyra,False,False,False,False,False,False,,"Address similar, Name alias/mismatch","Address shares tokens {'nagar', 'p', 'patna', 'br', 'shashtri', 's', 'bhawan', 'beltron'}, but names share 0 tokens"
S1-583703088,S2-797842707,source2,US,Custom Cloud Industries,Nylazeta,"908 Beverly Avenue, Covington City, VA","908-912 BEVERLY AVENUE, COVINGTON CITY, VA",custom cloud industries,nylazeta,False,False,False,False,False,False,,"Address similar, Name alias/mismatch","Address shares tokens {'city', 'beverly', 'va', 'covington'}, but names share 0 tokens"
S1-329998550,S3-751678364,source3,India,Orchid Consultants,Arcsyn,"Ulsoor Road, No. 39, Bangalore, Bangalore North, Karnataka","No. 39, Ulsoor Road, Bangalore North, Bangalore, Karnataka",orchid consultants,arcsyn,False,False,False,False,False,False,,"Address similar, Name alias/mismatch","Address shares tokens {'ulsoor', 'bangalore', 'ka', '39', 'north'}, but names share 0 tokens"
S1-746372199,S3-627882432,source3,US,Vanguard Infrastructure Alliance L.L.C.,Vanguard Infrastrcutre Alliance L.L.C.,"1036 Conductor Drive, Bldg 29385, Plain City, OH","Conductor Drive, Bldg 29385, Plain City, Ohio",vanguard infrastructure alliance,vanguard infrastrcutre alliance,True,True,True,False,False,False,US|NP4|vang;US|NP6|vangua;US|TOK|vanguard;US|TOK|alliance,Key pruned (Block size > 500),"All shared keys (['US|NP4|vang', 'US|NP6|vangua', 'US|TOK|vanguard', 'US|TOK|alliance']) exceeded max_block_size"
S1-440953421,S2-21778740,source2,US,Highland Cascade Imperial LLC,Highland Cascade,"KS, Topeka, 3646 Willow Brook Court","KS, TOPEKA, WILLOW BROOK COURT",highland cascade imperial,highland cascade,True,True,True,False,False,False,US|TOK|highland;US|TOK|cascade;US|NP4|high;US|NP6|highla,Key pruned (Block size > 500),"All shared keys (['US|TOK|highland', 'US|TOK|cascade', 'US|NP4|high', 'US|NP6|highla']) exceeded max_block_size"
S1-737085485,S3-421890999,source3,India,Samruddhi & Sons Private Limited,5amruddhi + Sons  Private,"C/O Ratibhan S/O Sh. Bheem Singh Vpo Mundet Khadar, Shamli, Muzaffarnagar, Uttar Pradesh","C/o Ratibhan S/o Sh. Bheem Singh Vpo Mundet Khadar, Shamli, Muzaffarnagar, UP",samruddhi and sons,5amruddhi sons,False,False,True,False,False,False,India|TOK|sons,Key pruned (Block size > 500),All shared keys (['India|TOK|sons']) exceeded max_block_size
S1-865233353,S2-603984750,source2,India,Perfect Prime Hospitality LLP,परफेक्ट प्राइम हॉस्पिटैलिटी एलएलपी,"Shanti Kunj, Bhondsi, Badshahpur, Bhondsi, Gurgaon, Haryana","SHANTI KUNJ, BHONDSI, BADSHAHPUR, BHONDSI, GURGAON, Haryana",perfect prime hospitality,परफ कट पर इम ह सप ट ल ट एलएलप,False,False,False,False,False,False,,Indic script vs Latin name,Cand name is in Indic script; no shared address key generated
S1-47912482,S2-916564250,source2,India,Bangalore South State Limited,Limited Bangalore South Sitet,"No.47, Sunshine Signature, Sarjapur Road, Carmelaram, Carmelram, Bangalore South, Bangalore South, Bangalore, Karnataka","NO.47, BANGALORE SOUTH, BANGALORE, Karnataka",bangalore south state,bangalore south sitet,True,True,True,False,False,False,India|NP4|bang;India|NP6|bangal;India|TOK|bangalore;India|TOK|south,Key pruned (Block size > 500),"All shared keys (['India|NP4|bang', 'India|NP6|bangal', 'India|TOK|bangalore', 'India|TOK|south']) exceeded max_block_size"
S1-388041707,S3-335870065,source3,US,ED Horizon Arts LLC,ED Arts LLC Service,"Dundalk, MD, 1616 Gray Haven Court",,ed horizon arts,ed arts llc service,False,False,True,False,False,False,US|TOK|arts,Key pruned (Block size > 500),All shared keys (['US|TOK|arts']) exceeded max_block_size
S1-443684341,S3-197986329,source3,US,Literacy Fund PLLC,Literacy (Fund),"Fl 1, MO, 5301 Aspen Ridge Drive, Columbia","Columbia, 5301d Aspen Ridge Drive, Fl 1, Missouri",literacy fund pllc,literacy fund,True,True,True,False,False,False,US|NP6|litera;US|TOK|fund;US|TOK|literacy;US|NP4|lite,Key pruned (Block size > 500),"All shared keys (['US|NP6|litera', 'US|TOK|fund', 'US|TOK|literacy', 'US|NP4|lite']) exceeded max_block_size"
S1-978069776,S3-789972302,source3,US,Safe Preferred Crown,Ciraveojax,"3123 Reynolds Avenue, Dallas, TX","3123 Reynolds Ave, Dallas, Texas",safe preferred crown,ciraveojax,False,False,False,False,False,True,US|ADDR|3123_reynolds,Truncated by max_candidates_per_query,"Shared key survived (['US|ADDR|3123_reynolds']), but candidate rank exceeded top-200"
S1-847307458,S3-509854488,source3,India,Global Ss Management Pvt Ltd,ગ્લોબલ એસએસ મેનેજમેન્ટ પ્રા. લિ.,"G.I.D.C, Shed-G 25, Gandhidham, Kachchh, Gujarat","Brock F-b3/647 G.i.d.c, Shed-g 25, Gandhidham, Kachchh, GJ",global ss management,ગલ બલ એસએસ મ ન જમ નટ પર લ,False,False,False,False,False,False,,Indic script vs Latin name,Cand name is in Indic script; no shared address key generated
S1-197205293,S2-95770729,source2,India,Om Investments,Shri Om Investmants,"C/O Mr Rajkumar, Vpo Parsaul, Goutam Budd Nagar, Gautam Buddha Nagar, Uttar Pradesh","C/O MR RAJKUMAR, VPO PARSAUL, GOUTAM BUDD NAGAR, Uttar Pradesh",om investments,shri om investmants,False,False,False,False,False,False,,Severe name & address variation,Both name and address have extensive structural differences
S1-503957000,S3-555791452,source3,US,AP Hospitality Inc,AP AP Hospitality Incorporated,"20085 Us 23, Circleville, OH","20085-20089 Us 23, Circleville, Ohio",ap hospitality,ap ap hospitality,False,False,True,False,False,False,US|TOK|hospitality,Key pruned (Block size > 500),All shared keys (['US|TOK|hospitality']) exceeded max_block_size
S1-587032690,S3-381402645,source3,US,Pinnacle All Solarius LLC,Pinnacle All,"624 Adams Street, Tucumcari, NM","624 Adais St, Tucumcari, New Mexico",pinnacle all solarius,pinnacle all,True,True,True,False,False,False,US|NP6|pinnac;US|NP4|pinn;US|TOK|pinnacle,Key pruned (Block size > 500),"All shared keys (['US|NP6|pinnac', 'US|NP4|pinn', 'US|TOK|pinnacle']) exceeded max_block_size"
S1-620955468,S2-485392931,source2,US,Desert Bsp Inc,Desert  Inc Center Enterprises,"3921 Pleasant Run Road, Irving, TX",,desert bsp,desert inc center enterprises,True,True,True,False,False,False,US|NP6|desert;US|NP4|dese;US|TOK|desert,Key pruned (Block size > 500),"All shared keys (['US|NP6|desert', 'US|NP4|dese', 'US|TOK|desert']) exceeded max_block_size"
S1-218392965,S3-731586224,source3,US,Hensley and Jin,Hdelnye And Jin,"15518 Doran Lane, Houston, TX","15518 Doran Ln, Houston, Texas",hensley and jin,hdelnye and jin,False,False,False,False,False,True,US|ADDR|15518_doran,Truncated by max_candidates_per_query,"Shared key survived (['US|ADDR|15518_doran']), but candidate rank exceeded top-200"
S1-305672143,S3-169815949,source3,US,Paa Better Ellington LLC,Paa Paa Better LLC Ellington,"11714 Pleasant Ridge Drive, Unit Apt 401, Little Rock, AR",,paa better ellington,paa paa better llc ellington,False,False,True,False,False,False,US|TOK|better;US|TOK|ellington,Truncated by max_candidates_per_query,"Shared key survived (['US|TOK|ellington']), but candidate rank exceeded top-200"
S1-907810840,S2-213677366,source2,US,Scholarship Center,Scholarship Center Center,"OR, Springfield, 4368 Forsythia Street",,scholarship center,scholarship center center,True,True,True,False,False,False,US|NP4|scho;US|TOK|scholarship;US|NP6|schola,Key pruned (Block size > 500),"All shared keys (['US|NP4|scho', 'US|TOK|scholarship', 'US|NP6|schola']) exceeded max_block_size"
S1-10028299,S3-50398053,source3,US,Clean Semiconductor Inc,Clean Inc Center Enterprises,"5324 Ronald Road, Peoria, IL",,clean semiconductor,clean inc center enterprises,True,False,True,False,False,False,US|TOK|clean;US|NP4|clea,Key pruned (Block size > 500),"All shared keys (['US|TOK|clean', 'US|NP4|clea']) exceeded max_block_size"
S1-927655670,S2-226884833,source2,India,Jain Marketing Private Limited,जैन मार्केटिंग प्राइवेट लिमिटेड,"Bihar, Mashrakh, Mashrakh Near Bsm Global School, Saran, Plot No 6560","Bihar, PLOT NO 6560, MASHRAKH, SARAN, MASHRAKH NEAR BSM GLOBAL SCHOOL",jain marketing,ज न म रक ट ग पर इव ट ल म ट ड,False,False,False,False,False,False,,Indic script vs Latin name,Cand name is in Indic script; no shared address key generated
S1-122129571,S3-831671026,source3,US,Metropolitan Equity Partners Inc,partnersequitymetropolitan.com,"8352 143rd Street, Apple Valley, MN","8352c 143rd St, Apple Valley, Minnesota",metropolitan equity partners,partnersequitymetropolitan,False,False,False,False,False,False,,"Address similar, Name alias/mismatch","Address shares tokens {'143rd', 'apple', 'valley'}, but names share 0 tokens"
S1-216137765,S2-904465183,source2,India,Gold Projects Pvt Ltd,ಗೋಲ್ಡ್ ಪ್ರಾಜೆಕ್ಟ್ಸ್ ಪ್ರೈವೇಟ್ ಲಿಮಿಟೆಡ್,"Flat No.A-1101, 11Th Floor, Advaitha Aksha Apartment A Block, Jakkasandra Grama, Bangalore South, Bangalore, Karnataka","ಕರ್ನಾಟಕ, BANGALORE SOUTH, BANGALORE, 11TH FLOOR, ADVAITHA AKSHA APARTMENT A BLOCK, JAKKASANDRA GRAMA, FLAT NO.A-G-1101",gold projects,ಗ ಲಡ ಪರ ಜ ಕಟಸ ಪರ ವ ಟ ಲ ಮ ಟ ಡ,False,False,False,False,False,False,,Indic script vs Latin name,Cand name is in Indic script; no shared address key generated
S1-800657767,S3-931986291,source3,India,Ram Systems Private Limited,Ectokor trading as Ram Systems Private Limited,"Sp 152, First Floor, 4Th Lane, 1St Main Road Ambattur Industrial Estate, Chennai, Tamil Nadu","Sp 152, First Floor, 4Th Lane, 1St Main Road Ambattur Industrial Estate, Chennai, Tamil Nadu",ram systems,ectokor trading as ram systems,False,False,False,False,False,True,India|ADDR|152_first,Truncated by max_candidates_per_query,"Shared key survived (['India|ADDR|152_first']), but candidate rank exceeded top-200"
S1-17683652,S3-633550380,source3,US,Animal Welfare Trust,Animal Wemalfe Trust,"105 Chickasaw Drive, Clarksville, TN","Chickasaw Drive, Clarksville, Tennessee",animal welfare trust,animal wemalfe trust,True,True,True,False,False,False,US|NP6|animal;US|NP4|anim;US|TOK|trust;US|TOK|animal,Key pruned (Block size > 500),"All shared keys (['US|NP6|animal', 'US|NP4|anim', 'US|TOK|trust', 'US|TOK|animal']) exceeded max_block_size"
S1-839645965,S3-588955896,source3,India,Shaan Project LLP,5HAAN PROJECT LLP,"2Nd Floor, Skyview 10, Sy.No.83/1, Raidurgam Hitech City Main Road, Madhapur, Hyderabad, Telangana","2Nd Floor, Hyderabad, Andhra Pradesh",shaan project,5haan project,False,False,True,False,False,False,India|TOK|project,Truncated by max_candidates_per_query,"Shared key survived (['India|TOK|project']), but candidate rank exceeded top-200"
S1-687081247,S2-60441808,source2,US,Frontier Desert Fidelity LLC,Fr0ntier Desert,"1739 George Washington Drive, Fl 0, Wichita, KS","1751 GEORGE WASHINGTON DRIVE, WICHITA, KS",frontier desert fidelity,frontier desert,True,True,True,False,False,False,US|TOK|desert;US|NP4|fron;US|NP6|fronti;US|TOK|frontier,Key pruned (Block size > 500),"All shared keys (['US|TOK|desert', 'US|NP4|fron', 'US|NP6|fronti', 'US|TOK|frontier']) exceeded max_block_size"
S1-463038301,S2-852363557,source2,India,City Consultancy Private Limited,सिटी कंसल्टेंसी प्राइवेट लिमिटेड,"Bunglow No.80, Platinum Paradise, Nr. Malwa Institute Of Technology & Management, By, Pass Road, Indore, Madhya Pradesh","BUNGLOW NO.80., INDORE, मध्य प्रदेश",city consultancy,स ट क सलट स पर इव ट ल म ट ड,False,False,False,False,False,False,,Indic script vs Latin name,Cand name is in Indic script; no shared address key generated
S1-749879091,S3-964678437,source3,India,Mumbai Financial Pvt Ltd,Mumbai Ltd Pvt Financial,"8Th Floor, Unit 803, Godrej Two, Pirojsha Nagar, Eastern Express Highway, Vikhroli (E), Mumbai, Maharashtra","No B3/8th Floor, Unit 803, Godrej Two, Pirojsha Nagar, Eastern Express Highway, Vikhroli (E), Mumbai, Mumbai Suburban, MH",mumbai financial,mumbai ltd pvt financial,True,True,True,False,False,False,India|NP4|mumb;India|TOK|mumbai;India|NP6|mumbai,Key pruned (Block size > 500),"All shared keys (['India|NP4|mumb', 'India|TOK|mumbai', 'India|NP6|mumbai']) exceeded max_block_size"
S1-706930694,S3-653313277,source3,US,Smart Sony PLLC,Deltaquo,"8343 B Greensboro Drive, Unit CND 4, Fairfax County, VA","8343 B Greensboro Drive, # CND 4, Mclean, Virginia",smart sony pllc,deltaquo,False,False,False,False,False,True,US|ADDR|8343_greensboro,Truncated by max_candidates_per_query,"Shared key survived (['US|ADDR|8343_greensboro']), but candidate rank exceeded top-200"
S1-209373501,S2-550530246,source2,US,Integrated Textile Advisors Inc,Integrated Téxtile Inc [Service],"350 Clark Street, Henderson, NC","35 CLARK STREET, HENDERSON, NC",integrated textile advisors,integrated textile inc service,True,True,True,False,False,False,US|TOK|textile;US|TOK|integrated;US|NP6|integr;US|NP4|inte,Key pruned (Block size > 500),"All shared keys (['US|TOK|textile', 'US|TOK|integrated', 'US|NP6|integr', 'US|NP4|inte']) exceeded max_block_size"
S1-249124616,S2-978200217,source2,India,North Producer Private Limited,नॉर्थ प्रोड्यूसर प्राइवेट लिमिटेड,"H No 151 Ganpati Galli Waluj, Aurangabad, Maharashtra","H NO 151- GANPATI GALLI WALUJ, AURANGABAD, महाराष्ट्र, AURANGABAD",north producer,न रथ पर डय सर पर इव ट ल म ट ड,False,False,False,False,False,False,,Indic script vs Latin name,Cand name is in Indic script; no shared address key generated
S1-522029771,S2-758823930,source2,India,United Technology Pvt Ltd,ୟୁନାଇଟେଡ୍ ଟେକ୍ନୋଲୋଜି ପ୍ରାଇଭେଟ୍ ଲିମିଟେଡ୍,"Sambalpur, Orissa","SAMBALPUR, Odisha",united technology,ୟ ନ ଇଟ ଡ ଟ କନ ଲ ଜ ପର ଇଭ ଟ ଲ ମ ଟ ଡ,False,False,False,False,False,False,,Severe name & address variation,Both name and address have extensive structural differences
S1-648376479,S3-87215067,source3,US,Cascade,Cascade Enterprises 2,"13709 Olde Post Road, Pickerington, OH",,cascade,cascade enterprises 2,True,True,True,False,False,False,US|NP4|casc;US|NP6|cascad;US|TOK|cascade,Key pruned (Block size > 500),"All shared keys (['US|NP4|casc', 'US|NP6|cascad', 'US|TOK|cascade']) exceeded max_block_size"
S1-424050882,S3-37198119,source3,India,Ram Foods LLP,Ram LLP Service Service,"Haryana, Cabin No.1, 2Nd Floor, Sector 16, Panchkula, Sco No. 18, Panchkula","Sco No. 18, Panchkula, HR",ram foods,ram llp service service,False,False,False,False,False,False,,Prefix-3 match (Typo after 3 chars),Names share first 3 chars ('ram') but diverge at char 4
S1-544682121,S3-123095217,source3,India,United Projects Pvt Ltd,United Pvt Ltd Center,"C/O Bishwa Raman Kumar Singh, S/O Dr Rama Sinha Gachhi Tola, Near Bus Stand, P.S- Town Th, Ana, Begusarai, Bihar","C/o Bishwa Raman Kumar Singh, S/o Dr Rama Sinha Gachhi Tola, Near Bus Stand, P.s- Town Th, Ana, Begusarai, BR",united projects,united pvt ltd center,True,True,True,False,False,False,India|NP6|united;India|NP4|unit;India|TOK|united,Key pruned (Block size > 500),"All shared keys (['India|NP6|united', 'India|NP4|unit', 'India|TOK|united']) exceeded max_block_size"
S1-954241367,S2-24186152,source2,US,Memorial Initiative LLC,Memorial Initiative #78632,"10251 5th Avenue, Countryside, IL","COUNTRYSIDE, 10251 FIFTH AVE, IL",memorial initiative,memorial initiative 78632,True,True,True,False,False,False,US|NP4|memo;US|TOK|initiative;US|TOK|memorial;US|NP6|memori,Key pruned (Block size > 500),"All shared keys (['US|NP4|memo', 'US|TOK|initiative', 'US|TOK|memorial', 'US|NP6|memori']) exceeded max_block_size"
S1-40982538,S3-864935842,source3,India,Bombay Infrastructure Private Limited,Fayeveo Co,"Central Delhi, Delhi, New Delhi, Indraprakash Building Barakhamba Road, 602","602, Indraprakash Building Barakhamba Road, New Delhi, Central Delhi, Delhi",bombay infrastructure,fayeveo,False,False,False,False,False,False,,"Address similar, Name alias/mismatch","Address shares tokens {'new', 'dl', 'barakhamba', 'indraprakash', 'bldg', '602', 'central'}, but names share 0 tokens"
S1-825671680,S2-665085322,source2,India,Hari Indian Enterprises Private Limited,हरि इंडियन एंटरप्राइजेज प्राइवेट लिमिटेड,"206, 2Nd Floor, Shreekant Chambers, Sion Trombay Road, Chembur, Mumbai, Mumbai City, Maharashtra","206., MUMBAI, MUMBAI CITY, महाराष्ट्र",hari indian enterprises,हर इ ड यन ए टरपर इज ज पर इव ट ल म ट ड,False,False,False,False,False,False,,Indic script vs Latin name,Cand name is in Indic script; no shared address key generated
S1-378748289,S2-821598055,source2,India,New Impex Private Limited,நியூ இம்பெக்ஸ் பிரைவேட் லிமிடெட்,"Vrb Agencies House, 891-C, First Floor, Vardhman Complex, Raja Street, Coimbatore, Tamil Nadu","VRB AGENCIES HOUSE, RAJA STREET, COIMBATORE, தமிழ்நாடு",new impex,ந ய இமப கஸ ப ர வ ட ல ம ட ட,False,False,False,False,False,False,,Indic script vs Latin name,Cand name is in Indic script; no shared address key generated
S1-685871904,S3-740323634,source3,US,Gonzalez Keycorp LLC,Gonzalez LLC Center Enterprises,"314 Cornell Avenue, Endicott, NY",,gonzalez keycorp,gonzalez llc center enterprises,True,True,True,False,False,False,US|NP4|gonz;US|TOK|gonzalez;US|NP6|gonzal,Key pruned (Block size > 500),"All shared keys (['US|NP4|gonz', 'US|TOK|gonzalez', 'US|NP6|gonzal']) exceeded max_block_size"
S1-288666702,S3-177848237,source3,India,WK Hospitals Pvt Ltd,WK Pvt Ltd Sérvice,"Pokhara Mohalla P.O. Hajipur Ps- Town Thana, Hajipur, Vaishali, Bihar","Pokhara Mohalla P.o. Hajipur Ps- Town Thana, Hajipur, Vaishali, BR",wk hospitals,wk pvt ltd service,False,False,False,False,False,False,,Severe name & address variation,Both name and address have extensive structural differences
S1-991226123,S2-771943159,source2,India,One Infra Private Limited,ECTOZEPH,"B-803, Safal Solitaire Corporate Park Nr Divya Bhaskar Press S G Highway Makarba, Ahmedabad, Gujarat","B-8-03, SAFAL SOLITAIRE CORPORATE PARK NR DIVYA BHASKAR PRESS S G HIGHWAY MAKARBA, AHMEDABAD HQ REGION, AHMEDABAD, Gujarat",one infra,ectozeph,False,False,False,False,False,False,,"Address similar, Name alias/mismatch","Address shares tokens {'corporate', 'divya', 'nr', 's', 'g', 'solitaire', 'makarba', 'press', 'park', 'gj', 'hwy', 'ahmedabad', 'bhaskar', 'safal'}, but names share 0 tokens"
S1-900694722,S3-755958654,source3,US,Green Staffing Group Group,greenstaffinggroupcom,"Springfield, IL, 41 Groton Drive","41- Groton Drive, Springfield, Illinois",green staffing group group,greenstaffinggroupcom,True,True,False,False,False,False,US|NP6|greens;US|NP4|gree,Truncated by max_candidates_per_query,"Shared key survived (['US|NP6|greens']), but candidate rank exceeded top-200"
S1-266344604,S2-568551176,source2,India,Dream Construction Private Limited,ড্রিম কনস্ট্রাকশন প্রাইভেট লিমিটেড,"4A, 4Th Flr, Ram Krishna Abashan Phase-Ii Dr.B.C Roy Sarani, Jyangra, Baguiati, Kolkata, Parganas North, West Bengal","4A, NORTH 24 PARGANAS, KOLKATA, West Bengal",dream construction,ডর ম কনসটর কশন পর ইভ ট ল ম ট ড,False,False,False,False,False,False,,Indic script vs Latin name,Cand name is in Indic script; no shared address key generated
S1-887874643,S3-914602070,source3,India,New Delhi It Private Limited,New Delhi lt Private Limited,"Flatno 414 Somduttchamber, 2, 9, Bhikaji Cama Place, New Delhi, Delhi",,new delhi it,new delhi lt,True,True,True,True,False,False,India|TOK|delhi;India|NP4|newd;India|NP6|newdel;India|NSORT|delhi_new,Key pruned (Block size > 500),"All shared keys (['India|TOK|delhi', 'India|NP4|newd', 'India|NP6|newdel', 'India|NSORT|delhi_new']) exceeded max_block_size"
S1-833492633,S3-531303240,source3,US,Oncology First Partners LLC,Oncology First Partners LLC Council,"31930 Wildwood Park Lane, Conroe, TX","31930-B Wildwood Park Ln, Cnroe CDP, Texas",oncology first partners,oncology first partners llc council,True,True,True,False,False,False,US|TOK|oncology;US|NP6|oncolo;US|NP4|onco;US|TOK|first;US|TOK|partners,Key pruned (Block size > 500),"All shared keys (['US|TOK|oncology', 'US|NP6|oncolo', 'US|NP4|onco', 'US|TOK|first', 'US|TOK|partners']) exceeded max_block_size"
S1-987797878,S3-486174,source3,India,Green Consulting Private Limited,ग्रीन कंसल्टिंग प्राइवेट लिमिटेड,"Office No. 126, First Flr, Vardhaman Market Chsl Sector 17, Plot No. 75, Vashi, Navi Mumbai, Thane, Maharashtra","Navi Mumbai, Office No. 126, Thane, MH, First Flr, Vardhaman Market Chsl Sector 17, Plot No. 75, Vashi",green consulting,गर न क सलट ग पर इव ट ल म ट ड,False,False,False,False,False,False,,Indic script vs Latin name,Cand name is in Indic script; no shared address key generated
S1-665075703,S2-913270919,source2,India,City Builders Pvt Ltd,सिटी बिल्डर्स प्रा. लि.,"Village - Dhaturi Malikpur Road, Sonipat, Sonepat, Haryana","VILLAGE - DHATURI MALIKPUR ROAD, SONIPAT, Haryana, SONEPAT",city builders,स ट ब लडरस पर ल,False,False,False,False,False,False,,Indic script vs Latin name,Cand name is in Indic script; no shared address key generated
S1-242533264,S2-148185690,source2,US,Foot & Ankle Group,footanklegroup.com,"225 Nautilus Drive, City Of Madison, WI","WI, MADISON, 22 NAUTILUS DR",foot and ankle group,footanklegroup,True,True,False,False,False,False,US|NP4|foot;US|NP6|footan,Key pruned (Block size > 500),"All shared keys (['US|NP4|foot', 'US|NP6|footan']) exceeded max_block_size"
S1-173690404,S3-404927684,source3,US,United Committee,United Comiimtagtee,"IA, 901 Walnut Street, Atlantic","901-905 Walnut Street, Atlantic, Iowa",united committee,united comiimtagtee,True,True,True,False,False,False,US|NP6|united;US|TOK|united;US|NP4|unit,Key pruned (Block size > 500),"All shared keys (['US|NP6|united', 'US|TOK|united', 'US|NP4|unit']) exceeded max_block_size"
S1-64263582,S3-683333941,source3,India,North Pioneer Finance Private Limited,नॉर्थ पायोनियर फाइनेंस प्राइवेट लिमिटेड,"C/O Ramesh Chand Vishwakarma Kakaharawa, Sadar, Mirzapur, Uttar Pradesh","C/o Ramesh Chand Vishwakarma Kakaharawa, Sadar, Mirzapur, UP",north pioneer finance,न रथ प य न यर फ इन स पर इव ट ल म ट ड,False,False,False,False,False,False,,Indic script vs Latin name,Cand name is in Indic script; no shared address key generated
S1-855289123,S3-696896338,source3,US,Prairie Health Center,Prairie Health Center Council,"6530 Covington Road, Fort Wayne, IN","530 Covington Road, Ft Wayne, Indiana",prairie health center,prairie health center council,True,True,True,False,False,False,US|TOK|prairie;US|NP6|prairi;US|TOK|health;US|NP4|prai,Key pruned (Block size > 500),"All shared keys (['US|TOK|prairie', 'US|NP6|prairi', 'US|TOK|health', 'US|NP4|prai']) exceeded max_block_size"
S1-935721255,S2-73111989,source2,US,Pediatric Dentistry Associates LLC,Pediatric Dentistry Asoscictes LLC,"1938 Forest Side Lane, Charlotte, NC","CHARLTTE TOWNSHIP, NC, 1938A FOREST SIDE LANE",pediatric dentistry associates,pediatric dentistry asoscictes,True,True,True,False,False,False,US|TOK|pediatric;US|NP4|pedi;US|NP6|pediat;US|TOK|dentistry,Key pruned (Block size > 500),"All shared keys (['US|TOK|pediatric', 'US|NP4|pedi', 'US|NP6|pediat', 'US|TOK|dentistry']) exceeded max_block_size"
S1-432476479,S3-996735784,source3,India,Al Ventures Private Limited,अल वेंचर्स प्राइवेट लिमिटेड,"Maharashtra, Pune, Plot No. 184, Gultekdi, Market Yard Opp. Rajendra Roadlines, Pune","H.no 184, Pune, MH",al ventures,अल व चरस पर इव ट ल म ट ड,False,False,False,False,False,False,,Indic script vs Latin name,Cand name is in Indic script; no shared address key generated
S1-902181206,S3-75467692,source3,India,Services Samarth Systems Private Limited,Private Services Samarh Systems Limited,"Krishna Bhuvan, Block No. 3, 67, Nehru Road, Vile Parle (East), Mumbai, Mumbai City, Maharashtra","H.no 463 Krishna Bhuvan, Mumbai, Mumbai City, MH",services samarth systems,services samarh systems,True,True,False,False,False,False,India|NP4|serv;India|NP6|servic,Key pruned (Block size > 500),"All shared keys (['India|NP4|serv', 'India|NP6|servic']) exceeded max_block_size"
S1-140920552,S3-184422490,source3,US,Golden Westin PLLC,goldenwestin.com,"7701 Saint John Road, Unit 1037, Glendale, AZ","7701 Saint John Rd, N/A, Glendale, Arizona",golden westin pllc,goldenwestin,True,True,False,False,False,True,US|NP6|golden;US|ADDR|7701_john;US|NP4|gold,Truncated by max_candidates_per_query,"Shared key survived (['US|ADDR|7701_john']), but candidate rank exceeded top-200"
S1-55924649,S3-840309525,source3,US,Modern Bancshares Inc,Brixdrexflux,"22853 Dmc Highway 34, Danville, IA","Iowa, Danville, #22853 Dmc Highway 34",modern bancshares,brixdrexflux,False,False,False,False,False,True,US|ADDR|22853_dmc,Truncated by max_candidates_per_query,"Shared key survived (['US|ADDR|22853_dmc']), but candidate rank exceeded top-200"
S1-874412035,S3-582793841,source3,India,Dronagiri Medical Centre,-- cdmedica1.com,"Varanasi, Uttar Pradesh, Varanasi, C/O Vinit Singh A No 1066 Chandrama Nagar Colony Kanwada","C/o Vinit Singh A No 1066 Chanrama Nagar Colony Kanwada, Varanasi, UP",dronagiri medical centre,cdmedica1,False,False,False,False,False,False,,"Address similar, Name alias/mismatch","Address shares tokens {'nagar', '1066', 'vinit', 'a', 'singh', 'kanwada', 'c/o', 'varanasi', 'colony', 'up'}, but names share 0 tokens"
S1-687535406,S2-290014113,source2,India,Fortune Builders Private Limited,ফরচুন বিল্ডার্স প্রাইভেট লিমিটেড,"Calcutta, Kolkata, 20 Marquis Street, West Bengal","KOLKATA, H.NO 5-20 MARQUIS STREET, CALCUTTA, West Bengal",fortune builders,ফরচ ন ব লড রস পর ইভ ট ল ম ট ড,False,False,False,False,False,False,,Indic script vs Latin name,Cand name is in Indic script; no shared address key generated
S1-117315529,S3-898977051,source3,India,Systems Black Advertising Limited,sbadvertising.com,"Gat No. 118, P No.12, Tambe Nagar, Tandulwadi, B.Rd, Bmt Baramati, Pune Baramati (Mci), Baramati, Pune, Maharashtra","Gat No. 118, Baramati, Pune, MH",systems black advertising,sbadvertising,False,False,False,False,False,False,,"Address similar, Name alias/mismatch","Address shares tokens {'pune', '118', 'gat', 'mh', 'baramati'}, but names share 0 tokens"
S1-64313862,S3-890176700,source3,US,"Northern Global Solution, LLC",Northernglobalsolution.Com,"2401 River Hills Lane, Bolingbrook, IL","River Hills Lane, Bolingbrook, Illinois",northern global solution,northernglobalsolution,True,True,False,False,True,False,US|NP4|nort;US|NP6|northe;US|NCOMP|northernglobalsolution,Truncated by max_candidates_per_query,"Shared key survived (['US|NCOMP|northernglobalsolution']), but candidate rank exceeded top-200"
S1-424206726,S2-369548542,source2,India,Shyam Estate,श्याम एस्टेट,"Room No. 1, Sq Unit No. 5, Aarey Milk Colony Road, Jogeshwari East, Mumbai, Maharashtra","NO 768 ROOM NO. 1, SQ UNIT NO. 5, AAREY MILK COLONY ROAD, JOGESHWARI EAST, MUMBAI, Maharashtra",shyam estate,शय म एसट ट,False,False,False,False,False,False,,Indic script vs Latin name,Cand name is in Indic script; no shared address key generated
S1-915475076,S2-113135292,source2,India,International Management Pvt Ltd,इंटरनेशनल मैनेजमेंट प्रा. लि.,"11/818, Manas Nagar Bara, Rewa, Madhya Pradesh","1/818, MANAS NAGAR BARA, REWA, मध्य प्रदेश",international management,इ टरन शनल म न जम ट पर ल,False,False,False,False,False,False,,Indic script vs Latin name,Cand name is in Indic script; no shared address key generated
S1-174261615,S2-721791414,source2,India,Laxmi Exports Limited,लक्ष्मी एक्सपोर्ट्स लिमिटेड,"G-21, Ghaziabad, 2Nd Floor, Durga Enterprises, Durga Industrial Park, Gt Road, Ghaziabad, Uttar Pradesh","G-C-21, 2ND FLOOR, DURGA ENTERPRISES, DURGA INDUSTRIAL PARK, GT ROAD, GHAZIABAD, Uttar Pradesh",laxmi exports,लकषम एकसप रटस ल म ट ड,False,False,False,False,False,False,,Indic script vs Latin name,Cand name is in Indic script; no shared address key generated
S1-414888397,S2-705169915,source2,India,Star Foundation Private Limited,ಸ್ಟಾರ್ ಫೌಂಡೇಶನ್ ಪ್ರೈವೇಟ್ ಲಿಮಿಟೆಡ್,"Grd Floor, The Landmark, No 28, Assaye Road, Bangalore North, Bangalore, Karnataka","GRD FLOOR, BANGALORE URBAN, Karnataka",star foundation,ಸಟ ರ ಫ ಡ ಶನ ಪರ ವ ಟ ಲ ಮ ಟ ಡ,False,False,False,False,False,False,,Indic script vs Latin name,Cand name is in Indic script; no shared address key generated
S1-668526761,S2-51623269,source2,India,High Impex Private Limited,ਹਾਈ ਇੰਪੈਕਸ ਪ੍ਰਾਈਵੇਟ ਲਿਮਟਿਡ,"H.No. 10, Block A2 Savitry Enclave, Vip Road, Zirakpur, Mohali, Punjab","H.NO. 10, MOHALI, ZIRAKPUR, Punjab",high impex,ਹ ਈ ਇ ਪ ਕਸ ਪਰ ਈਵ ਟ ਲ ਮਟ ਡ,False,False,False,False,False,False,,Indic script vs Latin name,Cand name is in Indic script; no shared address key generated
S1-411106161,S2-699547865,source2,US,Interfaith League,Interfaith Lauie,"AL, Gadsden, 835 Owens Switch Road","AL, PMB 9555, 83 OWENS SWITCH RD, GADSDEN",interfaith league,interfaith lauie,True,True,True,False,False,False,US|TOK|interfaith;US|NP6|interf;US|NP4|inte,Key pruned (Block size > 500),"All shared keys (['US|TOK|interfaith', 'US|NP6|interf', 'US|NP4|inte']) exceeded max_block_size"
S1-905769449,S3-620826096,source3,US,44/90 California,44/90 (Service),"Apple Valley, CA, 11090 Sandy Lane","1109 Sandy Lane, Apple Valley, California",44 90 california,44 90 service,True,False,False,False,False,False,US|NP4|4490,Truncated by max_candidates_per_query,"Shared key survived (['US|NP4|4490']), but candidate rank exceeded top-200"
S1-917191374,S2-605938888,source2,India,Guru Management Private Limited,गुरु मैनेजमेंट प्राइवेट लिमिटेड,"B-1/637, Ground Floor, Janakpuri, New Delhi, West Delhi, Delhi","NEW DELHI, JANAK PURI, GROUND FLOOR, JANAKPURI, दिल्ली, B-1/637/6",guru management,ग र म न जम ट पर इव ट ल म ट ड,False,False,False,False,False,False,,Indic script vs Latin name,Cand name is in Indic script; no shared address key generated
S1-19402182,S3-932558598,source3,US,Davis and Powers Home Care,Davis Powers Home Care,"1982 Portola Drive, Fl 0, Grants Pass, OR",,davis and powers home care,davis powers home care,True,False,True,False,False,False,US|NP4|davi;US|TOK|care;US|TOK|powers;US|TOK|home;US|TOK|davis,Truncated by max_candidates_per_query,"Shared key survived (['US|TOK|powers']), but candidate rank exceeded top-200"
S1-364353446,S3-183399916,source3,US,Pediatric Signature Clinic,-- Pediatric Siegature [Clinic],"MA, Unit 20, Dracut, 130 Skyline Drive","Dracut, 130 Skyline Drive, # 20, Massachusetts",pediatric signature clinic,pediatric siegature clinic,True,True,True,False,False,False,US|TOK|pediatric;US|TOK|clinic;US|NP6|pediat;US|NP4|pedi,Key pruned (Block size > 500),"All shared keys (['US|TOK|pediatric', 'US|TOK|clinic', 'US|NP6|pediat', 'US|NP4|pedi']) exceeded max_block_size"
S1-525970796,S3-687778264,source3,India,Sai Tech Private Limited,साईं टेक प्राइवेट लिमिटेड,"Delhi, New Delhi, Shop No. 39, New Delhi, C.S.C-8 Sector 8, Rohini","H.no 39., New Delhi, DL",sai tech,स ई ट क पर इव ट ल म ट ड,False,False,False,False,False,True,India|ADDR|39_new,Truncated by max_candidates_per_query,"Shared key survived (['India|ADDR|39_new']), but candidate rank exceeded top-200"
S1-396099074,S2-876472334,source2,India,Shree Marketing Private Limited,श्री मार्केटिंग प्राइवेट लिमिटेड,"Office No. 304, Mont Vert Arcade, Pashan Sus Road, Pune, Maharashtra","MONT VERT ARCADE, PASHAN SUS ROAD, Maharashtra, OFFICE NO. 304, PUNE REGION, PUNE",shree marketing,शर म रक ट ग पर इव ट ल म ट ड,False,False,False,False,False,False,,Indic script vs Latin name,Cand name is in Indic script; no shared address key generated
S1-265121583,S2-640478899,source2,US,Crystal Superior Skin Care LLC,Crystal Superior Sgn Care LLC,"2441 Haverford Road, Springfield, IL","IL, HAVERFORD RD, SPRINGFIELD",crystal superior skin care,crystal superior sgn care,True,True,True,False,False,False,US|TOK|crystal;US|NP4|crys;US|NP6|crysta;US|TOK|care;US|TOK|superior,Key pruned (Block size > 500),"All shared keys (['US|TOK|crystal', 'US|NP4|crys', 'US|NP6|crysta', 'US|TOK|care', 'US|TOK|superior']) exceeded max_block_size"
S1-449213930,S3-481794118,source3,US,Express Ridge Summit LLC,Express Ridge,"3115 Port Anne Way, Leander, TX","Port Anne Way, Leander, Texas",express ridge summit,express ridge,True,True,True,False,False,False,US|TOK|ridge;US|NP6|expres;US|TOK|express;US|NP4|expr,Key pruned (Block size > 500),"All shared keys (['US|TOK|ridge', 'US|NP6|expres', 'US|TOK|express', 'US|NP4|expr']) exceeded max_block_size"
S1-641436989,S2-92430590,source2,US,Vision Group,Vision Inc Enterprises,"9 19th Street, Richmond City, VA",,vision group,vision inc enterprises,True,True,True,False,False,False,US|NP4|visi;US|TOK|vision;US|NP6|vision,Key pruned (Block size > 500),"All shared keys (['US|NP4|visi', 'US|TOK|vision', 'US|NP6|vision']) exceeded max_block_size"
S1-383410847,S2-646252185,source2,US,New Life Zion,NEW LÍFE PARTNERS,"WA, 436 Broadway, Tacoma, Unit #200","36 BROADWAY, TACOMA, WA",new life zion,new life partners,True,True,True,False,False,False,US|NP4|newl;US|NP6|newlif;US|TOK|life,Key pruned (Block size > 500),"All shared keys (['US|NP4|newl', 'US|NP6|newlif', 'US|TOK|life']) exceeded max_block_size"
S1-115205290,S3-730228728,source3,India,Hill & Co Corp,Hi & Co Corp,"Mig Flats No-156, Top Floor, Sector-17 Phase-Ii, Pkt-A, Dwarka, New Delhi, Delhi","Mig Flats No-156, Dwarka, DL, New Delhi",hill and,hi and,False,False,False,False,False,True,India|UNIT|no156,Truncated by max_candidates_per_query,"Shared key survived (['India|UNIT|no156']), but candidate rank exceeded top-200"
S1-656226670,S3-767874925,source3,US,Cook Rice Inc,Cálomirabrix,"1111 165th Street, South Holland, IL","01111 165rd Street, Illinois, South Holand",cook rice,calomirabrix,False,False,False,False,False,False,,"Address similar, Name alias/mismatch","Address shares tokens {'south', 'il', '1111'}, but names share 0 tokens"
S1-92068166,S3-630972075,source3,US,C/O Brc,C/O Center,"3840 Wellington Drive, Cazenovia, NY","Cazenovia, 3840-3844 Wellington Dr, New York",c o brc,c o center,False,False,False,False,False,False,,Severe name & address variation,Both name and address have extensive structural differences
S1-773037667,S2-315867208,source2,US,"Northwind, Inc","Inc Noshwisn,","4552 400th Street, Hospers, IA","IA, 4552-4554 400TH STREET, HOSPERS",northwind,noshwisn,False,False,False,False,False,False,,"Address similar, Name alias/mismatch","Address shares tokens {'400th', 'ia', 'hospers'}, but names share 0 tokens"
S1-451731570,S3-330201065,source3,India,International Finance Private Limited,ఇంటర్నేషనల్ ఫైనాన్స్ ప్రైవేట్ లిమిటెడ్,"# 1-3-53, Hyderabad, General Bazar, Telangana, Sunderabad","# #1-3-53, General Bazar, Sunderabad, Hyderabad, TG",international finance,ఇ టరన షనల ఫ న నస పర వ ట ల మ ట డ,False,False,False,False,False,False,,Indic script vs Latin name,Cand name is in Indic script; no shared address key generated
S1-450086555,S2-360722024,source2,India,Unique Infra Private Limited,यूनिक इंफ्रा प्राइवेट लिमिटेड,"Jaipur, Neelam Hotel, Near Ganpati Plaza, Moti Lal Atal Road, Rajasthan, A-3","A-3, JAIPUR, राजस्थान",unique infra,य न क इ फर पर इव ट ल म ट ड,False,False,False,False,False,False,,Indic script vs Latin name,Cand name is in Indic script; no shared address key generated
S1-724409352,S2-158873634,source2,US,"Valeda Guthrie, D.C., PC",DCVALEDAGUTHRIE.COM,"3600 Kinkead Avenue, Unit Apt 127, Fort Smith, AR","AR, FORT SMITH, 3588 KINKEAD AVE",valeda guthrie d c pc,dcvaledaguthrie,False,False,False,False,False,False,,"Address similar, Name alias/mismatch","Address shares tokens {'ar', 'fort', 'smith', 'kinkead'}, but names share 0 tokens"
S1-369991325,S3-795006016,source3,US,Marji Champion Technical LLC,Korfluxgild,"6626 Winton Street, Houston, TX","6626-6628 Winton Street, Houston, Texas",marji champion technical,korfluxgild,False,False,False,False,False,False,,"Address similar, Name alias/mismatch","Address shares tokens {'houston', 'tx', 'winton'}, but names share 0 tokens"
S1-998633222,S3-564769879,source3,India,Fortune Management Private Limited,Sri Fortune Private Management Limited,"Flat No 2, Meera Bldg, Seema Chs Ltd, Ghatla Village Road, Chembur, Mumbai, Maharashtra",,fortune management,sri fortune private management,False,False,True,False,False,False,India|TOK|fortune,Key pruned (Block size > 500),All shared keys (['India|TOK|fortune']) exceeded max_block_size
S1-99560436,S3-201091181,source3,US,Ear Nose & Throat Medicine LLC,Ear Ne & Throat Medicine LLC,"703 Beacon Court, Montgomery Township, PA","70 Beacon Court, Montgomery Township, Pennsylvania",ear nose and throat medicine,ear ne and throat medicine,True,False,True,False,False,False,US|TOK|medicine;US|TOK|throat;US|NP4|earn,Key pruned (Block size > 500),"All shared keys (['US|TOK|medicine', 'US|TOK|throat', 'US|NP4|earn']) exceeded max_block_size"
S1-590392911,S2-923345876,source2,US,"Lambert Pimco, Inc",Services Lambert Inc,"854 Ewing Street, Joliet, IL","856 EWING STREET, NULL, JOLITE CITY, IL",lambert pimco,services lambert,False,False,True,False,False,False,US|TOK|lambert,Truncated by max_candidates_per_query,"Shared key survived (['US|TOK|lambert']), but candidate rank exceeded top-200"
S1-125687146,S3-649844502,source3,India,Lotus Developers Pvt Ltd,லோட்டஸ் டெவலப்பர்ஸ் பிரைவேட் லிமிடெட்,"2Nd Floor, Thirugnana Sambandar Street, Ram Nagar North, Madipakkam, Saidapet, Plot No.42, Tamil Nadu, Kanchipuram","Plot No.42, 2Nd Floor, Thirugnana Sambandar Street, Ram Nagar North, Madipakkam, Kanchipuram, Saidapet, TN",lotus developers,ல டடஸ ட வலபபரஸ ப ர வ ட ல ம ட ட,False,False,False,False,False,False,,Indic script vs Latin name,Cand name is in Indic script; no shared address key generated
S1-476060655,S3-575713249,source3,US,UF Contracting LLC,UF Cdontractig LLC,"4932 Redbud Drive, Sand Springs, OK","932 Redbud Drive, Sand Springs, Oklahoma",uf contracting,uf cdontractig,False,False,False,False,False,False,,Prefix-3 match (Typo after 3 chars),Names share first 3 chars ('ufc') but diverge at char 4
S1-582613007,S3-774981419,source3,India,Food Nursing Home,Umbrazeta Sys,"Survey No. 477 & 489, No. 99, Papparambakkam Village, Thiruvallur, Tamil Nadu","Tamil Nadu, No. 99, Thiruvallur, Papparambakkam Village, Survey No. 477 & 489",food nursing home,umbrazeta sys,False,False,False,False,False,False,,"Address similar, Name alias/mismatch","Address shares tokens {'papparambakkam', 'village', '99', '477', 'thiruvallur', 'survey', '489'}, but names share 0 tokens"
S1-996892533,S3-253950029,source3,US,Keystone Chesapeake,Keystone Chhosapceake,"56 90th Street, Leon, KS","56 90nd Street, Leon, Kansas",keystone chesapeake,keystone chhosapceake,True,True,True,False,False,False,US|NP6|keysto;US|NP4|keys;US|TOK|keystone,Key pruned (Block size > 500),"All shared keys (['US|NP6|keysto', 'US|NP4|keys', 'US|TOK|keystone']) exceeded max_block_size"
S1-443666662,S2-357306659,source2,India,Eastern Foods Private Limited,ಈಸ್ಟರ್ನ್ ಫುಡ್ಸ್ ಪ್ರೈವೇಟ್ ಲಿಮಿಟೆಡ್,"No 208 1St Phase Golden, Park Apartment Bangalore, Bangalore South, Bangalore, Karnataka","ಕರ್ನಾಟಕ, NULL, NO 208/8 1ST PHASE GOLDEN, BANGALORE SOUTH, BANGALORE",eastern foods,ಈಸಟರನ ಫ ಡಸ ಪರ ವ ಟ ಲ ಮ ಟ ಡ,False,False,False,False,False,False,,Indic script vs Latin name,Cand name is in Indic script; no shared address key generated
S1-254440362,S3-734943831,source3,US,"West Surgical, Inc.","West 5udilc, Inc.","400 Holstein Street, Unit Unit 2, Bridgeport Borough, PA",,west surgical,west 5udilc,True,False,True,False,False,False,US|NP4|west;US|TOK|west,Key pruned (Block size > 500),"All shared keys (['US|NP4|west', 'US|TOK|west']) exceeded max_block_size"
S1-968115178,S3-631409134,source3,India,Helio Trading Limited,Shri heliotrading.com,"66, Braun Field Row, 2Nd Flr. S/E, Kolkata, Kolkata, Howrah, West Bengal","66, Chetla, WB",helio trading,shri heliotrading,False,False,False,False,False,False,,"Address similar, Name alias/mismatch","Address shares tokens {'66', 'wb'}, but names share 0 tokens"
S1-792681001,S3-736959169,source3,US,Desert Direct Bynordic,Desert  Direct,"480 Payne Ridge Road, WV, Gandeeville","482 Payne Ridge Road, Gandeeville, West Virginia",desert direct bynordic,desert direct,True,True,True,False,False,False,US|NP6|desert;US|NP4|dese;US|TOK|direct;US|TOK|desert,Key pruned (Block size > 500),"All shared keys (['US|NP6|desert', 'US|NP4|dese', 'US|TOK|direct', 'US|TOK|desert']) exceeded max_block_size"
S1-528855670,S3-339819176,source3,US,JS Plutonian Inc,Gilddrex+ t/a JS Plutonian Inc,"MA, 120 Devon Street, Unit 5, Boston","Unit 5, 120 Devon Street, MA, Boston",js plutonian,gilddrex t a js plutonian,False,False,True,False,False,False,US|TOK|plutonian,Truncated by max_candidates_per_query,"Shared key survived (['US|TOK|plutonian']), but candidate rank exceeded top-200"
S1-351961485,S3-22610069,source3,India,White Infrastructure Pvt Ltd,Arianovi,"Office-No-207, Marathon Monte Plaza, Madan Mohan Mamumbai, Mumbai, Mumbai City, Maharashtra","Ofifce-no-20, Mumbai, Bhandup, MH",white infrastructure,arianovi,False,False,False,False,False,False,,"Address similar, Name alias/mismatch","Address shares tokens {'mh', 'mumbai'}, but names share 0 tokens"
S1-243440338,S3-74261022,source3,India,HG Services,HG  Center,"D-28 Rajan Babu Road, Adarsh Nagar, North Delhi, Delhi","D-a-28 Rajan Babu Road, Adarsh Nagar, North Delhi, DL",hg services,hg center,False,False,False,False,False,False,,Severe name & address variation,Both name and address have extensive structural differences
S1-549559960,S2-848203707,source2,India,Hari Urban Ventures Pvt Ltd,హరి అర్బన్ వెంచర్స్ ప్రైవేట్ లిమిటెడ్,"8-491, Sai Nilayam, Flat No Ff-1, Srls Colony, Vijayawada (Rural), Krishna, Andhra Pradesh","9-491, VIJAYAWADA (RURAL), KRISHNA, Andhra Pradesh",hari urban ventures,హర అరబన వ చరస పర వ ట ల మ ట డ,False,False,False,False,False,False,,Indic script vs Latin name,Cand name is in Indic script; no shared address key generated
S1-100545494,S2-552918384,source2,US,Hale & Cruz LLC,Quonovizeta,"802 Main Street, Anamosa, IA","ANAMOSA, 802 1/2 MAIN STREET, IA",hale and cruz,quonovizeta,False,False,False,False,False,True,US|ADDR|802_main,Truncated by max_candidates_per_query,"Shared key survived (['US|ADDR|802_main']), but candidate rank exceeded top-200"
S1-635555544,S3-998628231,source3,US,Highland Delta Dome LLC,Highland Delta Dhm LLC,"1602 Summit Street, Union, NY","New York, 1602 Summit St, Union",highland delta dome,highland delta dhm,True,True,True,False,False,True,US|NP6|highla;US|TOK|delta;US|TOK|highland;US|ADDR|1602_summit;US|NP4|high,Truncated by max_candidates_per_query,"Shared key survived (['US|ADDR|1602_summit']), but candidate rank exceeded top-200"
S1-486106344,S3-427582449,source3,India,Arihant Trading Limited,અરિહંત ટ્રેડિંગ લિમિટેડ,"Sf 203, 84 Dhananjay Society, Near Stadium, Gujarat, Pooja Upavan-Ii, Vadodara","Pooja Upavan-ii, Vadodara, ગુજરાત",arihant trading,અર હ ત ટર ડ ગ લ મ ટ ડ,False,False,False,False,False,False,,Indic script vs Latin name,Cand name is in Indic script; no shared address key generated
S1-952564053,S3-605071681,source3,India,Sree Media Private Limited,ಶ್ರೀ ಮೀಡಿಯಾ ಪ್ರೈವೇಟ್ ಲಿಮಿಟೆಡ್,"Near Bustand, Opp Bannur Petrol Bunk, Badami, Bagalkot, Karnataka","Near Bnstand, Bagalkote, Bagalkot, KA",sree media,ಶರ ಮ ಡ ಯ ಪರ ವ ಟ ಲ ಮ ಟ ಡ,False,False,False,False,False,False,,Indic script vs Latin name,Cand name is in Indic script; no shared address key generated
S1-115775057,S3-800879409,source3,India,Surya Super Enterprises Private Limited,सूर्य सुपर एंटरप्राइजेज प्राइवेट लिमिटेड,"Haryana, 967, Sector 21 C, Faridabad","Faridabad, 967., हरियाणा",surya super enterprises,स रय स पर ए टरपर इज ज पर इव ट ल म ट ड,False,False,False,False,False,False,,Indic script vs Latin name,Cand name is in Indic script; no shared address key generated
S1-885485250,S2-144030669,source2,India,Shivam Constructions,శివం కన్‌స్ట్రక్షన్స్,"B. No. 12, Anthem Site, Gundlapochampalli, Medchal, Hyderabad, Telangana","GUNDLAPOCHAMPALLY, Telangana, ANTHEM SITE, GUNDLAPOCHAMPALLI, MEDCHAL, B. NO. 12, HYDERABAD",shivam constructions,శ వ కన సటరకషనస,False,False,False,False,False,False,,Indic script vs Latin name,Cand name is in Indic script; no shared address key generated
S1-506051086,S3-810950056,source3,India,Shivam Constructions Pvt Ltd,शिवम कंस्ट्रक्शंस प्रा. लि.,"Mumbai, Maharashtra, Mumbai, Ground Floor, Plot No, 511, Krishna Bhavan, 517","MH, Mumbai, 517, Ground Floor, Plot No, 511, Krishna Bhavan, Mumbai Ii",shivam constructions,श वम क सटरकश स पर ल,False,False,False,False,False,False,,Indic script vs Latin name,Cand name is in Indic script; no shared address key generated
S1-180407398,S3-80542553,source3,US,"Martinez, Castillo & Montgomery Communications",Martinez Communications,"302 Second Avenue, Oneida, TN","302 Second Avenue, Oneida, TN",martinez castillo and montgomery communications,martinez communications,True,True,True,False,False,True,US|NP6|martin;US|ADDR|302_second;US|NP4|mart;US|TOK|communications;US|TOK|martinez,Truncated by max_candidates_per_query,"Shared key survived (['US|ADDR|302_second']), but candidate rank exceeded top-200"
S1-837399164,S3-229511072,source3,India,Right & Co Corp,Rrgieth & Co Corp,"Shivaji Nagar, Behind Durgaweigh Bridge Near Saibaba Temple, Manpada (Chitalsar), Thane, Maharashtra","Thane, Shivaji Ngaar, MH, North Goa",right and,rrgieth and,False,False,False,False,False,False,,Severe name & address variation,Both name and address have extensive structural differences
S1-937356823,S3-41801400,source3,India,Vision Global Private Limited,Vision Global Limited [Services],"Balaji Towers', No. 9/1A/1, Hotgi Road, Aasara Chowk, Solapur, Solapur, Maharashtra","Brlaji Towers', Solapur, महाराष्ट्र",vision global,vision global ltd services,True,True,True,False,False,False,India|NP4|visi;India|NP6|vision;India|TOK|vision,Key pruned (Block size > 500),"All shared keys (['India|NP4|visi', 'India|NP6|vision', 'India|TOK|vision']) exceeded max_block_size"
S1-169860964,S2-882372591,source2,US,Global Health Ventures Inc,GLO8AL HEALTH-VENTURES,"1004 6th Street, Garden City, KS","1004-C SIXTH ST, GARDEN CITY, KS",global health ventures,glo8al health ventures,False,False,True,False,False,False,US|TOK|health,Key pruned (Block size > 500),All shared keys (['US|TOK|health']) exceeded max_block_size
S1-736739118,S2-836744918,source2,US,Christ Chapel,christchape1.com,"North Brookfield, Unit 6F, 271 Main Street, MA","271 MAIN ST, NORTH BROOKFIELD, MA",christ chapel,christchape1,True,True,False,False,False,False,US|NP4|chri;US|NP6|christ,Key pruned (Block size > 500),"All shared keys (['US|NP4|chri', 'US|NP6|christ']) exceeded max_block_size"
S1-661293113,S3-220185394,source3,US,Division of Motor Vehicles,Division  of Motor Vehicles Association,"20 Longmeadow Road, Norfolk, MA","Longmeadow Road, Nrfolk, Massachusetts",division of motor vehicles,division of motor vehicles association,True,True,True,False,False,False,US|TOK|vehicles;US|NP6|divisi;US|TOK|division;US|TOK|motor;US|NP4|divi,Truncated by max_candidates_per_query,"Shared key survived (['US|TOK|vehicles']), but candidate rank exceeded top-200"
S1-966027321,S3-472664232,source3,US,Probst & Duran Newhold LLC,dprobst.com,"Boston, 31 Floyd Street, MA","31 Floyd St, Dorchester Center, Massachusetts",probst and duran newhold,dprobst,False,False,False,False,False,True,US|ADDR|31_floyd,Truncated by max_candidates_per_query,"Shared key survived (['US|ADDR|31_floyd']), but candidate rank exceeded top-200"
S1-266915010,S3-999559043,source3,India,Dream It Limited,ड्रीम आईटी लिमिटेड,"Flat No. D-062, Park Heights, Dlf Park Place Phase-V, Gurgaon, Haryana","HR, Flat No. D-062, Rohtak, Dlf Park Place Phase-v",dream it,डर म आईट ल म ट ड,False,False,False,False,False,True,India|UNIT|d62,Truncated by max_candidates_per_query,"Shared key survived (['India|UNIT|d62']), but candidate rank exceeded top-200"
S1-288666702,S3-917130156,source3,India,WK Hospitals Pvt Ltd,WK Pvt Ltd Services,"Pokhara Mohalla P.O. Hajipur Ps- Town Thana, Hajipur, Vaishali, Bihar","Pokhara Mohalla P.o. Hajipur Ps- Town Thana, Hajipur, Vaishali, BR",wk hospitals,wk pvt ltd services,False,False,False,False,False,False,,Severe name & address variation,Both name and address have extensive structural differences
S1-937356823,S2-333278601,source2,India,Vision Global Private Limited,विजन ग्लोबल प्राइवेट लिमिटेड,"Balaji Towers', No. 9/1A/1, Hotgi Road, Aasara Chowk, Solapur, Solapur, Maharashtra","BALAJI TOWERS', SOLAPUR, Maharashtra",vision global,व जन गल बल पर इव ट ल म ट ड,False,False,False,False,False,False,,Indic script vs Latin name,Cand name is in Indic script; no shared address key generated
S1-661098344,S2-515979427,source2,India,Aditya Infra Limited,আদিত্য ইনফ্রা লিমিটেড,"3Rd Floor, Room No - 6, Jugal Asha Apartment, Charakdanga, Barasat, Kolkata, Kolkata, Howrah, West Bengal","H.NO 3RD FLOR, ROOM NO - 6, JUGAL ASHA APARTMENT, CHARAKDANGA, BARASAT, KOLKATA, HOWRAH, KOLKATA, পশ্চিমবঙ্গ",aditya infra,আদ তয ইনফর ল ম ট ড,False,False,False,False,False,False,,Indic script vs Latin name,Cand name is in Indic script; no shared address key generated
S1-987797878,S2-159224321,source2,India,Green Consulting Private Limited,ग्रीन कंसल्टिंग प्राइवेट लिमिटेड,"Office No. 126, First Flr, Vardhaman Market Chsl Sector 17, Plot No. 75, Vashi, Navi Mumbai, Thane, Maharashtra","OFFICE NO. 126, THANE, Maharashtra",green consulting,गर न क सलट ग पर इव ट ल म ट ड,False,False,False,False,False,False,,Indic script vs Latin name,Cand name is in Indic script; no shared address key generated
S1-830891960,S2-739601922,source2,India,Perfect Enterprises Private Limited,परफेक्ट एंटरप्राइजेज प्राइवेट लिमिटेड,"32 Aradhana Colonysector 13 R K Puram, New Delhi, West Delhi, Delhi","NEW DELHI, Delhi, 343 ARADHANA COLONYSECTOR 13 R K PURAM",perfect enterprises,परफ कट ए टरपर इज ज पर इव ट ल म ट ड,False,False,False,False,False,False,,Indic script vs Latin name,Cand name is in Indic script; no shared address key generated
S1-401953962,S3-121288016,source3,US,Vasquez Supply,Orbivera formerly known as Vasquez Supply,"1432 Hemlock St, Louisville, KY","KY, 1432 Hemlock St, Louisville",vasquez supply,known as vasquez supply,False,False,True,False,False,True,US|TOK|supply;US|ADDR|1432_hemlock;US|TOK|vasquez,Truncated by max_candidates_per_query,"Shared key survived (['US|ADDR|1432_hemlock']), but candidate rank exceeded top-200"
S1-761411416,S2-925497386,source2,India,Bombay Products LLP,বোম্বে প্রোডাক্টস এলএলপি,"C/O Mallika Pailan, Daulatpur, Pailan, Bishnupur - I, South 24 Parganas, West Bengal","DAULATPUR, PAILAN, BISHNUPUR - I, C/O MALLIKA PAILAN, West Bengal, SOUTH 24 PARGANAS",bombay products,ব মব পর ড কটস এলএলপ,False,False,False,False,False,True,India|ADDR|24_parganas,Key pruned (Block size > 500),All shared keys (['India|ADDR|24_parganas']) exceeded max_block_size
S1-778442477,S3-285840637,source3,US,Horizon Digital Holdings,Horizon Digital #92321,"1110 Jefferson Street, Waxahachie, TX","Jefferson St, <NULL>, Waxahachie, Texas",horizon digital holdings,horizon digital 92321,True,True,True,False,False,False,US|TOK|horizon;US|NP4|hori;US|NP6|horizo;US|TOK|digital,Key pruned (Block size > 500),"All shared keys (['US|TOK|horizon', 'US|NP4|hori', 'US|NP6|horizo', 'US|TOK|digital']) exceeded max_block_size"
S1-82820917,S3-854555958,source3,US,Meridian LLC,Meirdbin LLC,"5211 Daybrook Circle, Unit APARTMENT 438, Rosedale, MD","##5211 Daybrook Cir, # Apartment 438, Rosedale, Maryland",meridian,meirdbin,False,False,False,False,False,True,US|ADDR|5211_daybrook,Truncated by max_candidates_per_query,"Shared key survived (['US|ADDR|5211_daybrook']), but candidate rank exceeded top-200"
S1-696908232,S3-811836089,source3,India,Sree Technologies Pvt Ltd,Shri sree technologies pvt ltd,"Regus Business Centre, 1St Flr, Shiv Sagar Estate, Dr. Annie Besant Road, Worli, Mumbai, Mumbai City, Maharashtra",,sree technologies,shri sree technologies,False,False,True,False,False,False,India|TOK|sree,Key pruned (Block size > 500),All shared keys (['India|TOK|sree']) exceeded max_block_size
S1-171232743,S3-590337572,source3,India,Services Tauras Investment Private Limited,Services Tuecm Investment Private Limited,"Bldg No. 218 / F, Madappatuparambil, Pannithadam, Chiramanangad P.O. Kunnamkulam, Thrissur, Kerala",,services tauras investment,services tuecm investment,True,True,True,False,False,False,India|NP4|serv;India|TOK|investment;India|NP6|servic,Key pruned (Block size > 500),"All shared keys (['India|NP4|serv', 'India|TOK|investment', 'India|NP6|servic']) exceeded max_block_size"
S1-942731197,S2-77064245,source2,India,Gujarat Ventures Pvt Ltd,गुजरात वेंचर्स प्रा. लि.,"C/O Suchita Hingar W/O Vivek Hingar Shop No 21 Badal Market Pur Road, Bhilawara, Bhilwara, Rajasthan","C/O SUCHITA HINGAR W/O VIVEK HINGAR SHOP NO A-21 BADAL MARKET PUR ROAD, null, BHILAWARA, BHILWARA, राजस्थान",gujarat ventures,ग जर त व चरस पर ल,False,False,False,False,False,False,,Indic script vs Latin name,Cand name is in Indic script; no shared address key generated
S1-254055664,S2-474265825,source2,US,Womens Health Specialists,Womens Hea1th,"418 7th Street, Safford, AZ","418 SEVENTH STREET, SAFFORD, AZ",womens health specialists,womens health,True,True,True,False,False,False,US|TOK|womens;US|NP4|wome;US|TOK|health;US|NP6|womens,Key pruned (Block size > 500),"All shared keys (['US|TOK|womens', 'US|NP4|wome', 'US|TOK|health', 'US|NP6|womens']) exceeded max_block_size"
S1-654486026,S3-18233005,source3,US,Reed's Supreme Specialists,Evonylaflux,"1988 Gordon Road, Clayton, NC","1988 Gordon Road, Clayton, North Carolina",reed s supreme specialists,evonylaflux,False,False,False,False,False,True,US|ADDR|1988_gordon,Truncated by max_candidates_per_query,"Shared key survived (['US|ADDR|1988_gordon']), but candidate rank exceeded top-200"
S1-931126388,S3-731455011,source3,US,Summit Grand Utilities LLC,Summit Grand,"749 Bald Street, Unit APT C, Evansville, IN","Indiana, Evansville ICTY, Unit APT C, 74 Bald Street",summit grand utilities,summit grand,True,True,True,False,False,False,US|NP6|summit;US|TOK|grand;US|TOK|summit;US|NP4|summ,Key pruned (Block size > 500),"All shared keys (['US|NP6|summit', 'US|TOK|grand', 'US|TOK|summit', 'US|NP4|summ']) exceeded max_block_size"
S1-783255946,S3-526834430,source3,US,IN Complete Impact LLC,Service IN Complete LLC,"262 Discovery View Drive, Sequim, WA","262 Discovery View Dr, Sequim, Washington",in complete impact,service in complete,False,False,True,False,False,True,US|ADDR|262_discovery;US|TOK|complete,Truncated by max_candidates_per_query,"Shared key survived (['US|ADDR|262_discovery']), but candidate rank exceeded top-200"
S1-683886830,S3-371224750,source3,India,Hmv Traders Ltd,Hmv Ltd Center,"S No 28/220, Sarada Bld, Tambri Vibhag, Jijau Chowk Barshi Naka Nr Alahabad Bank, Osmanabad, Maharashtra",,hmv traders,hmv ltd center,False,False,False,False,False,False,,Candidate address missing,"Cand address is missing (nan), and names share no blocking key"
S1-341097282,S3-88068506,source3,US,Bright Iheartmedia,Bright Services,"9119 Falkwood Road, Raleigh, NC","9118 Falkwood Road, Raleigh, North Carolina",bright iheartmedia,bright services,True,True,True,False,False,False,US|NP6|bright;US|TOK|bright;US|NP4|brig,Key pruned (Block size > 500),"All shared keys (['US|NP6|bright', 'US|TOK|bright', 'US|NP4|brig']) exceeded max_block_size"
S1-9455909,S3-393934040,source3,India,Seven Sun Producer Private Limited,Priavfe Seven Sun Producer Limited,"Unit 508, Crescent Business Square, 5Th Floor, Opp Gundecha Onclave, Khairani Road, Andheri East, Mumbai, Maharashtra","MH, Mumbai Region, Unit 08, Mumbai",seven sun producer,priavfe seven sun producer,False,False,True,False,False,False,India|TOK|seven;India|TOK|producer,Key pruned (Block size > 500),"All shared keys (['India|TOK|seven', 'India|TOK|producer']) exceeded max_block_size"
S1-635244275,S3-189515052,source3,US,Quality Software Collective Inc.,Quality Software,"6640 Thamesmead Lane, Mint Hill, NC","Mint Hill, Thamesmead Ln, North Carolina",quality software collective,quality software,True,True,True,False,False,False,US|TOK|software;US|NP4|qual;US|TOK|quality;US|NP6|qualit,Key pruned (Block size > 500),"All shared keys (['US|TOK|software', 'US|NP4|qual', 'US|TOK|quality', 'US|NP6|qualit']) exceeded max_block_size"
S1-934783872,S2-289656209,source2,US,Dermatology Mountain Clinic Co,cdmountain.com,"802 Silver Shadow Drive, Murray, UT","802- SILVER SHADOW DRIVE, MURRAY, UT",dermatology mountain clinic,cdmountain,False,False,False,False,False,False,,"Address similar, Name alias/mismatch","Address shares tokens {'shadow', 'ut', 'silver', 'murray'}, but names share 0 tokens"
S1-223479719,S2-209013801,source2,India,Coimbatore Logistics Limited,Coimbatore Logffmstics Limited,"109-1, Dhaskand Street, B.R.Puram, Hope College, Peelamedu, Coimbatore, Tamil Nadu","D/109-1, DHASKAND STREET, B.R.PURAM, HOPE COLLEGE, PEELAMEDU, COIMBATORE, தமிழ்நாடு",coimbatore logistics,coimbatore logffmstics,True,True,True,False,False,False,India|TOK|coimbatore;India|NP4|coim;India|NP6|coimba,Key pruned (Block size > 500),"All shared keys (['India|TOK|coimbatore', 'India|NP4|coim', 'India|NP6|coimba']) exceeded max_block_size"
S1-540804826,S2-800441985,source2,US,Mccabe Nuclear PC,Dovabrix,"7204 17, Pollocksville, NC","7204 17, POLLOCKSVILLE, NC",mccabe nuclear pc,dovabrix,False,False,False,False,False,True,US|ADDR|7204_pollocksville,Truncated by max_candidates_per_query,"Shared key survived (['US|ADDR|7204_pollocksville']), but candidate rank exceeded top-200"
S1-530526337,S3-40131318,source3,India,Management Europa Productions LLP,Quovantage,"Plot No. 29, Road No. 3, Janardhana Hills, P Raju Road, Seri Lingampally, K.V.Rangareddy, Telangana","Plot No. 29, K.v.rangareddy, తెలంగాణ",management europa productions,quovantage,False,False,False,False,False,False,,"Address similar, Name alias/mismatch","Address shares tokens {'29', 'k', 'v', 'rangareddy', 'plot'}, but names share 0 tokens"
S1-336753892,S2-928281443,source2,India,Royal Ventures Private Limited,रॉयल वेंचर्स प्राइवेट लिमिटेड,"Flat No. 202, Maharshi Atharva Apartment, Plot. No. 14, Shankar Nagar, Nagpur, Maharashtra","NAGPUR, महाराष्ट्र, FLAT NO. G-202, NAGPUR",royal ventures,र यल व चरस पर इव ट ल म ट ड,False,False,False,False,False,False,,Indic script vs Latin name,Cand name is in Indic script; no shared address key generated
S1-14437240,S3-653258161,source3,India,New Delhi Nidhi Private Limited,New Delhi  Niodih Private Limited,"55 Nehru Place, Delhi, Fifth Floor 504 Madhuban Building, New Delhi, South Delhi","Fifth Floor 504 Madhuban Building, 55 Nehru Place, New Delhi, South Delhi, DL",new delhi nidhi,new delhi niodih,True,True,True,False,False,False,India|TOK|delhi;India|NP6|newdel;India|NP4|newd,Key pruned (Block size > 500),"All shared keys (['India|TOK|delhi', 'India|NP6|newdel', 'India|NP4|newd']) exceeded max_block_size"
S1-267974855,S2-487851320,source2,US,Literacy Network,Literacy Netwobrk,"10635 Walton Lane, Northport, AL","10635-10637 WALTON LANE, NORTHPORT, AL",literacy network,literacy netwobrk,True,True,True,False,False,False,US|NP6|litera;US|TOK|literacy;US|NP4|lite,Key pruned (Block size > 500),"All shared keys (['US|NP6|litera', 'US|TOK|literacy', 'US|NP4|lite']) exceeded max_block_size"
S1-705525324,S3-632600724,source3,US,"Custom Plains, LLC",Custom,"2100 Cornell Drive, Tempe, AZ","2100 Cornell Drive, Tempe, AZ",custom plains,custom,True,True,True,False,False,True,US|TOK|custom;US|NP6|custom;US|NP4|cust;US|ADDR|2100_cornell,Truncated by max_candidates_per_query,"Shared key survived (['US|ADDR|2100_cornell']), but candidate rank exceeded top-200"
S1-996196567,S3-941021301,source3,India,Swastik Consultants,स्वस्तिक कंसल्टेंट्स,"P.N 121, Jaipur, Shri Govind Nagar First, Niwaroo, Jaipur, Rajasthan","P.n 521, Jaipur, RJ",swastik consultants,सवसत क क सलट टस,False,False,False,False,False,False,,Indic script vs Latin name,Cand name is in Indic script; no shared address key generated
S1-71236461,S3-664584782,source3,India,Alpha Best Infotech Private Limited,अल्फा बेस्ट इंफोटेक प्राइवेट लिमिटेड,"3/16West Patel Nagar, New Delhi, West Delhi, Delhi","16West Patel Nagar, New Delhi, West Delhi, DL",alpha best infotech,अलफ ब सट इ फ ट क पर इव ट ल म ट ड,False,False,False,False,False,False,,Indic script vs Latin name,Cand name is in Indic script; no shared address key generated
S1-171232743,S3-636690699,source3,India,Services Tauras Investment Private Limited,Services Tauraa Investment Private Limited,"Bldg No. 218 / F, Madappatuparambil, Pannithadam, Chiramanangad P.O. Kunnamkulam, Thrissur, Kerala",,services tauras investment,services tauraa investment,True,True,True,False,False,False,India|NP4|serv;India|TOK|investment;India|NP6|servic,Key pruned (Block size > 500),"All shared keys (['India|NP4|serv', 'India|TOK|investment', 'India|NP6|servic']) exceeded max_block_size"
S1-962138329,S3-216353340,source3,US,Jones Digitalbridge LLC,Jones LLC Center,"Unit STE C, CA, 6723 32nd Street, North Highlands","32nd St, Unit STE C, N. Highlands, California",jones digitalbridge,jones llc center,True,False,True,False,False,False,US|NP4|jone;US|TOK|jones,Key pruned (Block size > 500),"All shared keys (['US|NP4|jone', 'US|TOK|jones']) exceeded max_block_size"
S1-927634906,S2-17753117,source2,US,Upper Atlanta LLC,UPPER LLC CENTER,"W7894 Keller Road, Town Of Evergreen, WI","W789 KELLER RD, TOWN OF EVERGREEN, WI",upper atlanta,upper llc center,True,False,True,False,False,False,US|TOK|upper;US|NP4|uppe,Key pruned (Block size > 500),"All shared keys (['US|TOK|upper', 'US|NP4|uppe']) exceeded max_block_size"
S1-377252843,S3-49965116,source3,India,Fortune Solutions Private Limited,Fortune-Solutions Prviahe Limited - 1244898370,"Agra Gate Chunhgi Shikohabad, Shikohabad, Firozabad, Uttar Pradesh","Agra Gate Chunhgi Shikohabad, Shikohabad, Firozabad, UP",fortune solutions,fortune solutions prviahe ltd 1244898370,True,True,True,False,False,False,India|NP4|fort;India|TOK|fortune;India|NP6|fortun,Key pruned (Block size > 500),"All shared keys (['India|NP4|fort', 'India|TOK|fortune', 'India|NP6|fortun']) exceeded max_block_size"
S1-986953974,S2-680677312,source2,India,Shivam International Pvt Ltd,શિવમ ઇન્ટરનેશનલ પ્રા. લિ.,"Shivalik House, Nr. Aarjav Society, Nr.Satellite Policestation, Opp.Satyagruh, Chhavani, Ahmedabad, Gujarat","SHIVALIK HOUSE, NR. AARJAV SOCIETY, NR.SATELLITE POLICESTATION, OPP.SATYAGRUH, CHHAVANI, AHMEDABAD, Gujarat",shivam international,શ વમ ઇનટરન શનલ પર લ,False,False,False,False,False,False,,Indic script vs Latin name,Cand name is in Indic script; no shared address key generated
S1-249124616,S3-9585535,source3,India,North Producer Private Limited,नॉर्थ प्रोड्यूसर प्राइवेट लिमिटेड,"H No 151 Ganpati Galli Waluj, Aurangabad, Maharashtra","MH, Aurangabad, #1-51 Ganpati Galli Waluj",north producer,न रथ पर डय सर पर इव ट ल म ट ड,False,False,False,False,False,False,,Indic script vs Latin name,Cand name is in Indic script; no shared address key generated
S1-68298109,S3-744796188,source3,US,General Electronics Partners,General-Electronics,"1681 Big Branch Road, Clyde, NC","1681-1683 Big Branch Road, Clyde, North Carolina",general electronics partners,general electronics,True,True,True,False,False,False,US|TOK|general;US|NP4|gene;US|TOK|electronics;US|NP6|genera,Truncated by max_candidates_per_query,"Shared key survived (['US|NP6|genera']), but candidate rank exceeded top-200"
S1-485677069,S2-863904537,source2,India,South Impex Private Limited,साउथ इम्पेक्स प्राइवेट लिमिटेड,"Mumbai, Maharashtra, 12 Kamor Bldg 1St Floorcanvasji Patel Street, Mumbai","A-12 KAMOR BLDG 1ST FLOORCANVASJI PATEL STREET, MUMBAI, Maharashtra",south impex,स उथ इमप कस पर इव ट ल म ट ड,False,False,False,False,False,False,,Indic script vs Latin name,Cand name is in Indic script; no shared address key generated
S1-93741603,S3-981096747,source3,US,Aguilar Diversified LLC,Aguilar Diervsmfeid LLC,"21255 Summit Drive, Sheridan, OR",,aguilar diversified,aguilar diervsmfeid,True,True,True,False,False,False,US|NP6|aguila;US|NP4|agui;US|TOK|aguilar,Truncated by max_candidates_per_query,"Shared key survived (['US|NP6|aguila']), but candidate rank exceeded top-200"
S1-521254993,S3-96785772,source3,India,Life Healthcare Private Limited,लाइफ हेल्थकेयर प्राइवेट लिमिटेड,"C/O Ketan Rajendra Mande, Dahiwad, Amalner, Amalner, Jalgaon, Maharashtra","C/o Ketan Rajendra Mande, Dahiwad, Amalner, Amalner, Jalgaon, MH",life healthcare,ल इफ ह लथक यर पर इव ट ल म ट ड,False,False,False,False,False,False,,Indic script vs Latin name,Cand name is in Indic script; no shared address key generated
S1-958383057,S3-264224599,source3,India,Agro Mahan Laboratories Company,Mahan Agro,"12, 3Rd Cross Street, Trustpuram, Madras 24 Trustpuram, Madras 24, Trustpuram, Madras 24, Chennai, Tamil Nadu","3Rd Cross Street, Trustpuram, Madras 24 Trustpuram, Madras 24, Trustpuram, 12, Chennai, Madras 24, Tamil Nadu",agro mahan laboratories,mahan agro,False,False,True,False,False,False,India|TOK|mahan;India|TOK|agro,Truncated by max_candidates_per_query,"Shared key survived (['India|TOK|mahan']), but candidate rank exceeded top-200"
S1-21691801,S3-972241629,source3,US,Liberty League,Liberty League League,"163 Rustic Street, Unit Unit 2, Rochester, NY","16 Rustic Street, # Unit 2, Rochester, New York",liberty league,liberty league league,True,True,True,False,False,False,US|TOK|liberty;US|NP6|libert;US|TOK|league;US|NP4|libe,Key pruned (Block size > 500),"All shared keys (['US|TOK|liberty', 'US|NP6|libert', 'US|TOK|league', 'US|NP4|libe']) exceeded max_block_size"
S1-498057897,S3-966125587,source3,US,Young International,Young Center,"AR, 721 Miller County 39, Fouke","721 Millre County 39, Fouke, Arkansas",young international,young center,True,False,True,False,False,False,US|NP4|youn;US|TOK|young,Key pruned (Block size > 500),"All shared keys (['US|NP4|youn', 'US|TOK|young']) exceeded max_block_size"
S1-456253258,S3-547736790,source3,India,International Projects Private Limited,इंटरनेशनल प्रोजेक्ट्स प्राइवेट लिमिटेड,"Flat No. 271, F/F Dda Pul Prahlad Pur, New Delhi, South Delhi, Delhi","#271, New Delhi, DL, South Delhi",international projects,इ टरन शनल पर ज कटस पर इव ट ल म ट ड,False,False,False,False,False,False,,Indic script vs Latin name,Cand name is in Indic script; no shared address key generated
S1-230957344,S2-58643919,source2,India,Indore Bliss,INDORE SERVICES,"Office No.516, Apollo Creation, Near Vijay Nagar Square, Sheetal Nagar, Indore, Madhya Pradesh","BLOCK G-29 OFFICE NO.516, APOLLO CREATION, NEAR VIJAY NAGAR SQUARE, SHEETAL NAGAR, INDORE, Madhya Pradesh",indore bliss,indore services,True,True,True,False,False,False,India|NP6|indore;India|NP4|indo;India|TOK|indore,Key pruned (Block size > 500),"All shared keys (['India|NP6|indore', 'India|NP4|indo', 'India|TOK|indore']) exceeded max_block_size"
S1-984233875,S3-553238033,source3,India,Good Business Limited,ગુડ બિઝનેસ લિમિટેડ,"5, Shivam Estate, Dantali Gidc, Nr. Deepkiran Foods, Kalol, Gandhi Nagar, Gujarat","5/2, Shivam Estate, Dantali Gidc, Nr. Deepkiran Foods, Gandhi Nagar, Kalol, GJ",good business,ગ ડ બ ઝન સ લ મ ટ ડ,False,False,False,False,False,False,,Indic script vs Latin name,Cand name is in Indic script; no shared address key generated
S1-576496637,S2-759236253,source2,India,Royal Industries Private Limited,रॉयल इंडस्ट्रीज प्राइवेट लिमिटेड,"Chandra Bhusan Pandey, Dharampur Bandey Via- Shahpur Patori, Samastipur, Bihar","CHANDRA BHUSAN PANDEY, DHARAMPUR BANDEY VIA- SHAHPUR PATORI, बिहार, SAMASTIPUR",royal industries,र यल इ डसटर ज पर इव ट ल म ट ड,False,False,False,False,False,False,,Indic script vs Latin name,Cand name is in Indic script; no shared address key generated
S1-351961485,S3-783457347,source3,India,White Infrastructure Pvt Ltd,White lnfrastructure Pvt Ltd.,"Office-No-207, Marathon Monte Plaza, Madan Mohan Mamumbai, Mumbai, Mumbai City, Maharashtra","Office-no-20, Marathon Monte Plaza, Madan Mohan Mamumbai, Mumbai, Bhandup, MH",white infrastructure,white lnfrastructure,True,False,True,False,False,False,India|NP4|whit;India|TOK|white,Key pruned (Block size > 500),"All shared keys (['India|NP4|whit', 'India|TOK|white']) exceeded max_block_size"
S1-511120022,S3-219444701,source3,India,Creative Constructions Private Limited,క్రియేటివ్ కన్‌స్ట్రక్షన్స్ ప్రైవేట్ లిమిటెడ్,"Telangana, Secunderabad, 6-4-36/6/9 Bholakpur, Hyderabad, C/O T Rajalingam","Hn D/597 C/o T Rajalingam, 6-4-36/6/9 Bholakpur, Secunderabad, Hyderabad, తెలంగాణ",creative constructions,కర య ట వ కన సటరకషనస పర వ ట ల మ ట డ,False,False,False,False,False,False,,Indic script vs Latin name,Cand name is in Indic script; no shared address key generated
S1-580220633,S2-410543484,source2,India,Apex Marketing Limited,ಅಪೆಕ್ಸ್ ಮಾರ್ಕೆಟಿಂಗ್ ಲಿಮಿಟೆಡ್,"No 130/1/B Hanumanthe Gowda Compound Post Immadihalli Whitefeild, Bangalore, Karnataka","NO 129/1/B HANUMANTHE GOWDA COMPOUND POST IMMADIHALLI WHITEFEILD, BANGALORE, Karnataka",apex marketing,ಅಪ ಕಸ ಮ ರಕ ಟ ಗ ಲ ಮ ಟ ಡ,False,False,False,False,False,False,,Indic script vs Latin name,Cand name is in Indic script; no shared address key generated
S1-976383283,S2-621554117,source2,India,Ram Krishna Services Private Limited,ராம் கிருஷ்ணா சர்வீசஸ் பிரைவேட் லிமிடெட்,"Flat.No.3, Banyan View, Iii Floor, New.No.39, Karpagam Garden, 1St Main Road, Adyar, Chennai, Tamil Nadu","FLAT.NO.D/3, CHENNAI, தமிழ்நாடு",ram krishna services,ர ம க ர ஷண சரவ சஸ ப ர வ ட ல ம ட ட,False,False,False,False,False,False,,Indic script vs Latin name,Cand name is in Indic script; no shared address key generated
S1-590321576,S3-483239231,source3,India,Vision Global Pvt Ltd,Dr Vision Global Pvt  Ltd,"Kota, Rajasthan, Kota, Gopal Vihar, Baran Road, 33","Door No 180 33, Gopal Vihar, Baran Road, Kota, राजस्थान",vision global,dr vision global,False,False,True,False,False,False,India|TOK|vision,Key pruned (Block size > 500),All shared keys (['India|TOK|vision']) exceeded max_block_size
S1-432931957,S2-596145832,source2,US,Internal Medicine Signature Associates L.L.C.,Internal Medicine Stcnnacure Associates (L.L.C.),"2780 Rock Creek Road, Creston, NC","CRESTON, NC, 2780-2782 ROCK CREEK ROAD",internal medicine signature associates,internal medicine stcnnacure associates,True,True,True,False,False,False,US|TOK|medicine;US|NP6|intern;US|TOK|internal;US|NP4|inte,Key pruned (Block size > 500),"All shared keys (['US|TOK|medicine', 'US|NP6|intern', 'US|TOK|internal', 'US|NP4|inte']) exceeded max_block_size"
S1-222832877,S2-404336087,source2,India,Swastik Logistics Private Limited,Swastik Logistics Páte [Limited],"House No 341 A, Sheetla Mata Road Gali No 2, Dc Bhatta Complex, Gurgaon, Haryana","#578 HOUSE NO 341 A, SHEETLA MATA ROAD GALI NO 2, DC BHATTA COMPLEX, GURGAON, Haryana",swastik logistics,swastik logistics pate,True,True,True,False,False,False,India|TOK|swastik;India|NP6|swasti;India|NP4|swas,Key pruned (Block size > 500),"All shared keys (['India|TOK|swastik', 'India|NP6|swasti', 'India|NP4|swas']) exceeded max_block_size"
S1-216137765,S2-190915441,source2,India,Gold Projects Pvt Ltd,ಗೋಲ್ಡ್ ಪ್ರಾಜೆಕ್ಟ್ಸ್ ಪ್ರೈವೇಟ್ ಲಿಮಿಟೆಡ್,"Flat No.A-1101, 11Th Floor, Advaitha Aksha Apartment A Block, Jakkasandra Grama, Bangalore South, Bangalore, Karnataka","FLAT NO.A-G-1101, 11TH FLOOR, ADVAITHA AKSHA APARTMENT A BLOCK, JAKKASANDRA GRAMA, BANGALORE, BANGALORE SOUTH, Karnataka",gold projects,ಗ ಲಡ ಪರ ಜ ಕಟಸ ಪರ ವ ಟ ಲ ಮ ಟ ಡ,False,False,False,False,False,False,,Indic script vs Latin name,Cand name is in Indic script; no shared address key generated
S1-861271386,S2-641697413,source2,US,Surgical Peak Care PC,Surgical Peak Ciaec PC,"33 Bond Street, Needham, MA",,surgical peak care pc,surgical peak ciaec pc,True,True,True,False,False,False,US|NP6|surgic;US|TOK|surgical;US|NP4|surg;US|TOK|peak,Key pruned (Block size > 500),"All shared keys (['US|NP6|surgic', 'US|TOK|surgical', 'US|NP4|surg', 'US|TOK|peak']) exceeded max_block_size"
S1-899650223,S2-7578411,source2,India,Aditya Consultancy Limited,adityaconsultancycom,"Abhay Steel House, Baroda Street, Mumbai, Masjid Bunder (East), Office No. 504, Maharashtra","OFFICE NO. 504, ABHAY STEEL HOUSE, BARODA STREET, MASJID BUNDER (EAST), Maharashtra",aditya consultancy,adityaconsultancycom,True,True,False,False,False,False,India|NP6|aditya;India|NP4|adit,Key pruned (Block size > 500),"All shared keys (['India|NP6|aditya', 'India|NP4|adit']) exceeded max_block_size"
S1-305672143,S3-959569017,source3,US,Paa Better Ellington LLC,Paa Ellington LLC Partners,"11714 Pleasant Ridge Drive, Unit Apt 401, Little Rock, AR","11714-11718 Pleasant Ridge Dr, Unit Apt 401, Little Rock, Arkansas",paa better ellington,paa ellington llc partners,False,False,True,False,False,False,US|TOK|ellington,Truncated by max_candidates_per_query,"Shared key survived (['US|TOK|ellington']), but candidate rank exceeded top-200"
S1-245544142,S2-161964275,source2,India,Sdm Software Pvt Ltd,Smt Sdm Pvt (Ltd-Center),"C/O. Manoj Sharma, Village Bichhiya, Post Tuksan, Hathras, Uttar Pradesh","C/O. MANOJ SHARMA, VILLAGE BICHHIYA, POST TUKSAN, HATHRAS, Uttar Pradesh",sdm software,smt sdm pvt ltd center,False,False,False,False,False,False,,Token variation / Substring,Sub-token present in raw candidate name but missed in core name
S1-885742978,S3-975806917,source3,India,Bright Software Pvt Ltd,Dr Bright Softare Pvt Ltd,"3/A20 Shree Leela Appt, Azad Nagar, Kanpur, Uttar Pradesh",,bright software,dr bright softare,False,False,True,False,False,False,India|TOK|bright,Key pruned (Block size > 500),All shared keys (['India|TOK|bright']) exceeded max_block_size
S1-362756764,S2-191718962,source2,India,Aditya Trading Pvt Ltd,आदित्य ट्रेडिंग प्रा. लि.,"Office No J 105 Sector 11 Railway Station, C B D Belapur, Thane, Maharashtra","OFFICE NO J 5-105 SECTOR 11 RAILWAY STATION, C B D BELAPUR, THANE, Maharashtra",aditya trading,आद तय टर ड ग पर ल,False,False,False,False,False,False,,Indic script vs Latin name,Cand name is in Indic script; no shared address key generated
S1-469630587,S2-190590198,source2,India,Future Estate Private Limited,ફ્યુચર એસ્ટેટ પ્રાઇવેટ લિમિટેડ,"Vadodara, Gujarat, 987-12, Gidc Estate, Makarpura, M.I. Estate, Vadodara","987-12, VADODARA, Gujarat",future estate,ફય ચર એસટ ટ પર ઇવ ટ લ મ ટ ડ,False,False,False,False,False,False,,Indic script vs Latin name,Cand name is in Indic script; no shared address key generated
S1-541158286,S2-360023070,source2,India,New Estate Pvt Ltd,ನ್ಯೂ ಎಸ್ಟೇಟ್ ಪ್ರೈವೇಟ್ ಲಿಮಿಟೆಡ್,"No. 1089, Karnataka, 4Th Floor, 5Th Cross, 8Th Main, Bangalore North, Bangalore","NO. 108, 4TH FLOOR, 5TH CROSS, 8TH MAIN, BANGALORE NORTH, BANGALORE, Karnataka",new estate,ನಯ ಎಸಟ ಟ ಪರ ವ ಟ ಲ ಮ ಟ ಡ,False,False,False,False,False,False,,Indic script vs Latin name,Cand name is in Indic script; no shared address key generated
S1-269808871,S2-198112303,source2,US,Back Alley Tavern,backalley.com,"4500 College Avenue, Unit 2110A, College Park, MD","450 COLLEGE AVENUE, COLLEGE PARK, MD",back alley tavern,backalley,True,True,False,False,False,False,US|NP4|back;US|NP6|backal,Key pruned (Block size > 500),"All shared keys (['US|NP4|back', 'US|NP6|backal']) exceeded max_block_size"
S1-787376995,S3-14612707,source3,US,Global Eagle PC,@globaleagle,"107 Elm Avenue, Dunbar, WV","107-109 Elm Ave, Dunbar, West Virginia",global eagle pc,globaleagle,True,True,False,False,False,False,US|NP4|glob;US|NP6|global,Key pruned (Block size > 500),"All shared keys (['US|NP4|glob', 'US|NP6|global']) exceeded max_block_size"
S1-472424906,S2-221481547,source2,US,Foot & Ankle Associates Inc,>> Foot & Ankle Associates Inc Commission,"2407 Wood Avenue, Kansas City, KS","WOOD AVENUE, KANSAS CITY, KS",foot and ankle associates,foot and ankle associates inc commission,True,True,True,False,False,False,US|TOK|ankle;US|NP4|foot;US|TOK|foot;US|NP6|footan,Key pruned (Block size > 500),"All shared keys (['US|TOK|ankle', 'US|NP4|foot', 'US|TOK|foot', 'US|NP6|footan']) exceeded max_block_size"
S1-588423785,S2-185081294,source2,US,"Pugliese, Roeder & Garcia Affiliated",Solzeta,"5210 Il 130, Olney, IL","IL, PO BOX 7069, 521 IL 130, OLNEY",pugliese roeder and garcia affiliated,solzeta,False,False,False,False,False,False,,"Address similar, Name alias/mismatch","Address shares tokens {'il', '130', 'olney'}, but names share 0 tokens"
S1-176316468,S3-699793662,source3,US,Behavioral Health Care Associates LLC,healthbehavioralcare.com,"TX, 256 Greanead Road, Forestburg","256 1/2 Greanead Rd, NULL, Forestbug, Texas",behavioral health care associates,healthbehavioralcare,False,False,False,False,False,True,US|ADDR|256_greanead,Truncated by max_candidates_per_query,"Shared key survived (['US|ADDR|256_greanead']), but candidate rank exceeded top-200"
S1-9095876,S2-572789911,source2,India,Blue Good Infra Private Limited,બ્લૂ ગુડ ઇન્ફ્રા પ્રાઇવેટ લિમિટેડ,"G-3, Shri Hari Asson, B/H Law College Ground, Ahmadabad City, Ahmedabad, Gujarat","Gujarat, AHMADABAD CITY, SHRI HARI ASSON, B/H LAW COLLEGE GROUND, AHMEDABAD, G-3.",blue good infra,બલ ગ ડ ઇનફર પર ઇવ ટ લ મ ટ ડ,False,False,False,False,False,False,,Indic script vs Latin name,Cand name is in Indic script; no shared address key generated
S1-464933567,S3-565398475,source3,India,Media Shelters Private Limited,Zetaorbi,"# 139/1, Jail Land, Ambala City, Ambala, Haryana","139, Jail Land, Ambala City, Ambala, HR",media shelters,zetaorbi,False,False,False,False,False,False,,"Address similar, Name alias/mismatch","Address shares tokens {'city', 'land', 'hr', 'ambala', 'jail'}, but names share 0 tokens"
S1-865233353,S3-291913114,source3,India,Perfect Prime Hospitality LLP,परफेक्ट प्राइम हॉस्पिटैलिटी एलएलपी,"Shanti Kunj, Bhondsi, Badshahpur, Bhondsi, Gurgaon, Haryana","Shanti Kunj, Bhondsi, Badshahpur, Bhondsi, Gurgaon, हरियाणा",perfect prime hospitality,परफ कट पर इम ह सप ट ल ट एलएलप,False,False,False,False,False,False,,Indic script vs Latin name,Cand name is in Indic script; no shared address key generated
S1-855840309,S3-447673856,source3,India,Classic Investments Private Limited,ક્લાસિક ઇન્વેસ્ટમેન્ટ્સ પ્રાઇવેટ લિમિટેડ,"Gujarat, Ellisbridge, Shitiratna, Near Panchvati Circle, 803, Ahmedabad","H.no 189 803, Shitiratna, Near Panchvati Circle, Ahmedabad, Ellisbridge, GJ",classic investments,કલ સ ક ઇનવ સટમ નટસ પર ઇવ ટ લ મ ટ ડ,False,False,False,False,False,False,,Indic script vs Latin name,Cand name is in Indic script; no shared address key generated
S1-22904457,S2-458831613,source2,US,Primary Care Medicine LLC,Primary Care Care,"5037 25th Place, Cicero, IL","5037-D 25TH PLACE, CICERO, IL",primary care medicine,primary care care,True,True,True,False,False,False,US|TOK|primary;US|TOK|care;US|NP6|primar;US|NP4|prim,Key pruned (Block size > 500),"All shared keys (['US|TOK|primary', 'US|TOK|care', 'US|NP6|primar', 'US|NP4|prim']) exceeded max_block_size"
S1-570942286,S2-297073279,source2,India,Vantage Technologies Private Limited,tpvantage.com,"No. 1994, Kalli Tota, Near Bagewadi Tota Govt. School, Gokak Taluk, Tukkanatti, Belgaum, Karnataka","H.NO 1994, KALLI TOTA, NEAR BAGEWADI TOTA GOVT. SCHOOL, GOKAK TALUK, TUKKANATTI, BELGAUM, ಕರ್ನಾಟಕ",vantage technologies,tpvantage,False,False,False,False,False,True,India|ADDR|1994_kalli,Truncated by max_candidates_per_query,"Shared key survived (['India|ADDR|1994_kalli']), but candidate rank exceeded top-200"
S1-253464227,S3-976026616,source3,US,Pine Community Peak Center,Community,"5048 Walnut Lane, Pine, AZ","5048 Walnut Lane, Pine, AZ",pine community peak center,community,False,False,True,False,False,True,US|TOK|community;US|ADDR|5048_walnut,Truncated by max_candidates_per_query,"Shared key survived (['US|ADDR|5048_walnut']), but candidate rank exceeded top-200"
S1-575231919,S2-901307968,source2,US,Prairie Regional Paceline of Dayton,PRÁIRIEREGIONALPACELINE.COM,"505 Farm To Market 2797, Dayton, TX","505-A FARM TO MARKET 2797, N/A, DAYTON, TX",prairie regional paceline of dayton,prairieregionalpaceline,True,True,False,False,False,False,US|NP6|prairi;US|NP4|prai,Key pruned (Block size > 500),"All shared keys (['US|NP6|prairi', 'US|NP4|prai']) exceeded max_block_size"
S1-405141919,S3-711334462,source3,US,Star Staffing LLC,Star LLC Center,"128 Willerine Drive, Belmont, NC",,star staffing,star llc center,True,False,True,False,False,False,US|TOK|star;US|NP4|star,Key pruned (Block size > 500),"All shared keys (['US|TOK|star', 'US|NP4|star']) exceeded max_block_size"
S1-194528638,S2-976913054,source2,India,Bombay Software Private Limited,ବମ୍ବେ ସଫ୍ଟୱେୟାର୍ ପ୍ରାଇଭେଟ୍ ଲିମିଟେଡ୍,"Khordha, Palasuni Rasulgarh, Plot No.392, Orissa, Bhubaneswar","PLOT NO.392, BHUBANESWAR, KHORDHA, Odisha",bombay software,ବମବ ସଫଟୱ ୟ ର ପର ଇଭ ଟ ଲ ମ ଟ ଡ,False,False,False,False,False,False,,"Address similar, Name alias/mismatch","Address shares tokens {'bhubaneswar', 'khordha', '392', 'plot'}, but names share 0 tokens"
S1-654078241,S2-27298391,source2,India,Southern Estate,सदर्न एस्टेट,"F-21, S/F, Lado Sarai, New Delhi, South West Delhi, Delhi","F-22, S/F, LADO SARAI, NEW DELHI, SOUTH WEST DELHI, Delhi",southern estate,सदरन एसट ट,False,False,False,False,False,False,,Indic script vs Latin name,Cand name is in Indic script; no shared address key generated
S1-861032717,S3-549678242,source3,US,J/U Earths LLC,J/U LLC Center,"11304 Templeton Drive, Cincinnati, OH",,j u earths,j u llc center,False,False,False,False,False,False,,Candidate address missing,"Cand address is missing (nan), and names share no blocking key"
S1-602338402,S2-109947876,source2,India,New Engineering Private Limited,न्यू इंजीनियरिंग प्राइवेट लिमिटेड,"6/5, Block-6 Tilak Nagar, New Delhi, Delhi","A-6/5, NEW DELHI, Delhi",new engineering,नय इ ज न यर ग पर इव ट ल म ट ड,False,False,False,False,False,False,,Indic script vs Latin name,Cand name is in Indic script; no shared address key generated
S1-732445076,S3-982545136,source3,India,Life Investments Private Limited,लाइफ इन्वेस्टमेंट्स प्राइवेट लिमिटेड,"C/O Sachidanand Sharma, 7 Hf 6/4, B H Colony Near Agamkuan Ps, Kankarbagh, Patna, Bihar","C/o Sachidanand Sharma, Patna, BR",life investments,ल इफ इनव सटम टस पर इव ट ल म ट ड,False,False,False,False,False,False,,Indic script vs Latin name,Cand name is in Indic script; no shared address key generated
S1-594053730,S3-904479673,source3,India,All Agro Private Limited,ऑल एग्रो प्राइवेट लिमिटेड,"A-55, Vasant Kunj, New Delhi, Delhi","A-0055, South West Delhi, New Delhi, DL",all agro,ऑल एगर पर इव ट ल म ट ड,False,False,False,False,False,True,India|UNIT|a55,Truncated by max_candidates_per_query,"Shared key survived (['India|UNIT|a55']), but candidate rank exceeded top-200"
S1-827434499,S3-555625495,source3,India,Eclectic Consultants,Edectic Consultants,"16, Sneh Sarita Appartment, 5, Pushp Kunj Society, Kankaria, Ahmedabad, Gujarat","Block B-688 16, Sneh Sarita Appartment, 5, Pushp Kunj Society, Kankaria, Ahmedabad, GJ",eclectic consultants,edectic consultants,False,False,True,False,False,False,India|TOK|consultants,Key pruned (Block size > 500),All shared keys (['India|TOK|consultants']) exceeded max_block_size
S1-21691801,S3-742867732,source3,US,Liberty League,Liberty Lgaeeu,"163 Rustic Street, Unit Unit 2, Rochester, NY","16 Rustic St, Unit Unit 2, Rochester, New York",liberty league,liberty lgaeeu,True,True,True,False,False,False,US|TOK|liberty;US|NP6|libert;US|NP4|libe,Key pruned (Block size > 500),"All shared keys (['US|TOK|liberty', 'US|NP6|libert', 'US|NP4|libe']) exceeded max_block_size"
S1-288982338,S2-784932553,source2,India,Renown Institute Pvt Ltd,Belodrexkelo,"501, Om Amey Chs Ltd, 5Th Floor, Opp. Odeon Swimming Pool, Ghatkopar (East), Mumbai, Maharashtra","HN 275 501, MUMBAI, GHATKOPAR (EAST), Maharashtra",renown institute,belodrexkelo,False,False,False,False,False,False,,"Address similar, Name alias/mismatch","Address shares tokens {'east', 'ghatkopar', '501', 'mh', 'mumbai'}, but names share 0 tokens"
S1-174261615,S2-195711748,source2,India,Laxmi Exports Limited,लक्ष्मी एक्सपोर्ट्स लिमिटेड,"G-21, Ghaziabad, 2Nd Floor, Durga Enterprises, Durga Industrial Park, Gt Road, Ghaziabad, Uttar Pradesh","G-C-21, 2ND FLOOR, DURGA ENTERPRISES, DURGA INDUSTRIAL PARK, GT ROAD, GHAZIABAD, Uttar Pradesh",laxmi exports,लकषम एकसप रटस ल म ट ड,False,False,False,False,False,False,,Indic script vs Latin name,Cand name is in Indic script; no shared address key generated
S1-756886721,S3-452811748,source3,India,Kriya Holdings,Fluxaria,"Orissa, Jobra, Geeta Memorial Hospitalgmhatdasasahi, Cuttack","Cuttack, Jobra, Orissa, Geeta Memorial Hospitalgmhatdasasahi",kriya holdings,fluxaria,False,False,False,False,False,False,,"Address similar, Name alias/mismatch","Address shares tokens {'memorial', 'cuttack', 'orissa', 'hospitalgmhatdasasahi', 'jobra', 'geeta'}, but names share 0 tokens"
S1-822296117,S3-873506813,source3,US,Roberts Continental Lafayette Clinic,Roberts Continenta1 Lafayette Lafayette Clinic Corp,"25 Yellowstone Trail, Livingston, MT","25-27 Yellowstone Trail, Montana, Livingston",roberts continental lafayette clinic,roberts continenta1 lafayette lafayette clinic,True,True,True,False,False,False,US|NP6|robert;US|TOK|clinic;US|TOK|roberts;US|NP4|robe;US|TOK|lafayette,Truncated by max_candidates_per_query,"Shared key survived (['US|TOK|lafayette']), but candidate rank exceeded top-200"
S1-942252068,S3-730397995,source3,US,Polaris LLC,Polaris LLC  Service Enterprises,"14637 Labrador Avenue, Fontana, CA",,polaris,polaris llc service enterprises,True,True,True,False,False,False,US|NP4|pola;US|NP6|polari;US|TOK|polaris,Truncated by max_candidates_per_query,"Shared key survived (['US|NP4|pola', 'US|NP6|polari', 'US|TOK|polaris']), but candidate rank exceeded top-200"
S1-671649103,S2-644884437,source2,US,Regional Association,Regi0nal Ássociation Ássociation,"4265 66, Cannelton, IN","66, CANNLETON, IN",regional association,regional association association,True,True,True,False,False,False,US|NP6|region;US|NP4|regi;US|TOK|association;US|TOK|regional,Key pruned (Block size > 500),"All shared keys (['US|NP6|region', 'US|NP4|regi', 'US|TOK|association', 'US|TOK|regional']) exceeded max_block_size"
S1-559322374,S3-860372427,source3,US,Pacific Creative Beyond LLC,LLC Pacific Crebative Beyond,"5845 Boston Lane, Kingston, WA","Boston Ln, Kingston, Washington",pacific creative beyond,pacific crebative beyond,True,True,True,False,False,False,US|NP6|pacifi;US|TOK|beyond;US|NP4|paci;US|TOK|pacific,Truncated by max_candidates_per_query,"Shared key survived (['US|TOK|beyond']), but candidate rank exceeded top-200"
S1-30544668,S2-536915243,source2,India,Sbr Interactive (India) Private Limited,Private 5br Interactie (India) Limited,"Plot No. 63, Lakadganj Precient, Central Avenue, Nagpur, Maharashtra","NAGPUR, PLOT NO. 63, Maharashtra",sbr interactive india,5br interactie india,False,False,True,False,False,False,India|TOK|india,Key pruned (Block size > 500),All shared keys (['India|TOK|india']) exceeded max_block_size
S1-321959386,S3-170105031,source3,India,Hitech Systems Private Limited,Hitech Limited Private Systems,"No. 309, Vishnu Apartment, Birla Gate, Gooty Road, Sri Krishnanagar, Kurnool, Andhra Pradesh","No. 30, Vishnu Apartment, Birla Gate, Gooty Road, Sri Krishnanagar, Kurnool, AP",hitech systems,hitech ltd private systems,True,True,True,False,False,False,India|NP4|hite;India|NP6|hitech;India|TOK|hitech,Key pruned (Block size > 500),"All shared keys (['India|NP4|hite', 'India|NP6|hitech', 'India|TOK|hitech']) exceeded max_block_size"
S1-99545264,S3-758264499,source3,India,Digital Infra Limited,ಡಿಜಿಟಲ್ ಇನ್‌ಫ್ರಾ ಲಿಮಿಟೆಡ್,"No 3/A, 3Rd Cross, Adityanagar, 1St Stg, Chick Beettahalli, Vidyaranyapura, Bangalore, Karnataka","No 4/A, Bangalore, KA",digital infra,ಡ ಜ ಟಲ ಇನ ಫರ ಲ ಮ ಟ ಡ,False,False,False,False,False,False,,Indic script vs Latin name,Cand name is in Indic script; no shared address key generated
S1-606315174,S2-517372451,source2,India,North Trading Private Limited,நார்த் டிரேடிங் பிரைவேட் லிமிடெட்,"No.20/2, Angammal Colony, Salem, Tamil Nadu","NO.D/20/2, ANGAMMAL COLONY, SALEM, Tamil Nadu",north trading,ந ரத ட ர ட ங ப ர வ ட ல ம ட ட,False,False,False,False,False,False,,Indic script vs Latin name,Cand name is in Indic script; no shared address key generated
S1-296992009,S2-611570114,source2,US,Precision Analytics Partners,PRECISION PARTNERS-SERVICE,"11436 Pennys Way, Oregon City, OR","PENNYS WAY, OREGON CIITY, OR",precision analytics partners,precision partners service,True,True,True,False,False,False,US|NP4|prec;US|NP6|precis;US|TOK|precision;US|TOK|partners,Key pruned (Block size > 500),"All shared keys (['US|NP4|prec', 'US|NP6|precis', 'US|TOK|precision', 'US|TOK|partners']) exceeded max_block_size"
S1-409250569,S3-16302819,source3,US,Reliable Robotics Alliance,Reliable Rbtescs Alliance,"TX, Harlingen, 2001 Lozano Avenue","2001- Lozano Avenue, Harlingen, Texas",reliable robotics alliance,reliable rbtescs alliance,True,True,True,False,False,False,US|TOK|reliable;US|NP4|reli;US|TOK|alliance;US|NP6|reliab,Key pruned (Block size > 500),"All shared keys (['US|TOK|reliable', 'US|NP4|reli', 'US|TOK|alliance', 'US|NP6|reliab']) exceeded max_block_size"
S1-630488273,S2-429732333,source2,US,Physical Therapy Partners LLC,@physicaltherapy,"15453 224th Avenue, Town Of Cleveland, WI","15453 224RD AVENUE, BLOOMER, WI",physical therapy partners,physicaltherapy,True,True,False,False,False,False,US|NP6|physic;US|NP4|phys,Key pruned (Block size > 500),"All shared keys (['US|NP6|physic', 'US|NP4|phys']) exceeded max_block_size"
S1-697302545,S2-597136350,source2,US,Cardiology Pinnacle Clinic,CARDIOLOGY PINNACLE CLINIC CLINIC CORPORATION,"7208 Garland Avenue, Takoma Park, MD","208 GARLAND AVENUE, TAKOMA PARK, MD",cardiology pinnacle clinic,cardiology pinnacle clinic clinic,True,True,True,False,False,False,US|NP6|cardio;US|TOK|clinic;US|TOK|cardiology;US|NP4|card;US|TOK|pinnacle,Key pruned (Block size > 500),"All shared keys (['US|NP6|cardio', 'US|TOK|clinic', 'US|TOK|cardiology', 'US|NP4|card', 'US|TOK|pinnacle']) exceeded max_block_size"
S1-244643323,S2-104793636,source2,India,Good Life Services Pvt Ltd,गुड लाइफ सर्विसेज प्रा. लि.,"Plot No. 100-101, Sector-35, Hsiidc Udyog Vihar, Phase-Vii, Sadar Bazar, Gurgaon, Haryana","DOOR NO 100-101/6, GURGAON, SADAR BAZAR, Haryana",good life services,ग ड ल इफ सरव स ज पर ल,False,False,False,False,False,False,,Indic script vs Latin name,Cand name is in Indic script; no shared address key generated
S1-375464245,S3-836220787,source3,US,Upper Signature Tpg LLC,Upper 5ignature LLC Tpg,"700 Ali Lane, Victoria, MN","900 Ali Ln, Victoria, Minnesota",upper signature tpg,upper 5ignature llc tpg,True,False,True,False,False,False,US|TOK|upper;US|NP4|uppe,Key pruned (Block size > 500),"All shared keys (['US|TOK|upper', 'US|NP4|uppe']) exceeded max_block_size"
S1-906428444,S2-321816304,source2,US,Oncology Medicine Inc,ONCOLOGY MEDICINE INC AUTHORITY,"711 9th Street, Etowah, TN","11 9TH STREET, ETOWAH, TN",oncology medicine,oncology medicine inc authority,True,True,True,False,False,False,US|TOK|medicine;US|TOK|oncology;US|NP6|oncolo;US|NP4|onco,Key pruned (Block size > 500),"All shared keys (['US|TOK|medicine', 'US|TOK|oncology', 'US|NP6|oncolo', 'US|NP4|onco']) exceeded max_block_size"
S1-832587885,S3-719224844,source3,India,Infrastructure (India) Developers Limited,Dr Infrastructure Infrastructure (India) Developers [Ltd],"111/Sitaram Nagar, Road No.6 Eru Char Rasta, Ta-Jalalpor, Navsari, Gujarat","#11/Sitaram Nagar, Navsari, GJ",infrastructure india developers,dr infrastructure infrastructure india developers,False,False,True,False,False,False,India|TOK|india;India|TOK|infrastructure;India|TOK|developers,Key pruned (Block size > 500),"All shared keys (['India|TOK|india', 'India|TOK|infrastructure', 'India|TOK|developers']) exceeded max_block_size"
S1-99952228,S3-719822502,source3,India,New Consultants Private Limited,New New Consultants Piltvate Limited,"1051 Main Sita Ram Bazar, New Delhi, Delhi","No 1051 Main Sita Ram Bazar, New Delhi, DL",new consultants,new new consultants piltvate,False,False,True,False,False,True,India|ADDR|1051_main;India|TOK|consultants,Truncated by max_candidates_per_query,"Shared key survived (['India|ADDR|1051_main']), but candidate rank exceeded top-200"
S1-861271386,S2-631842884,source2,US,Surgical Peak Care PC,SURGICAL PEAK,"33 Bond Street, Needham, MA",,surgical peak care pc,surgical peak,True,True,True,False,False,False,US|NP6|surgic;US|TOK|surgical;US|NP4|surg;US|TOK|peak,Key pruned (Block size > 500),"All shared keys (['US|NP6|surgic', 'US|TOK|surgical', 'US|NP4|surg', 'US|TOK|peak']) exceeded max_block_size"
S1-951159035,S2-417819840,source2,India,Sai Construction,సాయి కన్‌స్ట్రక్షన్,"5Th Floor, Bbr Avenue, Plot No 38, C Block 7/3, Brindavanamu Colony, Kokapet, Rajendranagar, K.V.Rangareddy, Telangana","NO G-5TH FLOOR, RAJENDRANAGAR, K.V.RANGAREDDY, Telangana",sai construction,స య కన సటరకషన,False,False,False,False,False,False,,Indic script vs Latin name,Cand name is in Indic script; no shared address key generated
S1-331538406,S3-132376439,source3,India,Southern Properties Private Limited,सदर्न प्रॉपर्टीज प्राइवेट लिमिटेड,"Pune, S. No. 14, Glitterati Bldg., C 1103, Nr. Midori Tower, Maharashtra","###544 S. No. 14, Glitterati Bldg., C 1103, Nr. Midori Tower, Pune, महाराष्ट्र",southern properties,सदरन पर परट ज पर इव ट ल म ट ड,False,False,False,False,False,False,,Indic script vs Latin name,Cand name is in Indic script; no shared address key generated
S1-502736054,S3-537652714,source3,India,First Seven Exports Pvt Ltd,फर्स्ट सेवन एक्सपोर्ट्स प्रा. लि.,"Maharashtra, At Shahagad Tq. Ambad, Jalna","At Shahagad Tq. Ambad, Jalna, MH",first seven exports,फरसट स वन एकसप रटस पर ल,False,False,False,False,False,False,,Indic script vs Latin name,Cand name is in Indic script; no shared address key generated
S1-490372842,S2-774512583,source2,US,Physical Therapy Group,Physical  Therapy,"510 Mettabrook Drive, Swanton, OH",,physical therapy group,physical therapy,True,True,True,True,False,False,US|TOK|physical;US|TOK|therapy;US|NSORT|physical_therapy;US|NP4|phys;US|NP6|physic,Key pruned (Block size > 500),"All shared keys (['US|TOK|physical', 'US|TOK|therapy', 'US|NSORT|physical_therapy', 'US|NP4|phys', 'US|NP6|physic']) exceeded max_block_size"
S1-606034416,S2-121122975,source2,US,Highland Charter School,Highland Charter Center,"Cherokee Village, 25 Mohave, AR","25 MHOAVE, CHEROEE VILLAGE, AR",highland charter school,highland charter center,True,True,True,False,False,False,US|TOK|charter;US|TOK|highland;US|NP4|high;US|NP6|highla,Key pruned (Block size > 500),"All shared keys (['US|TOK|charter', 'US|TOK|highland', 'US|NP4|high', 'US|NP6|highla']) exceeded max_block_size"
S1-302592333,S2-783696437,source2,US,Thomas Golden Innovations LLC,Thomas Golden,"8505 Hurst Drive, Raleigh, NC","NC, RALEIGH, HURST DRIVE",thomas golden innovations,thomas golden,True,True,True,False,False,False,US|NP6|thomas;US|NP4|thom;US|TOK|thomas;US|TOK|golden,Key pruned (Block size > 500),"All shared keys (['US|NP6|thomas', 'US|NP4|thom', 'US|TOK|thomas', 'US|TOK|golden']) exceeded max_block_size"
S1-328844051,S2-602059625,source2,India,Jay Tech Private Limited,जय टेक प्राइवेट लिमिटेड,"Kh No- 18/6 1St Floor Street No 9, Blk-A 1, Amrit Vihar, Delhi, North Delhi, Delhi","KH NO- C-18/6 1ST FLOOR STREET NO 9, BLK-A 1, AMRIT VIHAR, DELHI, NORTH DELHI, दिल्ली",jay tech,जय ट क पर इव ट ल म ट ड,False,False,False,False,False,False,,Indic script vs Latin name,Cand name is in Indic script; no shared address key generated
S1-68263380,S3-2863887,source3,India,Solutions Engineering (in,Solutions,"Karnataka, Bangalore, No.23, Bangalore, 1St Floor, 12Th Main, Jayanagar, 4Th Block","No.23, 1St Floor, 12Th Main, Jayanagar, 4Th Block, Bangalore, Karnataka",solutions engineering in,solutions,True,True,False,False,False,False,India|NP4|solu;India|NP6|soluti,Key pruned (Block size > 500),"All shared keys (['India|NP4|solu', 'India|NP6|soluti']) exceeded max_block_size"
S1-822780661,S2-486433708,source2,US,Rev It Up Nails,revitup.com,"110 S A Street, Gas City, IN","110 SOUTH A ST, GAS CITY, IN",rev it up nails,revitup,True,True,False,False,False,False,US|NP4|revi;US|NP6|revitu,Key pruned (Block size > 500),"All shared keys (['US|NP4|revi', 'US|NP6|revitu']) exceeded max_block_size"
S1-667439846,S3-355463754,source3,India,Jain Consultancy Private Limited,जैन कंसल्टेंसी प्राइवेट लिमिटेड,"3-A, Agrawal Nagar, Indore, Madhya Pradesh","मध्य प्रदेश, 3-A, Indore",jain consultancy,ज न क सलट स पर इव ट ल म ट ड,False,False,False,False,False,False,,Indic script vs Latin name,Cand name is in Indic script; no shared address key generated
S1-833492633,S3-163537924,source3,US,Oncology First Partners LLC,Oncology First Enterprises,"31930 Wildwood Park Lane, Conroe, TX",,oncology first partners,oncology first enterprises,True,True,True,False,False,False,US|TOK|oncology;US|NP4|onco;US|NP6|oncolo;US|TOK|first,Key pruned (Block size > 500),"All shared keys (['US|TOK|oncology', 'US|NP4|onco', 'US|NP6|oncolo', 'US|TOK|first']) exceeded max_block_size"
S1-472424906,S3-869369045,source3,US,Foot & Ankle Associates Inc,Footanklecom,"2407 Wood Avenue, Kansas City, KS","2407 Wrod Ave, Kansas City, Kansas",foot and ankle associates,footanklecom,True,True,False,False,False,False,US|NP4|foot;US|NP6|footan,Key pruned (Block size > 500),"All shared keys (['US|NP4|foot', 'US|NP6|footan']) exceeded max_block_size"
S1-91303667,S2-574397147,source2,India,Legend Valley Associates,Smt alvalley.com,"No. 3/431, Chennai, Tamil Nadu, Chennai, Ganga Nagar, Madipakkam","NO. /431, GANGA NAGAR, MADIPAKKAM, MADRAS, CHENNAI, Tamil Nadu",legend valley associates,smt alvalley,False,False,False,False,False,False,,"Address similar, Name alias/mismatch","Address shares tokens {'nagar', 'chennai', 'madipakkam', 'ganga'}, but names share 0 tokens"
S1-946885324,S2-301515756,source2,India,Travel & Co,Shri Triel & Co,"Flat 207, Rudra Santushti, Maqbool Alam Road, Chauka, Varanasi, Uttar Pradesh","FLAT 8-207, VARANASI, Uttar Pradesh",travel and,shri triel and,False,False,False,False,False,False,,Severe name & address variation,Both name and address have extensive structural differences
S1-426267364,S2-380593256,source2,India,Prime Projects Private Limited,பிரைம் புராஜெக்ட்ஸ் பிரைவேட் லிமிடெட்,"S/O M Vasanthan, No.10 West Karikalan Street, Adambakkam, Chennai, Tamil Nadu","S/O M VASANTHAN, KANCHEEPURAM, தமிழ்நாடு",prime projects,ப ர ம ப ர ஜ கடஸ ப ர வ ட ல ம ட ட,False,False,False,False,False,False,,Indic script vs Latin name,Cand name is in Indic script; no shared address key generated
S1-554453312,S2-614550614,source2,India,Flyjoy Trust,ftrust.com,"Plot No-224, At-Sijua, Kalinga Nagar, Bhubaneswar, Khordha, Orissa","Odisha, NO 131 PLOT NO-224, AIIMS CAMPUS BRANCH  SIJUA, KHORDHA",flyjoy trust,ftrust,False,False,False,False,False,False,,"Address similar, Name alias/mismatch","Address shares tokens {'-224', 'khordha', 'plot'}, but names share 0 tokens"
S1-911466358,S2-293737127,source2,India,Balaji Finance Pvt Ltd,Pvt Balaji Fifnce Ltd,"First Floor, V/4, Valar Nagar, Melur, Madurai, Tamil Nadu","FIRST FLOOR, MADURAI, MELUR, தமிழ்நாடு",balaji finance,balaji fifnce,True,True,True,False,False,False,India|NP4|bala;India|TOK|balaji;India|NP6|balaji,Key pruned (Block size > 500),"All shared keys (['India|NP4|bala', 'India|TOK|balaji', 'India|NP6|balaji']) exceeded max_block_size"
S1-946885324,S3-219791093,source3,India,Travel & Co,Haloverawex,"Flat 207, Rudra Santushti, Maqbool Alam Road, Chauka, Varanasi, Uttar Pradesh","Flat 207, Rudra Santushti, Maqbool Alam Road, Chauka, Varanasi, उत्तर प्रदेश",travel and,haloverawex,False,False,False,False,False,True,India|ADDR|207_rudra,Truncated by max_candidates_per_query,"Shared key survived (['India|ADDR|207_rudra']), but candidate rank exceeded top-200"
S1-952244178,S2-914560498,source2,India,Real Technology Private Limited,रियल टेक्नोलॉजी प्राइवेट लिमिटेड,"Opp Radhaswami Satsang Hall, Follower Lane Chowk, Kalyan Ambernath Ro, Ad, Maharashtra, C/O Royal Marbles, Ulhasnagar, Thane","THANE, OPP RADHASWAMI SATSANG HALL, FOLLOWER LANE CHOWK, KALYAN AMBERNATH RO, AD, C/O ROYAL MARBLES, ULHASNAGAR, Maharashtra",real technology,र यल ट कन ल ज पर इव ट ल म ट ड,False,False,False,False,False,False,,Indic script vs Latin name,Cand name is in Indic script; no shared address key generated
S1-221292843,S3-992425258,source3,India,International Builders Private Limited,इंटरनेशनल बिल्डर्स प्राइवेट लिमिटेड,"A-203, Vikas Tower, Pvr Complex, Vikas Puri, New Delhi, Delhi","A-a-203, Vikas Puri, New Delhi, DL",international builders,इ टरन शनल ब लडरस पर इव ट ल म ट ड,False,False,False,False,False,False,,Indic script vs Latin name,Cand name is in Indic script; no shared address key generated
S1-632256194,S3-528266727,source3,US,Cardiology Group Partners,Cardiology Group Trading,"2110 Courtside Lane, Unit 208, Charlotte, NC",,cardiology group partners,cardiology group trading,True,True,True,False,False,False,US|NP6|cardio;US|NP4|card;US|TOK|cardiology,Key pruned (Block size > 500),"All shared keys (['US|NP6|cardio', 'US|NP4|card', 'US|TOK|cardiology']) exceeded max_block_size"
S1-661098344,S3-618252646,source3,India,Aditya Infra Limited,আদিত্য ইনফ্রা লিমিটেড,"3Rd Floor, Room No - 6, Jugal Asha Apartment, Charakdanga, Barasat, Kolkata, Kolkata, Howrah, West Bengal","H.no 3Rd Floor, Kolkata, WB",aditya infra,আদ তয ইনফর ল ম ট ড,False,False,False,False,False,False,,Indic script vs Latin name,Cand name is in Indic script; no shared address key generated
S1-973304639,S2-178208297,source2,India,Good Finance,गुड फाइनेंस,"D-5, Gno 1, Khn 415, Sanjay Mohlla Bhajanpura, Near Saraswati School, Delhi, North East, Delhi","D-5, DELHI, NORTH EAST, Delhi",good finance,ग ड फ इन स,False,False,False,False,False,False,,Indic script vs Latin name,Cand name is in Indic script; no shared address key generated
S1-686327056,S2-461187760,source2,India,Unique Consultants Private Limited,యూనిక్ కన్సల్టెంట్స్ ప్రైవేట్ లిమిటెడ్,"Telangana, 361, Hyderabad, Road No.8, Vivekananda Nagar, Kukatpally, Hyderabad","HYDERABAD, తెలంగాణ, ROAD NO.8, VIVEKANANDA NAGAR, KUKATPALLY, 0361",unique consultants,య న క కనసలట టస పర వ ట ల మ ట డ,False,False,False,False,False,False,,Indic script vs Latin name,Cand name is in Indic script; no shared address key generated
S1-727766400,S3-52952785,source3,India,Energy Dalal Agro LLP,Energy Dlol Agro LLP,"P.No 9 Blk A F/F, Park A-10 Surya Nagar, Ghaziabad, Uttar Pradesh","Ghaziabad, P.no 9/2 Blk A F/f, Park A-10 Surya Nagar, उत्तर प्रदेश",energy dalal agro,energy dlol agro,True,True,True,False,False,True,India|TOK|agro;India|UNIT|a10;India|NP6|energy;India|TOK|energy;India|NP4|ener,Truncated by max_candidates_per_query,"Shared key survived (['India|UNIT|a10']), but candidate rank exceeded top-200"
S1-737250181,S2-304461331,source2,India,Shakti Tech,शक्ति टेक,"C/O Subhadra Mishra, Flat No.212, D-2, Vaishali, Building, Surendra Palace, Bhopal, Madhya Pradesh","C/O SUBHADRA MISHRA, BHOPAL, Madhya Pradesh",shakti tech,शकत ट क,False,False,False,False,False,False,,Indic script vs Latin name,Cand name is in Indic script; no shared address key generated
S1-825671680,S3-647956963,source3,India,Hari Indian Enterprises Private Limited,Hari Idgln Enterprises Private Limited,"206, 2Nd Floor, Shreekant Chambers, Sion Trombay Road, Chembur, Mumbai, Mumbai City, Maharashtra","Mumbai City, 205, Mumbai, MH, 2Nd Floor, Shreekant Chambers, Sion Trombay Road, Chembur",hari indian enterprises,hari idgln enterprises,True,False,True,False,False,False,India|NP4|hari;India|TOK|hari,Key pruned (Block size > 500),"All shared keys (['India|NP4|hari', 'India|TOK|hari']) exceeded max_block_size"
S1-682013149,S2-517663349,source2,India,Seven Properties Limited,सेवन प्रॉपर्टीज लिमिटेड,"103 Brindawan Chs Ltd Powai Adi Shakaracharya Marg Opp Iit Main Gate, Mumbai, Mumbai City, Maharashtra","103- BRINDAWAN CHS LTD POWAI ADI SHAKARACHARYA MARG OPP IIT MAIN GATE, TINSUKIA, MUMBAI CITY, Maharashtra",seven properties,स वन पर परट ज ल म ट ड,False,False,False,False,False,False,,Indic script vs Latin name,Cand name is in Indic script; no shared address key generated
S1-941937998,S2-717195461,source2,India,Dynamic Business Private Limited,डायनामिक बिजनेस प्राइवेट लिमिटेड,"Delhi, East Delhi, 1St/ Flr, Bhagwati Business Centre School Blk. Shakarpur, 122","122, 1ST/ FLR, BHAGWATI BUSINESS CENTRE SCHOOL BLK. SHAKARPUR, DELHI, EAST DELHI, Delhi",dynamic business,ड यन म क ब जन स पर इव ट ल म ट ड,False,False,False,False,False,False,,Indic script vs Latin name,Cand name is in Indic script; no shared address key generated
S1-372172873,S3-966325464,source3,US,Meridian Artificial LLC,Meridian LLC Service,"62 Double Springs Road, Fayetteville, AR","62 Double Springs Road, Fayetteville, Arkansas",meridian artificial,meridian llc service,True,True,True,False,False,True,US|ADDR|62_double;US|NP4|meri;US|TOK|meridian;US|NP6|meridi,Truncated by max_candidates_per_query,"Shared key survived (['US|ADDR|62_double']), but candidate rank exceeded top-200"
S1-558402641,S3-190885301,source3,India,Jay East Logistics Private Limited,जय ईस्ट लॉजिस्टिक्स प्राइवेट लिमिटेड,"1-2, Ratan Shikha Building, Near Gokhale Park, Janta Colony, Jaipur, Rajasthan","B3/1-2, Ratan Shikha Building, Near Gokhale Park, Jaipur, Janta Colony, RJ",jay east logistics,जय ईसट ल ज सट कस पर इव ट ल म ट ड,False,False,False,False,False,False,,Indic script vs Latin name,Cand name is in Indic script; no shared address key generated
S1-502145428,S3-426683603,source3,US,YD Ramaco LLP,Avidrex,"1450 Germann Road, Unit 3126, Chandler, AZ","Germann Rd, Chandler, Arizona",yd ramaco,avidrex,False,False,False,False,False,False,,"Address similar, Name alias/mismatch","Address shares tokens {'chandler', 'az', 'germann'}, but names share 0 tokens"
S1-336017308,S3-404910812,source3,India,Blue Construction,બ્લૂ કન્સ્ટ્રક્શન,"Plot No: 914-915, Near Krushi Crop, At- Kerala, Gidc Ta: Bavala, Village: Ke, Rala, Ahmedabad, Gujarat","Door No 708 Plot No: 914-915, Near Krushi Crop, At- Kerala, Gidc Ta: Bavala, Village: Ke, Rala, Ahmedabad, ગુજરાત",blue construction,બલ કનસટરકશન,False,False,False,False,False,False,,Indic script vs Latin name,Cand name is in Indic script; no shared address key generated
S1-387650052,S3-824921372,source3,US,Bison Inc,Arcdova D.B.A. Bison Inc,"363 4351, Gilmer, TX","363 4351, Gilmer, TX",bison,arcdova d b a bison,False,False,True,False,False,True,US|ADDR|363_4351;US|TOK|bison,Truncated by max_candidates_per_query,"Shared key survived (['US|ADDR|363_4351', 'US|TOK|bison']), but candidate rank exceeded top-200"
S1-64263582,S2-152626112,source2,India,North Pioneer Finance Private Limited,नॉर्थ पायोनियर फाइनेंस प्राइवेट लिमिटेड,"C/O Ramesh Chand Vishwakarma Kakaharawa, Sadar, Mirzapur, Uttar Pradesh","C/O RAMESH CHAND VISHWAKARMA KAKAHARAWA, SADAR, MIRZAPUR, Uttar Pradesh",north pioneer finance,न रथ प य न यर फ इन स पर इव ट ल म ट ड,False,False,False,False,False,False,,Indic script vs Latin name,Cand name is in Indic script; no shared address key generated
S1-776453630,S2-116320083,source2,US,Anny Adams Bridge,Wexlyra,"WA, College Place, 108 Mountain View Drive","116 MOUNTAIN VIEW DRIVE, COLLEGE PLACE, WA",anny adams bridge,wexlyra,False,False,False,False,False,False,,"Address similar, Name alias/mismatch","Address shares tokens {'mountain', 'wa', 'pl', 'view', 'college'}, but names share 0 tokens"
S1-378731227,S2-290115439,source2,US,Classic Metro Property LLC,Classic Property LLC (Services),"5232 Tod Avenue, Unit 5D, Lordstown, OH","232 TOD AVE, WARREN CITY, OH",classic metro property,classic property llc services,True,True,True,False,False,False,US|NP6|classi;US|NP4|clas;US|TOK|classic;US|TOK|property,Key pruned (Block size > 500),"All shared keys (['US|NP6|classi', 'US|NP4|clas', 'US|TOK|classic', 'US|TOK|property']) exceeded max_block_size"
S1-256413943,S3-639668113,source3,US,Prince William County Human Rights Capital Guild Inc,Williamcounty.Com,"1100 Hilda Barg Way, Unit UNIT 644, Prince William County, VA","1100 Hilda Barg Way, Prince William County, Virginia",prince william county human rights capital guild,williamcounty,False,False,False,False,False,True,US|ADDR|1100_hilda,Truncated by max_candidates_per_query,"Shared key survived (['US|ADDR|1100_hilda']), but candidate rank exceeded top-200"
S1-852122558,S2-836861185,source2,India,Prime Good Healthcare Private Limited,ప్రైమ్ గుడ్ హెల్త్‌కేర్ ప్రైవేట్ లిమిటెడ్,"1St Floor Block B Road 14, Telangana, Hyderabad, Khairatabad, Sai Raghavendra Icon","NO 1ST FLOOR BLOCK B ROAD 14, SAI RAGHAVENDRA ICON, KHAIRATABAD, HYDERABAD, Telangana",prime good healthcare,పర మ గ డ హ లత క ర పర వ ట ల మ ట డ,False,False,False,False,False,False,,Indic script vs Latin name,Cand name is in Indic script; no shared address key generated
S1-422217931,S2-704489936,source2,India,Surya Golden Enterprises Private Limited,सूर्य गोल्डन एंटरप्राइजेज प्राइवेट लिमिटेड,"B 251 Grand Paradikemps Corner, Mumbai, Maharashtra","BOMBAY, B D/251 GRAND PARADIKEMPS CORNER, MUMBAI, Maharashtra",surya golden enterprises,स रय ग लडन ए टरपर इज ज पर इव ट ल म ट ड,False,False,False,False,False,False,,Indic script vs Latin name,Cand name is in Indic script; no shared address key generated
S1-992971862,S3-276975750,source3,India,Construction Advisors,Sri Construction Advisors Company,"303, Near Bheronji Mandir, Namak Katra, Bharatpur, Rajasthan","Door No 595 303, Near Bheronji Mandir, Namak Katra, Bharatpur, राजस्थान",construction advisors,sri construction advisors,False,False,True,False,False,False,India|TOK|construction;India|TOK|advisors,Key pruned (Block size > 500),"All shared keys (['India|TOK|construction', 'India|TOK|advisors']) exceeded max_block_size"
S1-216137765,S3-818304481,source3,India,Gold Projects Pvt Ltd,ಗೋಲ್ಡ್ ಪ್ರಾಜೆಕ್ಟ್ಸ್ ಪ್ರೈವೇಟ್ ಲಿಮಿಟೆಡ್,"Flat No.A-1101, 11Th Floor, Advaitha Aksha Apartment A Block, Jakkasandra Grama, Bangalore South, Bangalore, Karnataka","Fat No.a-101, 11Th Floor, Advaitha Aksha Apartment A Block, Jakkasandra Grama, Bangalore, Bangalore South, KA",gold projects,ಗ ಲಡ ಪರ ಜ ಕಟಸ ಪರ ವ ಟ ಲ ಮ ಟ ಡ,False,False,False,False,False,False,,Indic script vs Latin name,Cand name is in Indic script; no shared address key generated
S1-469262153,S3-698722912,source3,India,Mrg Advertising Pvt Ltd,Mrg Pvt Ltd Services,"Bldg No 01, Thane, Maharashtra, 204 C Wing, Sorbhi Complex, Bldg No 1 And 4, Chs Ltd, Mira Bhayandar Road, Opp Silver Park, S No 462, H No 02","MH, Bdlg No 01, Thane",mrg advertising,mrg pvt ltd services,False,False,False,False,False,True,India|ADDR|1_thane,Truncated by max_candidates_per_query,"Shared key survived (['India|ADDR|1_thane']), but candidate rank exceeded top-200"
S1-812361268,S2-142550479,source2,US,Womens Health Pioneer Specialists Inc,*** WOMENS HEALTH PIONEER SIPECETLITSS INC,"9509 Adrian Avenue, MO, Kansas City","9509B ADRIAN AVE, KANSAS CITY, MO",womens health pioneer specialists,womens health pioneer sipecetlitss,True,True,True,False,False,False,US|TOK|pioneer;US|TOK|womens;US|TOK|health;US|NP4|wome;US|NP6|womens,Key pruned (Block size > 500),"All shared keys (['US|TOK|pioneer', 'US|TOK|womens', 'US|TOK|health', 'US|NP4|wome', 'US|NP6|womens']) exceeded max_block_size"
S1-546695531,S2-771746663,source2,India,Mumbai Kala Ltd,MUMBAI KE [LTD],"1203, Kashmri Heights Majaswadi, Near Saraswat Bank, Jogeshwar, I East, Mumbai, Mumbai City, Maharashtra","Maharashtra, 203, KASHMRI HEIGHTS MAJASWADI, NEAR SARASWAT BANK, JOGESHWAR, I EAST, MUMBAI",mumbai kala,mumbai ke,True,True,True,False,False,False,India|NP4|mumb;India|TOK|mumbai;India|NP6|mumbai,Key pruned (Block size > 500),"All shared keys (['India|NP4|mumb', 'India|TOK|mumbai', 'India|NP6|mumbai']) exceeded max_block_size"
S1-991226123,S2-277874678,source2,India,One Infra Private Limited,વન ઇન્ફ્રા પ્રાઇવેટ લિમિટેડ,"B-803, Safal Solitaire Corporate Park Nr Divya Bhaskar Press S G Highway Makarba, Ahmedabad, Gujarat","Gujarat, AHMEDABAD, B-8-03, SAFAL SOLITAIRE CORPORATE PARK NR DIVYA BHASKAR PRESS S G HIGHWAY MAKARBA, AHMEDABAD HQ REGION",one infra,વન ઇનફર પર ઇવ ટ લ મ ટ ડ,False,False,False,False,False,False,,Indic script vs Latin name,Cand name is in Indic script; no shared address key generated
S1-798155629,S2-55612482,source2,US,"Verrify Packaging, LLC",Nexdrex,"5488 Expressway Drive, Brookhaven, NY","5488 EXPRESSWAY DR, HOLTSVILLE, NY",verrify packaging,nexdrex,False,False,False,False,False,False,,"Address similar, Name alias/mismatch","Address shares tokens {'5488', 'ny', 'expy'}, but names share 0 tokens"
S1-88960091,S2-327947440,source2,India,New & Co,Shri New & & Co,"Daya House, Tirora, Khairlanji Road, Tirora, Gondia, Maharashtra, Gondia, Maharashtra","DAYA HOUSE, KHAIRLANJI ROAD, TIRORA, GONDIA, MAHARASHTRA, TIRORA, महाराष्ट्र",new and,shri new and and,False,False,False,False,False,False,,Token variation / Substring,Sub-token present in raw candidate name but missed in core name
S1-625874531,S2-769217657,source2,India,Southern Infotech Limited,सदर्न इंफोटेक लिमिटेड,"I 34, Basement Jangpura Extension, New Delhi, Delhi","I 34, CENTRAL DELHI, NEW DELHI, Delhi",southern infotech,सदरन इ फ ट क ल म ट ड,False,False,False,False,False,False,,Indic script vs Latin name,Cand name is in Indic script; no shared address key generated
S1-370447359,S2-365692796,source2,India,Galaxy Exports Private Limited,गैलेक्सी एक्सपोर्ट्स प्राइवेट लिमिटेड,"A-305, Tower A, Sector-86, Adore Happy Homes, Faridabad, Haryana","FARIDABAD, हरियाणा, A-B3/305, FARIDABAD",galaxy exports,ग ल कस एकसप रटस पर इव ट ल म ट ड,False,False,False,False,False,False,,Indic script vs Latin name,Cand name is in Indic script; no shared address key generated
S1-265413641,S3-136002655,source3,India,Aarvendra Amusement Co,Yumasynjax,"Bangalore, 54, Bangalore-2., Karnataka, Khader Sheriff Gardens","54, Khader Sheriff Gardens, Bangalore-2., Bangalore, Karnataka",aarvendra amusement,yumasynjax,False,False,False,False,False,False,,"Address similar, Name alias/mismatch","Address shares tokens {'bangalore', 'ka', 'khader', 'sheriff', 'gardens', 'bangalore-2', '54'}, but names share 0 tokens"
S1-447977778,S2-890380419,source2,US,Urology Medicine Center,UROLOGY MÉDICINE CENTER - 8307123762,"1009 Lewiston Street, Hempstead, NY","1009 LEWITSON ST, HEMPSTEAD, NY",urology medicine center,urology medicine center 8307123762,True,True,True,False,False,False,US|TOK|medicine;US|NP4|urol;US|TOK|urology;US|NP6|urolog,Key pruned (Block size > 500),"All shared keys (['US|TOK|medicine', 'US|NP4|urol', 'US|TOK|urology', 'US|NP6|urolog']) exceeded max_block_size"
S1-73544343,S2-217009442,source2,India,Indo Infrastructure Private Limited,इंडो इंफ्रास्ट्रक्चर प्राइवेट लिमिटेड,"294, D Ward, Shukrawar Peth, Kolhapur, Maharashtra","Maharashtra, 294, KOLHAPUR",indo infrastructure,इ ड इ फर सटरकचर पर इव ट ल म ट ड,False,False,False,False,False,False,,Indic script vs Latin name,Cand name is in Indic script; no shared address key generated
S1-966352755,S3-304238123,source3,US,Interfaith Fellowship LLC,Interfaith Fedsfhp LLC,"5613 Sterlingwoods Drive, Fuquay Varina, NC",,interfaith fellowship,interfaith fedsfhp,True,True,True,False,False,False,US|TOK|interfaith;US|NP6|interf;US|NP4|inte,Key pruned (Block size > 500),"All shared keys (['US|TOK|interfaith', 'US|NP6|interf', 'US|NP4|inte']) exceeded max_block_size"
S1-545594796,S2-2118826,source2,India,Apex Care Private Limited,ఏపెక్స్ కేర్ ప్రైవేట్ లిమిటెడ్,"D.No. 26-3/46, Flat No. 502, Kanishka Heights, Rtc Colony, Madhurwada, Vishakhapatnam, Andhra Pradesh","3-26-3/46, FLAT NO. 502, KANISHKA HEIGHTS, RTC COLONY, MADHURWADA, VISHAKHAPATNAM, Andhra Pradesh",apex care,ఏప కస క ర పర వ ట ల మ ట డ,False,False,False,False,False,False,,Indic script vs Latin name,Cand name is in Indic script; no shared address key generated
S1-730297501,S2-913826284,source2,US,Gutierrez Service of Mesa Inc,Inc 6utierrez Service of Mesa,"2121 Main Street, Unit 2050, Mesa, AZ","2121 MADN STREET, PMB 4411, MESA, AZ",gutierrez service of mesa,6utierrez service of mesa,False,False,True,False,False,False,US|TOK|mesa;US|TOK|service,Truncated by max_candidates_per_query,"Shared key survived (['US|TOK|mesa']), but candidate rank exceeded top-200"
S1-579713403,S3-394045682,source3,India,Super Care Private Limited,ಸೂಪರ್ ಕೇರ್ ಪ್ರೈವೇಟ್ ಲಿಮಿಟೆಡ್,"Sekhar Bellevue Varthur Bellandu, Bellandu, Bangalore, Karnataka, D-301","D-30, Sekhar Bellevue Varthur Bellandu, Bellandu, Bangalore, KA",super care,ಸ ಪರ ಕ ರ ಪರ ವ ಟ ಲ ಮ ಟ ಡ,False,False,False,False,False,False,,Indic script vs Latin name,Cand name is in Indic script; no shared address key generated
S1-299367178,S3-595539211,source3,US,American Legacy Islands Inc,American Legacy,"729 Cr 11, Tiffin, OH","729-733 Cr 11, Clinton Twp, Ohio",american legacy islands,american legacy,True,True,True,False,False,False,US|TOK|american;US|TOK|legacy;US|NP6|americ;US|NP4|amer,Key pruned (Block size > 500),"All shared keys (['US|TOK|american', 'US|TOK|legacy', 'US|NP6|americ', 'US|NP4|amer']) exceeded max_block_size"
S1-761411416,S3-36057434,source3,India,Bombay Products LLP,বোম্বে প্রোডাক্টস এলএলপি,"C/O Mallika Pailan, Daulatpur, Pailan, Bishnupur - I, South 24 Parganas, West Bengal","C/o Mallika Pailan, Daulatpur, Pailan, South 24 Parganas, WB",bombay products,ব মব পর ড কটস এলএলপ,False,False,False,False,False,True,India|ADDR|24_parganas,Key pruned (Block size > 500),All shared keys (['India|ADDR|24_parganas']) exceeded max_block_size
S1-266344604,S3-300641912,source3,India,Dream Construction Private Limited,ড্রিম কনস্ট্রাকশন প্রাইভেট লিমিটেড,"4A, 4Th Flr, Ram Krishna Abashan Phase-Ii Dr.B.C Roy Sarani, Jyangra, Baguiati, Kolkata, Parganas North, West Bengal","4A, Kolkata, Parganas North, পশ্চিমবঙ্গ",dream construction,ডর ম কনসটর কশন পর ইভ ট ল ম ট ড,False,False,False,False,False,False,,Indic script vs Latin name,Cand name is in Indic script; no shared address key generated
S1-987375275,S2-328532430,source2,India,Hari Investment Private Limited,హరి ఇన్వెస్ట్‌మెంట్ ప్రైవేట్ లిమిటెడ్,"Hyderabad, Madhapur, Software Units Layout, Hitec City, Telangana, Plot # 4","MADHAPUR, RANGAREDDY, NO. 852 PLOT # 4, Telangana",hari investment,హర ఇనవ సట మ ట పర వ ట ల మ ట డ,False,False,False,False,False,False,,Indic script vs Latin name,Cand name is in Indic script; no shared address key generated
S1-732819608,S2-332641074,source2,US,P M & S Bio,P M + S BIO CORPORATION,"TN, Monteagle, 5101 Madison Avenue","510 MADISON AVENUE, TN, MONTEAGLE",p m and s bio,p m s bio,False,False,False,False,False,False,,Token variation / Substring,Sub-token present in raw candidate name but missed in core name
S1-62013228,S2-362803451,source2,India,Swastik Southern Power Private Limited,स्वस्तिक सदर्न पावर प्राइवेट लिमिटेड,"C/O Banwari Lal, Near Hp Petrol Pump, Sirsa, Haryana","हरियाणा, C/O BANWARI LAL, SIRSA",swastik southern power,सवसत क सदरन प वर पर इव ट ल म ट ड,False,False,False,False,False,False,,Indic script vs Latin name,Cand name is in Indic script; no shared address key generated
S1-206569853,S2-246893714,source2,India,Dream Investment Private Limited,ड्रीम इन्वेस्टमेंट प्राइवेट लिमिटेड,"275 Katghar, Allahabad, Uttar Pradesh","75 KAAGHAR, ALLAHABAD, Uttar Pradesh",dream investment,डर म इनव सटम ट पर इव ट ल म ट ड,False,False,False,False,False,False,,Indic script vs Latin name,Cand name is in Indic script; no shared address key generated
S1-688059583,S3-870100977,source3,India,Digital Polytechnic,Digital Paolecdmnc,"Dr No:15-4, Tulasinagar, Road No:6, Pothina Venkateswararaostreet, Kanuru, Vijayawada, Krishna, Andhra Pradesh","Dr No:15-4, Vijayawada, Krishna, AP",digital polytechnic,digital paolecdmnc,True,True,True,False,False,False,India|NP6|digita;India|NP4|digi;India|TOK|digital,Key pruned (Block size > 500),"All shared keys (['India|NP6|digita', 'India|NP4|digi', 'India|TOK|digital']) exceeded max_block_size"
S1-260697425,S2-212680983,source2,US,Pioneer Alpha LLC,Pioneer Aflpaa LLC,"7595 Lakota Hills Drive, West Chester, OH","LAKOTA HILLS DR, W. CHESTER, OH",pioneer alpha,pioneer aflpaa,True,True,True,False,False,False,US|NP6|pionee;US|NP4|pion;US|TOK|pioneer,Key pruned (Block size > 500),"All shared keys (['US|NP6|pionee', 'US|NP4|pion', 'US|TOK|pioneer']) exceeded max_block_size"
S1-477054669,S2-588772524,source2,US,P 8 Diamond Foods Inc,P 8 Ddmogd Foods Inc,"10621 Ferndale Road, Dallas, TX","PO BOX 929, 10621 FERNDALE RD, TX, DALLAS",p 8 diamond foods,p 8 ddmogd foods,False,False,True,False,False,False,US|TOK|foods,Key pruned (Block size > 500),All shared keys (['US|TOK|foods']) exceeded max_block_size
S1-242533264,S3-689470465,source3,US,Foot & Ankle Group,Foot + Ankle LLC,"225 Nautilus Drive, City Of Madison, WI","22 Nautilus Dr, City Of Madison, Wisconsin",foot and ankle group,foot ankle,True,True,True,False,False,False,US|TOK|ankle;US|NP4|foot;US|TOK|foot;US|NP6|footan,Key pruned (Block size > 500),"All shared keys (['US|TOK|ankle', 'US|NP4|foot', 'US|TOK|foot', 'US|NP6|footan']) exceeded max_block_size"
S1-331782121,S2-162959227,source2,India,All Ventures Private Limited,অল ভেঞ্চারস প্রাইভেট লিমিটেড,"6A, Kiran Shankar Roy Road, 3Rd Floor, Kolkata, Kolkata, Howrah, West Bengal","A-6A, KIRAN SHANKAR ROY ROAD, 3RD FLOOR, KOLKATA, KOLKATA, পশ্চিমবঙ্গ",all ventures,অল ভ ঞচ রস পর ইভ ট ল ম ট ড,False,False,False,False,False,False,,Indic script vs Latin name,Cand name is in Indic script; no shared address key generated
S1-226368891,S2-419234185,source2,India,Raj Life Solutions Private Limited,రాజ్ లైఫ్ సొల్యూషన్స్ ప్రైవేట్ లిమిటెడ్,"85-51-161, Model Colony Vl Puram, Rajahmundry, East Godavari, Andhra Pradesh","Andhra Pradesh, EAST GODAVARI, RAJAHMUNDRY, HN 71 85-51-161",raj life solutions,ర జ ల ఫ స లయ షనస పర వ ట ల మ ట డ,False,False,False,False,False,False,,Indic script vs Latin name,Cand name is in Indic script; no shared address key generated
S1-57830465,S3-746180025,source3,India,Al Agro Limited,Al एग्रो Limited,"Bunglow No. 10, Pune, Mulberry Garden 2 Magarpatta City, Hadapsar, Pune, Maharashtra","Block F-345 Bunglow No. 10, Mulberry Garden 2 Magarpatta City, Hadapsar, Pune, MH",al agro,al एगर,False,False,False,False,False,False,,Indic script vs Latin name,Cand name is in Indic script; no shared address key generated
S1-398068472,S3-419551549,source3,US,Direct Talon L.L.C.,Direct L.L.C. Service,"1 San Marcos Place, Unit 320, Chandler, AZ","1 San Marcos Place, Chandlerr Township, Arizona, # 320",direct talon,direct llc service,True,True,True,False,False,True,US|ADDR|1_san;US|NP6|direct;US|TOK|direct;US|NP4|dire,Truncated by max_candidates_per_query,"Shared key survived (['US|ADDR|1_san']), but candidate rank exceeded top-200"
S1-896179442,S3-765321409,source3,US,Colonial National Media LLC,Colonial Nattol-Media LLC,"425 4th Terrace, Birmingham, AL","425 Fourth Ter, Birmingham, Alabama",colonial national media,colonial nattol media,True,True,True,False,False,False,US|TOK|colonial;US|TOK|media;US|NP6|coloni;US|NP4|colo,Key pruned (Block size > 500),"All shared keys (['US|TOK|colonial', 'US|TOK|media', 'US|NP6|coloni', 'US|NP4|colo']) exceeded max_block_size"
S1-378731227,S2-53345568,source2,US,Classic Metro Property LLC,Classic Métro,"5232 Tod Avenue, Unit 5D, Lordstown, OH","232 TOD AVE, WARREN CITY, OH",classic metro property,classic metro,True,True,True,False,False,False,US|TOK|metro;US|NP4|clas;US|TOK|classic;US|NP6|classi,Key pruned (Block size > 500),"All shared keys (['US|TOK|metro', 'US|NP4|clas', 'US|TOK|classic', 'US|NP6|classi']) exceeded max_block_size"
S1-826601121,S2-744206858,source2,US,"Quality Modern Enhanced, Inc",*** Quality Modern Inc Center,"26223 118th Avenue, Graham, WA","26223 118ND AVE, GRAHAM, WA",quality modern enhanced,quality modern inc center,True,True,True,False,False,False,US|TOK|modern;US|NP4|qual;US|TOK|quality;US|NP6|qualit,Key pruned (Block size > 500),"All shared keys (['US|TOK|modern', 'US|NP4|qual', 'US|TOK|quality', 'US|NP6|qualit']) exceeded max_block_size"
S1-613349394,S3-553316175,source3,India,Premier & Co Limited,Premier Co,"310, Shyam Bhavan B. P. Road, Bhayandar (East), Thane, Maharashtra","Maharashtra, Thane, Bhayandar (East), Shyam Bhavan B. P. Road, 310",premier and,premier,True,True,True,False,False,False,India|TOK|premier;India|NP6|premie;India|NP4|prem,Key pruned (Block size > 500),"All shared keys (['India|TOK|premier', 'India|NP6|premie', 'India|NP4|prem']) exceeded max_block_size"
S1-605666486,S2-865779185,source2,India,Sunrise Gold Energy Private Limited,Sunrise Gold Private Límited Partners,"582, Aggarwal Millenium Tower -Ii, Netaji Subhash Place, Delhi, North Delhi, Delhi","DOOR NO 603 582, AGGARWAL MILLENIUM TOWER -II, NETAJI SUBHASH PLACE, DELHI, दिल्ली",sunrise gold energy,sunrise gold pvt ltd partners,True,True,True,False,False,False,India|TOK|gold;India|NP6|sunris;India|NP4|sunr;India|TOK|sunrise,Key pruned (Block size > 500),"All shared keys (['India|TOK|gold', 'India|NP6|sunris', 'India|NP4|sunr', 'India|TOK|sunrise']) exceeded max_block_size"
S1-260697425,S2-539276252,source2,US,Pioneer Alpha LLC,LLC PIONEER ANBGA,"7595 Lakota Hills Drive, West Chester, OH","LAKOTA HILLS DRIVE, W. CHESTER, OH",pioneer alpha,pioneer anbga,True,True,True,False,False,False,US|NP6|pionee;US|NP4|pion;US|TOK|pioneer,Key pruned (Block size > 500),"All shared keys (['US|NP6|pionee', 'US|NP4|pion', 'US|TOK|pioneer']) exceeded max_block_size"
S1-35831332,S3-617217160,source3,US,Horizon Supreme Third L.L.C.,Horizon Third L.L.C.  Services,"11229 B Avalanche Way, Columbia, MD","Avalanche Way, Colummbia, Maryland",horizon supreme third,horizon third llc services,True,True,True,False,False,False,US|TOK|horizon;US|NP4|hori;US|NP6|horizo;US|TOK|third,Key pruned (Block size > 500),"All shared keys (['US|TOK|horizon', 'US|NP4|hori', 'US|NP6|horizo', 'US|TOK|third']) exceeded max_block_size"
S1-894251996,S2-776720587,source2,US,Electronic Creative Technologies,Electronic Technologies Center,"3187 South Street, Quincy, IN",,electronic creative technologies,electronic technologies center,True,True,True,False,False,False,US|TOK|electronic;US|NP6|electr;US|NP4|elec,Key pruned (Block size > 500),"All shared keys (['US|TOK|electronic', 'US|NP6|electr', 'US|NP4|elec']) exceeded max_block_size"
S1-618045630,S3-200436913,source3,India,FU Realtors Pvt Ltd,FU Ltd Pvt Realtors,"Village Amhera Dhanaura, Amroha, Jyotiba Phule Nagar, Uttar Pradesh","Village Amhera Dhanaura, Amroha, Jyotiba Phule Nagar, UP",fu realtors,fu ltd pvt realtors,False,False,True,False,False,False,India|TOK|realtors,Key pruned (Block size > 500),All shared keys (['India|TOK|realtors']) exceeded max_block_size
S1-41872427,S2-112188199,source2,US,Memorial Initiative,Memorial Memorial Initiative,"1150 K Street, Unit 1306, Washington, DC","1150 K ST, WASHINGTON, DC",memorial initiative,memorial memorial initiative,True,True,True,False,False,False,US|NP4|memo;US|TOK|initiative;US|TOK|memorial;US|NP6|memori,Key pruned (Block size > 500),"All shared keys (['US|NP4|memo', 'US|TOK|initiative', 'US|TOK|memorial', 'US|NP6|memori']) exceeded max_block_size"
S1-51852812,S2-863207395,source2,US,Urgent Care Strategic Associates LLC,URGENT CARE STRATEGIC STRATEGIC ASSOCIATES (L.L.C.),"545 Fm 250, Hughes Springs, TX","545A FM 250, HUGHES SPRINGS, TX",urgent care strategic associates,urgent care strategic strategic associates,True,True,True,False,False,False,US|TOK|care;US|TOK|strategic;US|NP6|urgent;US|TOK|urgent;US|NP4|urge,Key pruned (Block size > 500),"All shared keys (['US|TOK|care', 'US|TOK|strategic', 'US|NP6|urgent', 'US|TOK|urgent', 'US|NP4|urge']) exceeded max_block_size"
S1-553375105,S3-150800481,source3,US,"Kozlowski, Lopez & Smith LLC",lopezkozlowski.com,"5842 Baileys Ridge Drive, New Kent County, VA","5842-D Baileys Ridge Drive, Providence Forge, Virginia",kozlowski lopez and smith,lopezkozlowski,False,False,False,False,False,False,,"Address similar, Name alias/mismatch","Address shares tokens {'va', 'ridge', 'baileys'}, but names share 0 tokens"
S1-437253658,S2-248846520,source2,India,Future Sree Developers Private Limited,Future Sree Private Limited Center,"Bihar, Rasulpur, Dumra, Sitamarhi, C/O Shiv Devi, Dumra, Sitamarhi","C/O SHIV DEVI, RASULPUR, DUMRA, SITAMARHI, DUMRA, बिहार",future sree developers,future sree pvt ltd center,True,True,True,False,False,False,India|TOK|future;India|TOK|sree;India|NP4|futu;India|NP6|future,Key pruned (Block size > 500),"All shared keys (['India|TOK|future', 'India|TOK|sree', 'India|NP4|futu', 'India|NP6|future']) exceeded max_block_size"
S1-383410847,S2-213160343,source2,US,New Life Zion,NEW LIFE,"WA, 436 Broadway, Tacoma, Unit #200","36 BROADWAY, TACOMA, WA",new life zion,new life,True,True,True,False,False,False,US|NP4|newl;US|NP6|newlif;US|TOK|life,Key pruned (Block size > 500),"All shared keys (['US|NP4|newl', 'US|NP6|newlif', 'US|TOK|life']) exceeded max_block_size"
S1-785251106,S2-555732231,source2,US,TT Rare Inc,TT Refre Inc,"140 Orofino Lane, Deer Lodge, MT","142 OROFINO LN, DEER LODGE CITY, MT",tt rare,tt refre,False,False,False,False,False,False,,Prefix-3 match (Typo after 3 chars),Names share first 3 chars ('ttr') but diverge at char 4
S1-40678525,S3-151381602,source3,US,Board of Sanitation,Board of (Saninttation),"17945 Rockwell Avenue, Homewood, IL",,board of sanitation,board of saninttation,True,True,True,False,False,False,US|NP6|boardo;US|TOK|board;US|NP4|boar,Key pruned (Block size > 500),"All shared keys (['US|NP6|boardo', 'US|TOK|board', 'US|NP4|boar']) exceeded max_block_size"
S1-472705054,S3-616028470,source3,India,Vision Industries Private Limited,Rizaarc D.B.A. Vision Industries Private Limited,"Fazilka Road, Village Ghubaya Teh. Jalalabad, Jalalabad, Firozpur, Punjab","Fazilka Road, Village Ghubaya Teh. Jalalabad, Jalalabad, Firozpur, Punjab",vision industries,rizaarc d b a vision industries,False,False,True,False,False,False,India|TOK|vision,Key pruned (Block size > 500),All shared keys (['India|TOK|vision']) exceeded max_block_size
S1-289148559,S2-587353255,source2,US,Maisie Potter Platinum Abacus LLC,Jaxyuma,"402 6th Street, Altoona, IA","SIXTH STREET, PO BOX 324, ALTOONA, IA",maisie potter platinum abacus,jaxyuma,False,False,False,False,False,False,,"Address similar, Name alias/mismatch","Address shares tokens {'altoona', 'ia'}, but names share 0 tokens"
S1-906789520,S2-716843757,source2,India,Tech Food Private Limited,टेक फूड प्राइवेट लिमिटेड,"B3-1002, Experion The Heartsong Sector 108, Near Village Dharampur, Gurugram, Gurgaon, Haryana","BA-3-1002, EXPERION THE HEARTSONG SECTOR 108, NEAR VILLAGE DHARAMPUR, GURUGRAM, GURGAON, Haryana",tech food,ट क फ ड पर इव ट ल म ट ड,False,False,False,False,False,False,,Indic script vs Latin name,Cand name is in Indic script; no shared address key generated
S1-802647589,S2-714460535,source2,India,Ram Guru Logistics Pvt Ltd,राम गुरु लॉजिस्टिक्स प्रा. लि.,"Sarvodaya, Estate B-7, Postal Colony Road, Plot No. 30, Chembur, Mumbai, Maharashtra","NO 31 SARVODAYA, ESTATE B-7, POSTAL COLONY ROAD, PLOT NO. 30, MUMBAI, CHEMBUR, Maharashtra",ram guru logistics,र म ग र ल ज सट कस पर ल,False,False,False,False,False,False,,Indic script vs Latin name,Cand name is in Indic script; no shared address key generated
S1-780436723,S3-552403069,source3,India,Bharani Trust,8harani Trust,"First Floor, C-23 Fateh Nagar, Jail Road, New Delhi, West Delhi, Delhi","First Floor, New Delhi, West Delhi, DL",bharani trust,8harani trust,False,False,True,False,False,False,India|TOK|trust,Key pruned (Block size > 500),All shared keys (['India|TOK|trust']) exceeded max_block_size
S1-300289723,S3-918851466,source3,India,Healthy Engineering Limited,Healthy Limited Services,"Flat No. 803, Mi Rustle Court, Sector-6, Lucknow, Uttar Pradesh",,healthy engineering,healthy ltd services,True,True,True,False,False,False,India|NP6|health;India|NP4|heal;India|TOK|healthy,Truncated by max_candidates_per_query,"Shared key survived (['India|TOK|healthy']), but candidate rank exceeded top-200"
S1-763112366,S2-789030883,source2,US,Trusted Construction Digital LLC,Trusted Construction Construction Digital LLC,"2288 Old 101 Road, Unit 290, Liberty, IN","OLD 101 RD, LIBERTY, IN",trusted construction digital,trusted construction construction digital,True,True,True,False,False,False,US|TOK|digital;US|TOK|trusted;US|NP4|trus;US|TOK|construction;US|NP6|truste,Key pruned (Block size > 500),"All shared keys (['US|TOK|digital', 'US|TOK|trusted', 'US|NP4|trus', 'US|TOK|construction', 'US|NP6|truste']) exceeded max_block_size"
S1-197205293,S2-175963404,source2,India,Om Investments,ॐ इन्वेस्टमेंट्स,"C/O Mr Rajkumar, Vpo Parsaul, Goutam Budd Nagar, Gautam Buddha Nagar, Uttar Pradesh","GOUTAM BUDD NAGAR, Uttar Pradesh, VPO PARSAUL, C/O MR RAJKUMAR, GAUTAM BUDDHA NAGAR",om investments,ॐ इनव सटम टस,False,False,False,False,False,False,,Indic script vs Latin name,Cand name is in Indic script; no shared address key generated
S1-594053730,S3-522138437,source3,India,All Agro Private Limited,ऑल एग्रो प्राइवेट लिमिटेड,"A-55, Vasant Kunj, New Delhi, Delhi","A-0055, South West Delhi, New Delhi, DL",all agro,ऑल एगर पर इव ट ल म ट ड,False,False,False,False,False,True,India|UNIT|a55,Truncated by max_candidates_per_query,"Shared key survived (['India|UNIT|a55']), but candidate rank exceeded top-200"
S1-507505852,S3-770529235,source3,US,Fresh Cleaning Service PC,Fresh Clenaing Service PC,"OH, Columbus, 254 Stanton Avenue",,fresh cleaning service pc,fresh clenaing service pc,True,True,True,False,False,False,US|TOK|fresh;US|TOK|service;US|NP4|fres;US|NP6|freshc,Truncated by max_candidates_per_query,"Shared key survived (['US|NP6|freshc']), but candidate rank exceeded top-200"
S1-88752690,S3-455165103,source3,US,K & D Arrived,K-& D,"4623 Ogletown Stanton Road, Newark, DE","Ogletown Stanton Rd, Newark, Delaware",k and d arrived,k and d,True,False,False,False,False,False,US|NP4|kand,Truncated by max_candidates_per_query,"Shared key survived (['US|NP4|kand']), but candidate rank exceeded top-200"
S1-953545521,S3-451217093,source3,US,5-Legged Dog,5Loed Dog,"6521 91st Place, Lubbock, TX","6521 91th Pl, Lubbock, Texas",5 legged dog,5loed dog,False,False,False,False,False,False,,Token variation / Substring,Sub-token present in raw candidate name but missed in core name
S1-775127908,S2-710291803,source2,India,Arihant Exports Private Limited,અરિહંત એક્સપોર્ટ્સ પ્રાઇવેટ લિમિટેડ,"Ahmedabad, M 31, Shivani Apartments Near Azad Society, Ambawadi, Gujarat, Ahmedabad","M 31, AHMEDABAD, Gujarat",arihant exports,અર હ ત એકસપ રટસ પર ઇવ ટ લ મ ટ ડ,False,False,False,False,False,False,,Indic script vs Latin name,Cand name is in Indic script; no shared address key generated
S1-734490461,S2-487468347,source2,India,Fab Farms Pvt Ltd,Smt Fab Farms Pvt,"Sohadih, Golapar Biharsharif, Nalanda, Bihar","SOHADIH, GOLAPAR BIHARSHARIF, NALANDA, Bihar",fab farms,smt fab farms,False,False,True,False,False,False,India|TOK|farms,Key pruned (Block size > 500),All shared keys (['India|TOK|farms']) exceeded max_block_size
S1-443027563,S3-382508231,source3,US,Creative Biosciences LLC,Creative Boscieeese LLC,"940 Duncan Street, Baltimore, MD","40 Duncan Street, Baltimore, Maryland",creative biosciences,creative boscieeese,True,True,True,False,False,False,US|TOK|creative;US|NP4|crea;US|NP6|creati,Key pruned (Block size > 500),"All shared keys (['US|TOK|creative', 'US|NP4|crea', 'US|NP6|creati']) exceeded max_block_size"
S1-332389192,S2-667206235,source2,US,Highland Endocrinology,hendocrinology.com,"1285 89, White Sulphur Springs, MT","1286 89, WHITE SULPHUR SPRINGS, MT",highland endocrinology,hendocrinology,False,False,False,False,False,False,,"Address similar, Name alias/mismatch","Address shares tokens {'89', 'springs', 'mt', 'white', 'sulphur'}, but names share 0 tokens"
S1-730428166,S3-710611862,source3,India,Best Infotech LLP,બેસ્ટ ઇન્ફોટેક એલએલપી,"Gr Floor, Shop-G/7, S.N.S Interio, Near Cng Gas Station, Althan Road, Bhatar Char Rasta, Althan, Surat, Gujarat","ગુજરાત, Surat, Gr Floor",best infotech,બ સટ ઇનફ ટ ક એલએલપ,False,False,False,False,False,False,,Indic script vs Latin name,Cand name is in Indic script; no shared address key generated
S1-660188596,S2-318995185,source2,US,Le Partners,LE PNRLIERS,"8601 49th Street, Paradise Valley, AZ","49ND STREET, null, PARADISE VALLEY, AZ",le partners,le pnrliers,False,False,False,False,False,False,,Prefix-3 match (Typo after 3 chars),Names share first 3 chars ('lep') but diverge at char 4
S1-715686994,S3-22005501,source3,US,Tri-State Premier Abrdn PC,Tri-State-Premier PC Center,"18015 Double Bay Road, Cypress, TX","Cypress, Texas, 18015 Double Bay Rd",tri state premier abrdn pc,tri state premier pc center,True,True,True,False,False,True,US|TOK|premier;US|NP4|tris;US|TOK|state;US|NP6|trista;US|ADDR|18015_double,Truncated by max_candidates_per_query,"Shared key survived (['US|ADDR|18015_double']), but candidate rank exceeded top-200"
S1-33657000,S3-394300669,source3,US,Donahue Solar LLC,Arcyuma,"2501 Evans Avenue, Unit APT B, Evansville, IN","2501 Evans Avenue, # APT B, Evansville, Indiana",donahue solar,arcyuma,False,False,False,False,False,True,US|ADDR|2501_evans,Truncated by max_candidates_per_query,"Shared key survived (['US|ADDR|2501_evans']), but candidate rank exceeded top-200"
S1-77909359,S2-395090982,source2,US,Pediatric Dentistry Group,PEDIATRIC DENTISTRY GROUP SOCIETY,"3907 66th Place, Chicago, IL","3907 66ST PL, PO BOX 680, CHICAGO, IL",pediatric dentistry group,pediatric dentistry group society,True,True,True,False,False,False,US|TOK|pediatric;US|NP4|pedi;US|NP6|pediat;US|TOK|dentistry,Key pruned (Block size > 500),"All shared keys (['US|TOK|pediatric', 'US|NP4|pedi', 'US|NP6|pediat', 'US|TOK|dentistry']) exceeded max_block_size"
S1-816256578,S3-499852307,source3,India,Sun Software Limited,Shri Sun  Sotfwae Limited,"5 Krishna Shopping Centre, Opp Dahisar Stn, P J Rd Dahisar E, Mumbai, Mumbai City, Maharashtra","#5 Krishna Shopping Centre, Mumbai, Mumbai City, MH",sun software,shri sun sotfwae,False,False,False,False,False,True,India|ADDR|5_krishna,Truncated by max_candidates_per_query,"Shared key survived (['India|ADDR|5_krishna']), but candidate rank exceeded top-200"
S1-88621243,S3-952850428,source3,US,Jackson Andretti LLC,LLC Jackson Anrdtlti,"40710 Rogers Crossing Road, Wilna, NY","30710 Rogers Crossing Road, Carthage, New York",jackson andretti,jackson anrdtlti,True,True,True,False,False,False,US|TOK|jackson;US|NP4|jack;US|NP6|jackso,Key pruned (Block size > 500),"All shared keys (['US|TOK|jackson', 'US|NP4|jack', 'US|NP6|jackso']) exceeded max_block_size"
S1-272165680,S3-97946974,source3,US,Garcia Associated,Garcia Associtedd,"271 James Road, Town Of Utica, WI",,garcia associated,garcia associtedd,True,True,True,False,False,False,US|NP4|garc;US|TOK|garcia;US|NP6|garcia,Key pruned (Block size > 500),"All shared keys (['US|NP4|garc', 'US|TOK|garcia', 'US|NP6|garcia']) exceeded max_block_size"
S1-54369027,S3-618123253,source3,India,Dream Infra,Shri Dream  Infra,"Doorno.10 Near Ambedkarstatue Putlur (E) Tiruvallur District, Tiruvallur District, Chennai, Tamil Nadu","Doorno.a-10 Near Ambedkarstatue Putlur (E) Tiruvallur District, Tiruvallur, Tiruvallur District, TN",dream infra,shri dream infra,False,False,True,False,False,False,India|TOK|dream;India|TOK|infra,Key pruned (Block size > 500),"All shared keys (['India|TOK|dream', 'India|TOK|infra']) exceeded max_block_size"
S1-180407398,S3-735360999,source3,US,"Martinez, Castillo & Montgomery Communications","Martinez, Csatinlo and Montgomery Communications","302 Second Avenue, Oneida, TN","302 2nd Avenue, Oneida, Tennessee",martinez castillo and montgomery communications,martinez csatinlo and montgomery communications,True,True,True,False,False,False,US|NP6|martin;US|TOK|montgomery;US|NP4|mart;US|TOK|communications;US|TOK|martinez,Truncated by max_candidates_per_query,"Shared key survived (['US|TOK|montgomery']), but candidate rank exceeded top-200"
S1-20948977,S2-788799289,source2,India,First Food Pvt Ltd,फर्स्ट फूड प्रा. लि.,"Faizabad, Sarveshwari Nagar, Uttar Pradesh, Behind Surya Complex Naka By Pass","SARVESHWARI NAGAR, BEHIND SURYA COMPLEX NAKA BY PASS, FAIZABAD, Uttar Pradesh",first food,फरसट फ ड पर ल,False,False,False,False,False,False,,Indic script vs Latin name,Cand name is in Indic script; no shared address key generated
S1-697332200,S3-42117384,source3,India,Alpha Constructions Private Limited,আলফা কনস্ট্রাকশনস প্রাইভেট লিমিটেড,"Kolkata, Jl Nehru Road, 9Th Floor, R.M. No.-, A-11, Kolkata, Chatterjee International Centre 33A, Howrah, West Bengal","Plot 72 Chatterjee International Centre 33A, Howrah, WB",alpha constructions,আলফ কনসটর কশনস পর ইভ ট ল ম ট ড,False,False,False,False,False,True,India|UNIT|33a,Truncated by max_candidates_per_query,"Shared key survived (['India|UNIT|33a']), but candidate rank exceeded top-200"
S1-59581901,S2-180762672,source2,US,Chiropractic Ridge Health P.C.,CHIROPRACTIC RIDGE,"3842 6th Avenue, Birmingham, AL","SIXTH AVE, BIRMINGHAM, AL",chiropractic ridge health p c,chiropractic ridge,True,True,True,False,False,False,US|NP6|chirop;US|TOK|ridge;US|TOK|chiropractic;US|NP4|chir,Key pruned (Block size > 500),"All shared keys (['US|NP6|chirop', 'US|TOK|ridge', 'US|TOK|chiropractic', 'US|NP4|chir']) exceeded max_block_size"
S1-8412929,S3-66104711,source3,US,Martinez Safety LLC,Martinez Martinez LLC Sáfety,"West Valley City, UT, Unit 206, 5285 Fannin Lane","05285 Fannin Lane, # 206, West Valley City, Utah",martinez safety,martinez martinez llc safety,True,True,True,False,False,False,US|TOK|safety;US|TOK|martinez;US|NP4|mart;US|NP6|martin,Truncated by max_candidates_per_query,"Shared key survived (['US|TOK|safety']), but candidate rank exceeded top-200"
S1-479756373,S3-801617101,source3,India,First Agro Private Limited,ফার্স্ট অ্যাগ্রো প্রাইভেট লিমিটেড,"164C/11, Lake Gardens Prince Anwar Shah Road, Kolkata, Kolkata, Howrah, West Bengal","64C/11, Lake Gardens Prince Anwar Shah Road, Kolkata, Howrah, WB",first agro,ফ রসট অয গর পর ইভ ট ল ম ট ড,False,False,False,False,False,False,,Indic script vs Latin name,Cand name is in Indic script; no shared address key generated
S1-104808931,S2-167891721,source2,India,Apex Trading Pvt Ltd,एपेक्स ट्रेडिंग प्रा. लि.,"D/1/0031 Sushant Golf City, Ansal Api, Lucknow, Uttar Pradesh","LUCKNOW, D/1/0031/1 SUSHANT GOLF CITY, ANSAL API, उत्तर प्रदेश",apex trading,एप कस टर ड ग पर ल,False,False,False,False,False,False,,Indic script vs Latin name,Cand name is in Indic script; no shared address key generated
S1-481561290,S3-836529323,source3,India,Life Consultants Pvt Ltd,Ltd Life Pvt Services,"Plot No 201/15 Gidc Panoli, Panoli, Anklesvar, Bharuch, Gujarat","No 01/15 Gidc Panoli, Panoli, Anklesvar, Bharuch, ગુજરાત",life consultants,life pvt services,True,False,True,False,False,False,India|TOK|life;India|NP4|life,Key pruned (Block size > 500),"All shared keys (['India|TOK|life', 'India|NP4|life']) exceeded max_block_size"
S1-267071757,S2-72196607,source2,India,First Technology Private Limited,फर्स्ट टेक्नोलॉजी प्राइवेट लिमिटेड,"Bhigwan Road, Gurusadan Socytal, Baramati Dist, Pune, Maharashtra","BHIGWAN ROAD, PUNE, Maharashtra",first technology,फरसट ट कन ल ज पर इव ट ल म ट ड,False,False,False,False,False,False,,Indic script vs Latin name,Cand name is in Indic script; no shared address key generated
S1-785537161,S3-420224008,source3,US,Federal Biopharma,Federal 8iamrhra,"50 Gibson Street, Unit Apartment B, Canandaigua, NY","50 Gibson Street, Unit Apartment B, New York, Canandaigua",federal biopharma,federal 8iamrhra,True,True,True,False,False,True,US|NP6|federa;US|ADDR|50_gibson;US|NP4|fede;US|TOK|federal,Truncated by max_candidates_per_query,"Shared key survived (['US|ADDR|50_gibson']), but candidate rank exceeded top-200"
S1-326577657,S3-793740032,source3,US,Ridge Activate P.C.,ractivate.com,"407 R Mystic Avenue, Unit 24, Medford, MA","407 R Mystic Avenue, # 24, Medford, Massachusetts",ridge activate p c,ractivate,False,False,False,False,False,True,US|ADDR|407_mystic,Truncated by max_candidates_per_query,"Shared key survived (['US|ADDR|407_mystic']), but candidate rank exceeded top-200"
S1-937800027,S2-48989887,source2,US,Weimer & Bruno Carlyle LLC,brunoweimer.com,"IL, Chicago, 7110 E End Avenue","7110 EAST END AVE, CHICAGO, IL",weimer and bruno carlyle,brunoweimer,False,False,False,False,False,False,,"Address similar, Name alias/mismatch","Address shares tokens {'il', 'end', '7110', 'chicago'}, but names share 0 tokens"
S1-37533698,S3-185015817,source3,US,Back Alley Bistro,Bictro Alley Back,"1211 Cedar Grove Road, Supply, NC","211 Cedar Grove Rd, Supply, North Carolina",back alley bistro,bictro alley back,False,False,True,False,False,False,US|TOK|back;US|TOK|alley,Key pruned (Block size > 500),"All shared keys (['US|TOK|back', 'US|TOK|alley']) exceeded max_block_size"
S1-548949826,S3-789457400,source3,US,Rocky Trust LLC,Rocky Rocky Tut LLC,"10924 Powers Avenue, Cockeysville, MD","1092 Powers Ave, Coceysville, Maryland",rocky trust,rocky rocky tut,True,False,True,False,False,False,US|TOK|rocky;US|NP4|rock,Key pruned (Block size > 500),"All shared keys (['US|TOK|rocky', 'US|NP4|rock']) exceeded max_block_size"
S1-719550572,S2-327176933,source2,India,Sunrise Management Private Limited,സൺറൈസ് മാനേജ്മെന്റ് പ്രൈവറ്റ് ലിമിറ്റഡ്,"Hamadan Shopping Complex, Trikaripur Post, Kasargod, Kerala","TRIKARIPUR POST, KASARGOD, കേരളം, #A-629 HAMADAN SHOPPING COMPLEX",sunrise management,സൺറ സ മ ന ജമ നറ പര വററ ല മ ററഡ,False,False,False,False,False,False,,Indic script vs Latin name,Cand name is in Indic script; no shared address key generated
S1-565665689,S3-574407507,source3,India,Classic Global Private Limited,क्लासिक ग्लोबल प्राइवेट लिमिटेड,"Sector 19, Pocket-2, Delhi, New Delhi, Flat No..344 Greenview Apartments, South West Delhi","Flat No..34 Greenview Apartments, New Delhi, South West Delhi, DL",classic global,कल स क गल बल पर इव ट ल म ट ड,False,False,False,False,False,False,,Indic script vs Latin name,Cand name is in Indic script; no shared address key generated
S1-93763115,S2-81951488,source2,US,Cardiology Modern Health Inc,Cardiology Módern,"1030 8th Street, Yorktown, TX","8ST STREET, YORKTOWN, TX",cardiology modern health,cardiology modern,True,True,True,False,False,False,US|NP6|cardio;US|TOK|modern;US|NP4|card;US|TOK|cardiology,Key pruned (Block size > 500),"All shared keys (['US|NP6|cardio', 'US|TOK|modern', 'US|NP4|card', 'US|TOK|cardiology']) exceeded max_block_size"
S1-57830465,S2-952544530,source2,India,Al Agro Limited,अल एग्रो लिमिटेड,"Bunglow No. 10, Pune, Mulberry Garden 2 Magarpatta City, Hadapsar, Pune, Maharashtra","BUNGLOW NO. 10, MULBERRY GARDEN 2 MAGARPATTA CITY, HADAPSAR, PUNE, महाराष्ट्र",al agro,अल एगर ल म ट ड,False,False,False,False,False,False,,Indic script vs Latin name,Cand name is in Indic script; no shared address key generated
S1-848337111,S3-963548712,source3,India,Al Tech Enterprises Limited,अल टेक एंटरप्राइजेज लिमिटेड,"Mcf-67, Bhoor Colony, Old Faridabad, Faridabad, C/O Shri Chand, Haryana, Faridabad","C/o Shri Chand, Faridabad, हरियाणा",al tech enterprises,अल ट क ए टरपर इज ज ल म ट ड,False,False,False,False,False,False,,Indic script vs Latin name,Cand name is in Indic script; no shared address key generated
S1-199472642,S2-919127376,source2,India,Galaxy Food Private Limited,கேலக்ஸி ஃபுட் பிரைவேட் லிமிடெட்,"Tamil Nadu, Old.No.11, New.No.21, Mada Church Street, Royapuram, Chennai","OLD.NO.11, CHENNAI, Tamil Nadu",galaxy food,க லகஸ ஃப ட ப ர வ ட ல ம ட ட,False,False,False,False,False,False,,Indic script vs Latin name,Cand name is in Indic script; no shared address key generated
S1-994039051,S3-294322740,source3,US,Cardiology Group,Cardiology LLC,"1830 Moorpark Place, Tucson, AZ",,cardiology group,cardiology,True,True,True,False,False,False,US|NP6|cardio;US|NP4|card;US|TOK|cardiology,Key pruned (Block size > 500),"All shared keys (['US|NP6|cardio', 'US|NP4|card', 'US|TOK|cardiology']) exceeded max_block_size"
S1-27188964,S2-22164316,source2,US,Internal Medicine Partners LLC,Internal Medicine,"3938 Byram Avenue, Indianapolis, IN","INDIANAPOLIS, BYRAM AVENUE, IN",internal medicine partners,internal medicine,True,True,True,False,False,False,US|TOK|medicine;US|NP6|intern;US|TOK|internal;US|NP4|inte,Key pruned (Block size > 500),"All shared keys (['US|TOK|medicine', 'US|NP6|intern', 'US|TOK|internal', 'US|NP4|inte']) exceeded max_block_size"
S1-572369330,S2-909756177,source2,India,East Black Infotech Limited,ಈಸ್ಟ್ ಬ್ಲ್ಯಾಕ್ ಇನ್‌ಫೋಟೆಕ್ ಲಿಮಿಟೆಡ್,"N Belthur, H D Kote, Karnataka, Mysore, Mysuru, No.183","NO.183, N BELTHUR, H D KOTE, MYSURU, MYSORE, Karnataka",east black infotech,ಈಸಟ ಬಲಯ ಕ ಇನ ಫ ಟ ಕ ಲ ಮ ಟ ಡ,False,False,False,False,False,False,,Indic script vs Latin name,Cand name is in Indic script; no shared address key generated
S1-544682121,S2-301672756,source2,India,United Projects Pvt Ltd,यूनाइटेड प्रोजेक्ट्स प्रा. लि.,"C/O Bishwa Raman Kumar Singh, S/O Dr Rama Sinha Gachhi Tola, Near Bus Stand, P.S- Town Th, Ana, Begusarai, Bihar","PLOT 892 C/O BISHWA RAMAN KUMAR SINGH, N/A, BEGUSARAI, LAKHMINIA, बिहार",united projects,य न इट ड पर ज कटस पर ल,False,False,False,False,False,False,,Indic script vs Latin name,Cand name is in Indic script; no shared address key generated
S1-124565085,S2-475500566,source2,India,All Solutions Pvt Ltd,ஆல் சொல்யூஷன்ஸ் பிரைவேட் லிமிடெட்,"Tamil Nadu, Coimbatore, S.F No. 352, Angeripalayam, Thottipalayam Village, Tiruppur","S.F NO. 352, TIRUPPUR, COIMBATORE, Tamil Nadu",all solutions,ஆல ச லய ஷனஸ ப ர வ ட ல ம ட ட,False,False,False,False,False,False,,Indic script vs Latin name,Cand name is in Indic script; no shared address key generated
S1-138741291,S3-750523762,source3,India,Star Consulting Private Limited,स्टार कंसल्टिंग प्राइवेट लिमिटेड,"616, Aggrawal Cyber Plaza-1 Netaji Subhash Place, Pitampura, Delhi","616, Pitampura, Delhi, दिल्ली",star consulting,सट र क सलट ग पर इव ट ल म ट ड,False,False,False,False,False,False,,Indic script vs Latin name,Cand name is in Indic script; no shared address key generated
S1-451731570,S3-212661279,source3,India,International Finance Private Limited,International Private Private Limited (Services),"# 1-3-53, Hyderabad, General Bazar, Telangana, Sunderabad","#1-3-53, Sunderabad, Hyderabad, TG",international finance,international private pvt ltd services,True,True,False,False,False,False,India|NP6|intern;India|NP4|inte,Key pruned (Block size > 500),"All shared keys (['India|NP6|intern', 'India|NP4|inte']) exceeded max_block_size"
S1-120462872,S3-907973018,source3,US,Continental Software Partners,Continental Software,"1048 Bayou Blue By Pass Road, Schriever, LA","1048 Byaou Blue By Pass Road, Schriever, Louisiana",continental software partners,continental software,True,True,True,False,False,False,US|TOK|software;US|NP6|contin;US|NP4|cont;US|TOK|continental,Key pruned (Block size > 500),"All shared keys (['US|TOK|software', 'US|NP6|contin', 'US|NP4|cont', 'US|TOK|continental']) exceeded max_block_size"
S1-270152595,S3-931890196,source3,US,"Ellard, Williams & Moore Storage Inc.",williamsellard.com,"New Market, 10739 Lake Edge Court, MD","10739 Lake Edge Court, New Market, Maryland",ellard williams and moore storage,williamsellard,False,False,False,False,False,True,US|ADDR|10739_lake,Truncated by max_candidates_per_query,"Shared key survived (['US|ADDR|10739_lake']), but candidate rank exceeded top-200"
S1-948190006,S2-907855984,source2,US,D A Pethtel Dbdr,DPDBDR.COM,"1050 Timbercrest Court, Bowling Green, KY","1050-1054 TIMBERCREST COURT, BOWLIGN GREEN, KY",d a pethtel dbdr,dpdbdr,False,False,False,False,False,False,,"Address similar, Name alias/mismatch","Address shares tokens {'timbercrest', 'green', 'ky', 'ct'}, but names share 0 tokens"
S1-469262153,S3-370441792,source3,India,Mrg Advertising Pvt Ltd,Mrg Pvt Ltd Center,"Bldg No 01, Thane, Maharashtra, 204 C Wing, Sorbhi Complex, Bldg No 1 And 4, Chs Ltd, Mira Bhayandar Road, Opp Silver Park, S No 462, H No 02","Bldg No 01, 204 C Wing, Sorbhi Complex, Bldg No 1 And 4, Chs Ltd, Mira Bhayandar Road, Opp Silver Park, S No 462, H No 02, Thane, महाराष्ट्र",mrg advertising,mrg pvt ltd center,False,False,False,False,False,False,,Prefix-3 match (Typo after 3 chars),Names share first 3 chars ('mrg') but diverge at char 4
S1-469262153,S3-279054627,source3,India,Mrg Advertising Pvt Ltd,Mrg Pvt Ltd Ltd Services,"Bldg No 01, Thane, Maharashtra, 204 C Wing, Sorbhi Complex, Bldg No 1 And 4, Chs Ltd, Mira Bhayandar Road, Opp Silver Park, S No 462, H No 02","Bldg No 01, Thane, MH",mrg advertising,mrg pvt ltd ltd services,False,False,False,False,False,True,India|ADDR|1_thane,Truncated by max_candidates_per_query,"Shared key survived (['India|ADDR|1_thane']), but candidate rank exceeded top-200"
S1-758391186,S3-492023313,source3,India,Ss Star Investment Private Limited,ఎస్‌ఎస్ స్టార్ ఇన్వెస్ట్‌మెంట్ ప్రైవేట్ లిమిటెడ్,"P No.56, Guttala Begumpet, Madhapur, Hyderabad, Shaikpet, Hyderabad, Telangana","P No.56, Hyderabad, <NULL>, Andhra Pradesh",ss star investment,ఎస ఎస సట ర ఇనవ సట మ ట పర వ ట ల మ ట డ,False,False,False,False,False,False,,Indic script vs Latin name,Cand name is in Indic script; no shared address key generated
S1-100873232,S2-914900115,source2,India,Royal Bharat It,ராயல் பாரத் ஐடி,"No.6, 9Th Street, Thillai Ganga Nagar, Nanganallur, Chennai, Tamil Nadu","NO.6, CHENNAI, Tamil Nadu",royal bharat it,ர யல ப ரத ஐட,False,False,False,False,False,False,,Indic script vs Latin name,Cand name is in Indic script; no shared address key generated
S1-210403116,S2-868339761,source2,India,Pioneer Industries Private Limited,ਪਾਇਨੀਅਰ ਇੰਡਸਟ੍ਰੀਜ਼ ਪ੍ਰਾਈਵੇਟ ਲਿਮਟਿਡ,"Zirakpur Kalka Highway Opposite Maharani Regency Hotel, Punjab, Zirakpur, Patiala","ZIRAKPUR KALKA HIGHWAY OPPOSITE MAHARANI REGENCY HOTEL, PATIALA, RASULPUR SAIDAN, Punjab",pioneer industries,ਪ ਇਨ ਅਰ ਇ ਡਸਟਰ ਜ ਪਰ ਈਵ ਟ ਲ ਮਟ ਡ,False,False,False,False,False,False,,Indic script vs Latin name,Cand name is in Indic script; no shared address key generated
S1-479756373,S3-236962953,source3,India,First Agro Private Limited,ফার্স্ট অ্যাগ্রো প্রাইভেট লিমিটেড,"164C/11, Lake Gardens Prince Anwar Shah Road, Kolkata, Kolkata, Howrah, West Bengal","64C/11, Kolkata, Howrah, WB",first agro,ফ রসট অয গর পর ইভ ট ল ম ট ড,False,False,False,False,False,False,,Indic script vs Latin name,Cand name is in Indic script; no shared address key generated
S1-688389912,S3-386681119,source3,US,Back Alley Tavern!,Back Alley (ID: 4695),"14624 Jobs-new Pittsburg Road, Murray City, OH","14626 Jobs-New Pittsburg Rd, Murray City, Ohio",back alley tavern,back alley id 4695,True,True,True,False,False,False,US|NP4|back;US|NP6|backal;US|TOK|back;US|TOK|alley,Key pruned (Block size > 500),"All shared keys (['US|NP4|back', 'US|NP6|backal', 'US|TOK|back', 'US|TOK|alley']) exceeded max_block_size"
S1-8731441,S2-907869510,source2,India,Bombay Foods Private Limited,বোম্বে Foods প্রাইভেট লিমিটেড,"Dhanshree Tower 70, Diamond Harbour Road, Kolkata, Kolkata, Howrah, West Bengal","DHANSHREE TOWER 70, KOLKATA, HOWRAH, West Bengal",bombay foods,ব মব foods পর ইভ ট ল ম ট ড,False,False,True,False,False,False,India|TOK|foods,Key pruned (Block size > 500),All shared keys (['India|TOK|foods']) exceeded max_block_size
S1-436833324,S3-195961903,source3,US,Economic Development Fellowship,Economic Development Fellowship District,"1203 8th Street, Galena, KS","001203 Eighth Street, Galena, Kansas",economic development fellowship,economic development fellowship district,True,True,True,False,False,False,US|NP6|econom;US|NP4|econ;US|TOK|economic;US|TOK|fellowship;US|TOK|development,Key pruned (Block size > 500),"All shared keys (['US|NP6|econom', 'US|NP4|econ', 'US|TOK|economic', 'US|TOK|fellowship', 'US|TOK|development']) exceeded max_block_size"
S1-727168138,S3-444433626,source3,US,"Pediatric Dentistry Care Associates, LLC",Pediatric Déntistry Care,"75 Morton Boulevard, Oyster Bay, NY","75 Mortfn Blvd, Plainview, New York",pediatric dentistry care associates,pediatric dentistry care,True,True,True,True,False,False,US|TOK|care;US|NP6|pediat;US|NP4|pedi;US|NSORT|care_dentistry_pediatric;US|TOK|pediatric;US|TOK|dentistry,Truncated by max_candidates_per_query,"Shared key survived (['US|NSORT|care_dentistry_pediatric']), but candidate rank exceeded top-200"
S1-996892533,S3-847844822,source3,US,Keystone Chesapeake,Keystone (Chesapeake) (Chesapeake),"56 90th Street, Leon, KS","1 90th St, Leon, Kansas",keystone chesapeake,keystone chesapeake chesapeake,True,True,True,False,False,False,US|NP6|keysto;US|TOK|chesapeake;US|NP4|keys;US|TOK|keystone,Truncated by max_candidates_per_query,"Shared key survived (['US|TOK|chesapeake']), but candidate rank exceeded top-200"
S1-786422330,S2-824950736,source2,US,Aspen,Aapen,"1501 Fm 109 Road, New Ulm, TX","1501 FM 109 RD, PMB 9002, NEW ULM, TX",aspen,aapen,False,False,False,False,False,True,US|ADDR|1501_109,Truncated by max_candidates_per_query,"Shared key survived (['US|ADDR|1501_109']), but candidate rank exceeded top-200"
S1-797021439,S2-581769449,source2,India,Shyam Technology Private Limited,श्याम टेक्नोलॉजी प्राइवेट लिमिटेड,"43-A, Shanti Nagar, Jaipur, Rajasthan","G-43-A, JAIPUR, Rajasthan",shyam technology,शय म ट कन ल ज पर इव ट ल म ट ड,False,False,False,False,False,False,,Indic script vs Latin name,Cand name is in Indic script; no shared address key generated
S1-840069842,S3-451720811,source3,US,Family Prairie Association,Family Prairie Asoacoiation,"13339 Mercer Drive, Alden, NY",,family prairie association,family prairie asoacoiation,True,True,True,False,False,False,US|NP6|family;US|TOK|prairie;US|TOK|family;US|NP4|fami,Key pruned (Block size > 500),"All shared keys (['US|NP6|family', 'US|TOK|prairie', 'US|TOK|family', 'US|NP4|fami']) exceeded max_block_size"
S1-830838936,S3-440384261,source3,US,R/G Advertising Inc,R/G Inc Services,"9518 750, Ridgeville, IN","Indiana, 750, Ridgeville",r g advertising,r g inc services,False,False,False,False,False,False,,Severe name & address variation,Both name and address have extensive structural differences
S1-952564053,S2-366607120,source2,India,Sree Media Private Limited,ಶ್ರೀ ಮೀಡಿಯಾ ಪ್ರೈವೇಟ್ ಲಿಮಿಟೆಡ್,"Near Bustand, Opp Bannur Petrol Bunk, Badami, Bagalkot, Karnataka","#105 NEAR BUSTAND, BADAMI, BAGALKOT, Karnataka",sree media,ಶರ ಮ ಡ ಯ ಪರ ವ ಟ ಲ ಮ ಟ ಡ,False,False,False,False,False,False,,Indic script vs Latin name,Cand name is in Indic script; no shared address key generated
S1-170839111,S2-48410270,source2,India,Indo Solutions,ইন্দো সলিউশনস,"C/O Rishav Communication, Chinu Tower, Siliguri, Darjiling, Darjeeling, West Bengal","C/O RISHAV COMMUNICATION, DARJILING, CHINU TOWER, SILIGURI, West Bengal",indo solutions,ইনদ সল উশনস,False,False,False,False,False,False,,Indic script vs Latin name,Cand name is in Indic script; no shared address key generated
S1-174171861,S3-494163345,source3,US,123 Cohen P.C.,123 P.C. Center,"UT, 6001 Carnelian Parkway, St George City",,123 cohen p c,123 p c center,False,False,False,False,False,False,,Candidate address missing,"Cand address is missing (nan), and names share no blocking key"
S1-314714647,S3-192802051,source3,India,Seabird (India) Projects-Lucknow,Xylonexbrix,"Lucknow, 3/77, Lucknow, Vipul Khand, Opp. Study Hall School Gomtinagar, Uttar Pradesh","3/7, Lucknow, UP",seabird india projects lucknow,xylonexbrix,False,False,False,False,False,False,,"Address similar, Name alias/mismatch","Address shares tokens {'lucknow', 'up'}, but names share 0 tokens"
S1-508052111,S2-341233412,source2,India,Ays Projects Private Limited,apprivate.com,"Suite 306, Pavani Estates, 3-6-365/C/306, Beside Ttd Kalyana Mandapam, Gagan Mahal, Himayathnagar, Hyderabad, Telangana","SUITE 0306, N/A, HYDERABAD, HIMAYATHNAGAR, Andhra Pradesh",ays projects,apprivate,False,False,False,False,False,False,,"Address similar, Name alias/mismatch","Address shares tokens {'306', 'hyderabad', 'himayathnagar', 'ste'}, but names share 0 tokens"
S1-799752443,S2-992194567,source2,India,Real Estate Limited,रियल एस्टेट लिमिटेड,"C/O Hami Dulah, Vill-Malpatti, Ps-Kamtaul, Darbhanga, Bihar","C/O HAMI DULAH, VILL-MALPATTI, PS-KAMTAUL, DARBHANGA, बिहार",real estate,र यल एसट ट ल म ट ड,False,False,False,False,False,False,,Indic script vs Latin name,Cand name is in Indic script; no shared address key generated
S1-791263821,S3-834523308,source3,US,Bay and Zimmerman Chain,bayzimmermanchain.c0m,"57 Fire Lane, Scipio, NY","Fire Ln, Scipio, New York",bay and zimmerman chain,bayzimmermanchain,False,False,False,False,False,False,,"Address similar, Name alias/mismatch","Address shares tokens {'fire', 'ny', 'scipio'}, but names share 0 tokens"
S1-633978398,S2-602694405,source2,India,Galaxy Homes Private Limited,GALAXY HOMES PRIATE LIMITED,"Rajasthan, Baran, C/O Arvind Mehta, Samraniya","C/O ARVIND MEHTA, SAMRANIYA, BARAN, N/A, Rajasthan",galaxy homes,galaxy homes priate,True,True,True,False,False,False,India|TOK|homes;India|NP6|galaxy;India|TOK|galaxy;India|NP4|gala,Key pruned (Block size > 500),"All shared keys (['India|TOK|homes', 'India|NP6|galaxy', 'India|TOK|galaxy', 'India|NP4|gala']) exceeded max_block_size"
S1-141265210,S2-661128680,source2,US,Physical Therapy Group,PHYSICAL PHYSICAL THERAPY,"Maynard, Unit 6, 2 Oakridge Drive, MA","2 OAKRIDGE DRIVE, MA, MAYNARD",physical therapy group,physical physical therapy,True,True,True,False,False,False,US|TOK|physical;US|TOK|therapy;US|NP4|phys;US|NP6|physic,Key pruned (Block size > 500),"All shared keys (['US|TOK|physical', 'US|TOK|therapy', 'US|NP4|phys', 'US|NP6|physic']) exceeded max_block_size"
S1-550003654,S3-402205899,source3,India,Financial Memorial Trust,Smt Financial Memorial Trust Limited,"Tamil Nadu, General Nice Towers, 4Th Floor Chamiers Road, Chennai, No. 90, Chennai","No. 90, General Nice Towers, 4Th Floor Chamiers Road, Madras, Chennai, TN",financial memorial trust,smt financial memorial trust,False,False,True,False,False,False,India|TOK|memorial;India|TOK|trust,Key pruned (Block size > 500),"All shared keys (['India|TOK|memorial', 'India|TOK|trust']) exceeded max_block_size"
S1-997893849,S3-540502200,source3,India,Modern Care Private Limited,ମଡର୍ନ୍ କେୟାର୍ ପ୍ରାଇଭେଟ୍ ଲିମିଟେଡ୍,"Flat No- 428, 4Rth Floor Jagannath Avenu, Laxmisagar, Rasulgarh, Bhibaneswar, Khordha, Orissa","Flat No- 428, Khordha, OD",modern care,ମଡରନ କ ୟ ର ପର ଇଭ ଟ ଲ ମ ଟ ଡ,False,False,False,False,False,False,,"Address similar, Name alias/mismatch","Address shares tokens {'khordha', '428', 'flat', '-'}, but names share 0 tokens"
S1-53064564,S3-157576986,source3,India,Consultancy Research Ltd,Consultancy-Rseahc Ltd,"No. 158, 8Th Main, 1St Cross, Btm Layout 1St Stage, Bangalore, Karnataka","H.no 158/1, Bangalore, 8Th Main, 1St Cross, Btm Layout 1St Stage, Bangalore, KA",consultancy research,consultancy rseahc,True,True,True,False,False,False,India|NP6|consul;India|NP4|cons;India|TOK|consultancy,Key pruned (Block size > 500),"All shared keys (['India|NP6|consul', 'India|NP4|cons', 'India|TOK|consultancy']) exceeded max_block_size"
S1-405544735,S2-582371029,source2,US,Atlantic States,Atlantic Center,"23 Pollard Road, Unit Unit 2, Hannibal, NY","POLLARD ROAD, HANNIBAL, NY",atlantic states,atlantic center,True,True,True,False,False,False,US|NP6|atlant;US|NP4|atla;US|TOK|atlantic,Key pruned (Block size > 500),"All shared keys (['US|NP6|atlant', 'US|NP4|atla', 'US|TOK|atlantic']) exceeded max_block_size"
S1-445941109,S3-257163653,source3,India,Black Logistics Limited,ब्लैक लॉजिस्टिक्स लिमिटेड,"Haryana, C/Oraj Rani, Kurukshetra, Shop No63, Near Sangam Palace Professorcolony, Ambala Road, Teh-Pehowa","C/oraj Rani, Kurukshetra, हरियाणा, Kurukshetra",black logistics,बल क ल ज सट कस ल म ट ड,False,False,False,False,False,False,,Indic script vs Latin name,Cand name is in Indic script; no shared address key generated
S1-193928185,S3-180606404,source3,India,Eastern Consultants,Eastern कंसल्टेंट्स,"Plot No 259, Ground Floor, Pkt-B, Sector-4, Dsiidc Bawana Industrial Area, Delhi, West Delhi, Delhi","Ground Floor, Pkt-b, Sector-4, Dsiidc Bawana Industrial Area, DL, West Delhi, Plot No 259",eastern consultants,eastern क सलट टस,True,True,True,False,False,True,India|TOK|eastern;India|UNIT|sector4;India|NP4|east;India|NP6|easter,Truncated by max_candidates_per_query,"Shared key survived (['India|UNIT|sector4']), but candidate rank exceeded top-200"
S1-844024478,S2-995210620,source2,US,Monteus Quasaredge Inc.,ONYXQUO,"255 Gholdston Lane, Bldg 25, Dayton, TN","248 GHOLDSTON LANE, DAYTTON, TN",monteus quasaredge,onyxquo,False,False,False,False,False,False,,Severe name & address variation,Both name and address have extensive structural differences
S1-134760113,S3-120560816,source3,US,Pediatric Dentistry Health,Pediatric Dentistry Health Trust,"323 Croydon Road, Kearny, AZ","322 Croydon Rd, Kearrny, Arizona",pediatric dentistry health,pediatric dentistry health trust,True,True,True,False,False,False,US|NP6|pediat;US|NP4|pedi;US|TOK|pediatric;US|TOK|health;US|TOK|dentistry,Key pruned (Block size > 500),"All shared keys (['US|NP6|pediat', 'US|NP4|pedi', 'US|TOK|pediatric', 'US|TOK|health', 'US|TOK|dentistry']) exceeded max_block_size"
S1-6146797,S2-763641821,source2,US,Direct Nutrition Consultants,Direct Nutrition,"22752 Bucktown Road, Racine, OH","22752 BUCTOWN RD, RACINE, OH",direct nutrition consultants,direct nutrition,True,True,True,False,False,False,US|TOK|nutrition;US|NP6|direct;US|TOK|direct;US|NP4|dire,Key pruned (Block size > 500),"All shared keys (['US|TOK|nutrition', 'US|NP6|direct', 'US|TOK|direct', 'US|NP4|dire']) exceeded max_block_size"
S1-667439846,S3-791690064,source3,India,Jain Consultancy Private Limited,जैन कंसल्टेंसी प्राइवेट लिमिटेड,"3-A, Agrawal Nagar, Indore, Madhya Pradesh","3-A, Indore, मध्य प्रदेश",jain consultancy,ज न क सलट स पर इव ट ल म ट ड,False,False,False,False,False,False,,Indic script vs Latin name,Cand name is in Indic script; no shared address key generated
S1-555242352,S2-256698756,source2,India,Prime Media Pvt Ltd,प्राइम मीडिया Pvt Ltd,"C/O Ramesh Bhagchand Ginnare Dharampuri, Khandwa, Indore, Madhya Pradesh","C/O RAMESH BHAGCHAND GINNARE DHARAMPURI, INDORE, Madhya Pradesh, KHANDWA",prime media,पर इम म ड य,False,False,False,False,False,False,,Indic script vs Latin name,Cand name is in Indic script; no shared address key generated
S1-593017751,S3-898380804,source3,US,Heartland Clear Grade Inc,Heartland Heartland Clear-Grade Inc,"823 Millwood Avenue, Washington Court House, OH","608 Millwood Avenue, Washington Court House, Ohio",heartland clear grade,heartland heartland clear grade,True,True,True,False,False,False,US|TOK|grade;US|TOK|clear;US|NP4|hear;US|NP6|heartl;US|TOK|heartland,Truncated by max_candidates_per_query,"Shared key survived (['US|TOK|grade']), but candidate rank exceeded top-200"
S1-887592240,S2-982078245,source2,US,Regional Regional Bitcoin LLC,Regional Regional LLC Center,"504 Main Street, Riverhead, NY","504-506 MAIN SAINT, RIVERHEAD, NY",regional regional bitcoin,regional regional llc center,True,True,True,False,False,False,US|NP6|region;US|NP4|regi;US|TOK|regional,Key pruned (Block size > 500),"All shared keys (['US|NP6|region', 'US|NP4|regi', 'US|TOK|regional']) exceeded max_block_size"
S1-775694766,S2-933267880,source2,US,Commercial Financial Global Center,Rizaecto,"6532 Sperryville Road, Watson, NY","6533 SPERRYVILLE RD, PMB 6380, GLENFIELD, NY",commercial financial global center,rizaecto,False,False,False,False,False,False,,"Address similar, Name alias/mismatch","Address shares tokens {'ny', 'sperryville'}, but names share 0 tokens"
S1-330914939,S2-478116399,source2,US,Golden Textile Collective,GOLDEN-TEXTILE CENTER,"109 Magnolia Drive, Brookhaven, NY","SELDEN CDP, 109- MAGNOLIA DR, NY",golden textile collective,golden textile center,True,True,True,False,False,False,US|TOK|textile;US|NP6|golden;US|TOK|golden;US|NP4|gold,Key pruned (Block size > 500),"All shared keys (['US|TOK|textile', 'US|NP6|golden', 'US|TOK|golden', 'US|NP4|gold']) exceeded max_block_size"
S1-184546496,S3-14315389,source3,US,Dental Golden Care Associates,Dental  Goldfen Care Associates,"2800 172, Burkett, TX","172, Burkett, Texas",dental golden care associates,dental goldfen care associates,True,True,True,False,False,False,US|TOK|care;US|NP4|dent;US|NP6|dental;US|TOK|dental,Key pruned (Block size > 500),"All shared keys (['US|TOK|care', 'US|NP4|dent', 'US|NP6|dental', 'US|TOK|dental']) exceeded max_block_size"
S1-388049779,S2-593836013,source2,India,Good Tirupati Impex Private Limited,ಗುಡ್ ತಿರುಪತಿ ಇಂಪೆಕ್ಸ್ ಪ್ರೈವೇಟ್ ಲಿಮಿಟೆಡ್,"Karnataka, 4Th Floor, Smart Avenue, 80 Feet Road Indiranagar, Flat No-4-03, Bangalore","FLAT NO-4-03/7, BANGALORE, INDIRANAGAR, Karnataka",good tirupati impex,ಗ ಡ ತ ರ ಪತ ಇ ಪ ಕಸ ಪರ ವ ಟ ಲ ಮ ಟ ಡ,False,False,False,False,False,False,,Indic script vs Latin name,Cand name is in Indic script; no shared address key generated
S1-198632900,S3-538157416,source3,US,R 8 M Neuberger Inc.,R8m.Com,"9300 Perseverance Drive, Harrisburg, NC","9300 Perseverance Dr, Harrisbrg, North Carolina",r 8 m neuberger,r8m,False,False,False,False,False,True,US|ADDR|9300_perseverance,Truncated by max_candidates_per_query,"Shared key survived (['US|ADDR|9300_perseverance']), but candidate rank exceeded top-200"
S1-463577535,S3-600583014,source3,India,Balaji Garments Pvt Ltd,Balaji Gmcérnst Pvt Ltd,"Rajasthan, Udaipur, Bedla, Udaipur, Behind Maliyo Ka Devra","Behind Maliyo Ka Devra, Udaipur, RJ",balaji garments,balaji gmcernst,True,True,True,False,False,False,India|NP4|bala;India|TOK|balaji;India|NP6|balaji,Key pruned (Block size > 500),"All shared keys (['India|NP4|bala', 'India|TOK|balaji', 'India|NP6|balaji']) exceeded max_block_size"
S1-781641970,S2-567211190,source2,India,Foundation Jp Om Corp,Foundation Jp Corp Services,"H/O- Bhuneshwar Paswan, Hasanpura, Dhiwara, Patna Sadar, Patna, Bihar","H/O- BHUNESHWAR PASWAN, HASANPURA, DHCWARA, PATNA SADAR, Bihar",foundation jp om,foundation jp corp services,True,True,True,False,False,False,India|TOK|foundation;India|NP4|foun;India|NP6|founda,Key pruned (Block size > 500),"All shared keys (['India|TOK|foundation', 'India|NP4|foun', 'India|NP6|founda']) exceeded max_block_size"
S1-632481143,S3-14926072,source3,India,Pioneer Gujarat Infra Private Limited,ಪಯೊನೀರ್ ಗುಜರಾತ್ ಇನ್‌ಫ್ರಾ Private Limited,"9Th Street, Ferns Paradise, Bangalore North, No 755, Bangalore, Karnataka","No 755, Bangalore North, Bangalore, KA",pioneer gujarat infra,ಪಯ ನ ರ ಗ ಜರ ತ ಇನ ಫರ,False,False,False,False,False,False,,Indic script vs Latin name,Cand name is in Indic script; no shared address key generated
S1-491783768,S3-665751798,source3,US,"Hall Desert Perimeter, LLC",Hall-Desert,"7901 Cliff Side Drive, Sandy City, UT","Sandy CITY, Utah, 790 Cliff Side Dr",hall desert perimeter,hall desert,True,True,True,False,False,False,US|TOK|hall;US|NP6|hallde;US|NP4|hall;US|TOK|desert,Truncated by max_candidates_per_query,"Shared key survived (['US|NP6|hallde']), but candidate rank exceeded top-200"
S1-939215291,S3-788944164,source3,US,Calhoun & Piccolo LLC,Soliri,"4604 Charleston Street, Broken Arrow, OK","4604 Charelston St, Broken Arrow, Oklahoma",calhoun and piccolo,soliri,False,False,False,False,False,False,,"Address similar, Name alias/mismatch","Address shares tokens {'arrow', 'ok', '4604', 'broken'}, but names share 0 tokens"
S1-64423771,S3-346285454,source3,India,Jvj Allied Group,Shri Jvj Allied Company,"Malayalay, Unit No. 2A (S) 2Nd Floor, 3 Woodburn Park, Kolkata, Kolkata, Howrah, West Bengal","Malayalay, Kolkata, Howrah, WB",jvj allied group,shri jvj allied,False,False,True,False,False,False,India|TOK|allied,Truncated by max_candidates_per_query,"Shared key survived (['India|TOK|allied']), but candidate rank exceeded top-200"
S1-993841612,S2-269277729,source2,US,Piedmont Charter School,Piedmont Charter Sthl,"346 Turnpike Road, Unit 2214, Westborough, MA",,piedmont charter school,piedmont charter sthl,True,True,True,False,False,False,US|TOK|charter;US|NP4|pied;US|NP6|piedmo;US|TOK|piedmont,Key pruned (Block size > 500),"All shared keys (['US|TOK|charter', 'US|NP4|pied', 'US|NP6|piedmo', 'US|TOK|piedmont']) exceeded max_block_size"
S1-469262153,S3-589095129,source3,India,Mrg Advertising Pvt Ltd,Solcalo,"Bldg No 01, Thane, Maharashtra, 204 C Wing, Sorbhi Complex, Bldg No 1 And 4, Chs Ltd, Mira Bhayandar Road, Opp Silver Park, S No 462, H No 02","Maharashtra, 204 C Wing, Sorbhi Complex, Bldg No 1 And 4, Chs Ltd, Mira Bhayandar Road, Opp Silver Park, S No 462, H No 02, Bldg No 01, Thane",mrg advertising,solcalo,False,False,False,False,False,False,,"Address similar, Name alias/mismatch","Address shares tokens {'mira', 'h', 'sorbhi', 'park', 'bhayandar', '4', 'c', 'wing', 'chs', 'bldg', 'mh', 'thane', 's', 'opp', '2', 'ltd', 'silver', '462', '204', 'complex', 'and', '1'}, but names share 0 tokens"
S1-907553730,S3-242183118,source3,US,Martinez Futurecorp of Sacramento,martinezfuturecorpsacramento.com,"CA, Sacramento, 6060 Stockton Boulevard","6060 Stockton Blvd, PO Box 3388, Sacramento, California",martinez futurecorp of sacramento,martinezfuturecorpsacramento,True,True,False,False,False,True,US|ADDR|6060_stockton;US|NP4|mart;US|NP6|martin,Truncated by max_candidates_per_query,"Shared key survived (['US|ADDR|6060_stockton']), but candidate rank exceeded top-200"
S1-787376995,S3-669422449,source3,US,Global Eagle PC,Global Eoeg PC,"107 Elm Avenue, Dunbar, WV","107-109 Elm Avenue, Dunbar, West Virginia",global eagle pc,global eoeg pc,True,True,False,False,False,False,US|NP4|glob;US|NP6|global,Key pruned (Block size > 500),"All shared keys (['US|NP4|glob', 'US|NP6|global']) exceeded max_block_size"
S1-388041707,S3-858977968,source3,US,ED Horizon Arts LLC,ED Hrtzon Arts LLC,"Dundalk, MD, 1616 Gray Haven Court",,ed horizon arts,ed hrtzon arts,False,False,True,False,False,False,US|TOK|arts,Key pruned (Block size > 500),All shared keys (['US|TOK|arts']) exceeded max_block_size
S1-341296633,S2-491020188,source2,India,Ss Consultants Private Limited,एसएस कंसल्टेंट्स प्राइवेट लिमिटेड,"Lucknow, Uttar Pradesh, Lucknow, Diwan Ganj Road Mohan Lal Ganj","DIWAN GANJ ROAD MOHAN LAL GANJ, LUCKNOW, Uttar Pradesh",ss consultants,एसएस क सलट टस पर इव ट ल म ट ड,False,False,False,False,False,False,,Indic script vs Latin name,Cand name is in Indic script; no shared address key generated
S1-657738895,S3-221190280,source3,US,"Desert Arrow, LLC",Desert LLC Services,"1008 Lawson Street, Durham, NC","1009 Lawson Street, Durham, North Carolina",desert arrow,desert llc services,True,True,True,False,False,False,US|NP6|desert;US|NP4|dese;US|TOK|desert,Key pruned (Block size > 500),"All shared keys (['US|NP6|desert', 'US|NP4|dese', 'US|TOK|desert']) exceeded max_block_size"
S1-278523742,S2-128469755,source2,India,Cherry & Co Co,Crery & Co Co,"202, Gurukrupa Apartments, Paryawaran Nagar, Somalwada Square, Wardha Road, Nagpur, Maharashtra","202, WARDHA ROAD, NAGPUR, महाराष्ट्र",cherry and,crery and,False,False,False,False,False,False,,Severe name & address variation,Both name and address have extensive structural differences
S1-250157667,S3-875453325,source3,US,Apex Industrial Holdings,Dovajax+ a/k/a Apex Industrial Holdings,"Elizabethton, TN, Unit 6, 213 Cedar Avenue","213 Cedar Avenue, Unit 6, Elizabethton, TN",apex industrial holdings,dovajax a k a apex industrial holdings,False,False,True,False,False,False,US|TOK|industrial;US|TOK|apex,Key pruned (Block size > 500),"All shared keys (['US|TOK|industrial', 'US|TOK|apex']) exceeded max_block_size"
S1-83647344,S2-777713487,source2,India,New India Private Limited,Shri New India  Private Ltd,"Fl 401, Telangana, Sri Niketan Abhinandana Aprt. Ayyappa Society, Nr.Cgr Int. Pl.250 251, Madhapur, Hyderabad, Rangareddy","FL 40, SRI NIKETAN ABHINANDANA APRT. AYYAPPA SOCIETY, NR.CGR INT. PL.250 251, MADHAPUR, HYDERABAD, తెలంగాణ",new india,shri new india,False,False,True,False,False,False,India|TOK|india,Key pruned (Block size > 500),All shared keys (['India|TOK|india']) exceeded max_block_size
S1-679867766,S2-281940270,source2,US,Bright Seafood Inc,Bright Séafoeod Inc,"8531 Ff, Town Of Grant, WI","8531 FF, WISCONSIN RAPIDS, WI",bright seafood,bright seafoeod,True,True,True,False,False,False,US|NP6|bright;US|TOK|bright;US|NP4|brig,Key pruned (Block size > 500),"All shared keys (['US|NP6|bright', 'US|TOK|bright', 'US|NP4|brig']) exceeded max_block_size"
S1-68263380,S3-26699930,source3,India,Solutions Engineering (in,Solutions Eongineing (in,"Karnataka, Bangalore, No.23, Bangalore, 1St Floor, 12Th Main, Jayanagar, 4Th Block","No.23, 1St Floor, 12Th Main, Jayanagar, 4Th Block, Bangalore, KA",solutions engineering in,solutions eongineing in,True,True,False,False,False,False,India|NP4|solu;India|NP6|soluti,Key pruned (Block size > 500),"All shared keys (['India|NP4|solu', 'India|NP6|soluti']) exceeded max_block_size"
S1-641436989,S2-336208223,source2,US,Vision Group,Vfseon Group,"9 19th Street, Richmond City, VA","9 1/2 19ND SAINT, RICHMOND CITY, VA",vision group,vfseon group,False,False,False,False,False,False,,Token variation / Substring,Sub-token present in raw candidate name but missed in core name
S1-744710348,S2-571370741,source2,India,United Consulting Private Limited,Sri united consulting private limited,"C 411 E, 1St Floor, Sushant Lok, Phase-1, Dlf Qe, Gurgaon, Haryana","Haryana, #5-412 C 411 E, 1ST FLOOR, SUSHANT LOK, PHASE-1, DLF QE",united consulting,sri united consulting,False,False,True,False,False,True,India|UNIT|phase1;India|TOK|united,Key pruned (Block size > 500),"All shared keys (['India|UNIT|phase1', 'India|TOK|united']) exceeded max_block_size"
S1-288666702,S3-628358383,source3,India,WK Hospitals Pvt Ltd,WK Pvt Ltd Center,"Pokhara Mohalla P.O. Hajipur Ps- Town Thana, Hajipur, Vaishali, Bihar","BR, Pokhara Mohalla P.o. Hajipur Ps- Town Thana, Hajipur, Vaishali",wk hospitals,wk pvt ltd center,False,False,False,False,False,False,,Severe name & address variation,Both name and address have extensive structural differences
S1-62178354,S3-737837764,source3,US,Licata Pediatrics Inc,pediatricslicata.com,"8620 Haviland Avenue, Lakewood, WA","Washington, 8620 Havland Avenue, Lakewood",licata pediatrics,pediatricslicata,False,False,False,False,False,False,,"Address similar, Name alias/mismatch","Address shares tokens {'lakewood', '8620'}, but names share 0 tokens"
S1-803840711,S3-974074755,source3,US,Cozy Pub!,Cozy Piu!,"TX, Kyle, 136 Fall Creek Drive","136- Fall Creek Dr, KLE CITY, Texas",cozy pub,cozy piu,True,False,True,False,False,False,US|TOK|cozy;US|NP4|cozy,Key pruned (Block size > 500),"All shared keys (['US|TOK|cozy', 'US|NP4|cozy']) exceeded max_block_size"
S1-469630587,S3-285735907,source3,India,Future Estate Private Limited,ફ્યુચર એસ્ટેટ પ્રાઇવેટ લિમિટેડ,"Vadodara, Gujarat, 987-12, Gidc Estate, Makarpura, M.I. Estate, Vadodara","987-12, Vadodara, ગુજરાત",future estate,ફય ચર એસટ ટ પર ઇવ ટ લ મ ટ ડ,False,False,False,False,False,False,,Indic script vs Latin name,Cand name is in Indic script; no shared address key generated
S1-413648762,S3-647875073,source3,India,Shreeji & Co,SC,"Ch.-1, Plot No. 72, Shri Ram Nagar A, Kalwar Road, Jhotwara, Jaipur, Rajasthan","Ch.-1, Plot No. 72, Shri Ram Nagar A, Kalwar Road, Jhotwara, Jaipur, Rajasthan",shreeji and,sc,False,False,False,False,False,True,India|ADDR|-1_plot,Truncated by max_candidates_per_query,"Shared key survived (['India|ADDR|-1_plot']), but candidate rank exceeded top-200"
S1-64638510,S2-506494442,source2,US,Vision Tri-State Medicine,Vision Tri-State,"6421 Fianna Hills Drive, Fort Worth, TX","421 FIANNA HILLS DRIVE, FORT WORTH, TX",vision tri state medicine,vision tri state,True,True,True,False,False,False,US|NP4|visi;US|TOK|vision;US|TOK|state;US|NP6|vision,Key pruned (Block size > 500),"All shared keys (['US|NP4|visi', 'US|TOK|vision', 'US|TOK|state', 'US|NP6|vision']) exceeded max_block_size"
S1-826197758,S3-107185104,source3,US,Platinum Transit Labs Co,Platinum Labs Co Center,"1351 Broad Street, Cookeville, TN","1351 Brond Street, Cookeville, Tennessee",platinum transit labs,platinum labs co center,True,True,True,False,False,False,US|NP4|plat;US|TOK|labs;US|NP6|platin;US|TOK|platinum,Key pruned (Block size > 500),"All shared keys (['US|NP4|plat', 'US|TOK|labs', 'US|NP6|platin', 'US|TOK|platinum']) exceeded max_block_size"
S1-177470509,S3-967319236,source3,US,Northern One,Nolbhihhen One,"1034 Bolton Avenue, IN, Indianapolis","680 Bolton Ave, Indianapolis, Indiana",northern one,nolbhihhen one,False,False,False,False,False,False,,Token variation / Substring,Sub-token present in raw candidate name but missed in core name
S1-664638595,S3-54409958,source3,US,Empire Pacific Flagstar,Empire Flagstar Flagstar Pacific,"TX, Alvin, 620 Cr 99","00620 Cr 99, Alvin, Texas",empire pacific flagstar,empire flagstar flagstar pacific,True,True,True,False,False,False,US|TOK|pacific;US|TOK|empire;US|NP4|empi;US|TOK|flagstar;US|NP6|empire,Truncated by max_candidates_per_query,"Shared key survived (['US|TOK|flagstar']), but candidate rank exceeded top-200"
S1-31338710,S3-179164369,source3,India,Vision Hospitality Private Limited,विजन हॉस्पिटैलिटी प्राइवेट लिमिटेड,"Pl No - 97 / 1 / 2 / 3, Sect No - 06, Pl No B - 001, Tulsi Vandan Apt, Moshi, Pune, Maharashtra","Sect No - 06, Pl No B - 001, Tulsi Vandan Apt, Moshi, Pune, MH, Pl No - 97 / 1 / 2 / 3, Poona",vision hospitality,व जन ह सप ट ल ट पर इव ट ल म ट ड,False,False,False,False,False,False,,Indic script vs Latin name,Cand name is in Indic script; no shared address key generated
S1-482583139,S3-861211148,source3,India,Industries Nc Biotech Pvt Ltd,Industries Nc Boitenh Pvt Ltd,"Office No.-737A, Seventh Floor, Jmd Megapolis, Sector-48, Sohna Road, Gurgaon, Haryana","Ofice No.-737a, Gurugram, Gurgaon, HR",industries nc biotech,industries nc boitenh,True,True,False,False,False,True,India|UNIT|737a;India|NP4|indu;India|NP6|indust,Truncated by max_candidates_per_query,"Shared key survived (['India|UNIT|737a']), but candidate rank exceeded top-200"
S1-506051086,S2-255284863,source2,India,Shivam Constructions Pvt Ltd,शिवम कंस्ट्रक्शंस प्रा. लि.,"Mumbai, Maharashtra, Mumbai, Ground Floor, Plot No, 511, Krishna Bhavan, 517","BLOCK E-258 517, THANE, MUMBAI, Maharashtra",shivam constructions,श वम क सटरकश स पर ल,False,False,False,False,False,False,,Indic script vs Latin name,Cand name is in Indic script; no shared address key generated
S1-979036764,S3-487343313,source3,US,Signature Short Co,Signature Sehlrt  Co,"1214 Woodland Court, Joliet, IL","1214 Woodland Court, Illinois, PO Box 608, Incorporated",signature short,signature sehlrt,True,True,True,False,False,True,US|ADDR|1214_woodland;US|NP4|sign;US|NP6|signat;US|TOK|signature,Truncated by max_candidates_per_query,"Shared key survived (['US|ADDR|1214_woodland']), but candidate rank exceeded top-200"
S1-70372721,S3-354783202,source3,India,Classic Care Private Limited,ಕ್ಲಾಸಿಕ್ ಕೇರ್ ಪ್ರೈವೇಟ್ ಲಿಮಿಟೆಡ್,"No. 26A, 2Nd Phase, 3Rd Main Road, 4Th Cross, Near Nttf Circle, Peenya, Bangalore, Karnataka","ಕರ್ನಾಟಕ, Bangalore, 2Nd Phase, 3Rd Main Road, 4Th Cross, Near Nttf Circle, Peenya, Bangalore, No 6A",classic care,ಕಲ ಸ ಕ ಕ ರ ಪರ ವ ಟ ಲ ಮ ಟ ಡ,False,False,False,False,False,False,,Indic script vs Latin name,Cand name is in Indic script; no shared address key generated
S1-379191085,S2-704711118,source2,India,Gold Enterprises Private Limited,गोल्ड एंटरप्राइजेज प्राइवेट लिमिटेड,"Uttar Pradesh, Gautam Buddha Nagar, Greater Noida, Tugalpur, Metro Piller No.P-828 Near Pari Chowk, Office No.18","OFFICE NO.18, GAUTAM BUDDHA NAGAR, GREATER NOIDA, Uttar Pradesh",gold enterprises,ग लड ए टरपर इज ज पर इव ट ल म ट ड,False,False,False,False,False,False,,Indic script vs Latin name,Cand name is in Indic script; no shared address key generated
S1-799752443,S3-285768687,source3,India,Real Estate Limited,रियल एस्टेट लिमिटेड,"C/O Hami Dulah, Vill-Malpatti, Ps-Kamtaul, Darbhanga, Bihar","C/o Hami Dulah, Vill-malpatti, Ps-kamtaul, Darbhanga, BR",real estate,र यल एसट ट ल म ट ड,False,False,False,False,False,False,,Indic script vs Latin name,Cand name is in Indic script; no shared address key generated
S1-541158286,S2-860758359,source2,India,New Estate Pvt Ltd,ನ್ಯೂ Estate Pvt Ltd,"No. 1089, Karnataka, 4Th Floor, 5Th Cross, 8Th Main, Bangalore North, Bangalore","H.NO 108, 4TH FLOOR, 5TH CROSS, 8TH MAIN, BANGALORE NORTH, BANGALORE, Karnataka",new estate,ನಯ estate,False,False,True,False,False,False,India|TOK|estate,Key pruned (Block size > 500),All shared keys (['India|TOK|estate']) exceeded max_block_size
S1-798239792,S3-469489076,source3,US,Quality Biomedical Global PLLC,Quality Biomedical Global P.L.L.C.,"23320 122, Melvin, KY","2332 122, Melvin, Kentucky",quality biomedical global pllc,quality biomedical global p,True,True,True,False,False,False,US|TOK|biomedical;US|NP4|qual;US|TOK|quality;US|NP6|qualit,Key pruned (Block size > 500),"All shared keys (['US|TOK|biomedical', 'US|NP4|qual', 'US|TOK|quality', 'US|NP6|qualit']) exceeded max_block_size"
S1-864917565,S2-171588881,source2,US,Pediatric Dental Clinic of Chelsea,PEDIATRIC DENTAL CLINIC,"9 Sixth Street, Unit 2, Chelsea, MA","##9 6TH STREET, CHELSEA, MA",pediatric dental clinic of chelsea,pediatric dental clinic,True,True,True,False,False,False,US|NP6|pediat;US|TOK|clinic;US|NP4|pedi;US|TOK|pediatric;US|TOK|dental,Key pruned (Block size > 500),"All shared keys (['US|NP6|pediat', 'US|TOK|clinic', 'US|NP4|pedi', 'US|TOK|pediatric', 'US|TOK|dental']) exceeded max_block_size"
S1-715217190,S3-132093280,source3,US,H 2 Star Schwab LLC,H H 2 Star Scagbwa LLC,"315 98 Street, New York, NY","315 98 Street, New York",h 2 star schwab,h h 2 star scagbwa,False,False,True,False,False,True,US|ADDR|315;US|TOK|star,Truncated by max_candidates_per_query,"Shared key survived (['US|ADDR|315']), but candidate rank exceeded top-200"
S1-720511261,S3-264208857,source3,US,Vanguard Line Inc,Vanguard Lhie  Inc,"11558 Mesa Linda Street, Victorville, CA","11558 Mesa Linda St, California, Victorville",vanguard line,vanguard lhie,True,True,True,False,False,True,US|ADDR|11558_mesa;US|NP4|vang;US|NP6|vangua;US|TOK|vanguard,Truncated by max_candidates_per_query,"Shared key survived (['US|ADDR|11558_mesa']), but candidate rank exceeded top-200"
S1-171124248,S2-599261076,source2,US,Classic Infrastructure Collective Inc,Classic Infrastructure Colletcive Inc,"4710 Waterloo Drive, Fl 1, Columbia, MO","COLUMBIA, MO, WATERLOO DR",classic infrastructure collective,classic infrastructure colletcive,True,True,True,False,False,False,US|TOK|classic;US|TOK|infrastructure;US|NP4|clas;US|NP6|classi,Key pruned (Block size > 500),"All shared keys (['US|TOK|classic', 'US|TOK|infrastructure', 'US|NP4|clas', 'US|NP6|classi']) exceeded max_block_size"
S1-609879461,S3-993693216,source3,US,Fiteify First Lifestyle Inc,Rizairi,"3111 Park Street, Sapulpa, OK","3111 Park Street, Sapulpa, Oklahoma",fiteify first lifestyle,rizairi,False,False,False,False,False,True,US|ADDR|3111_park,Truncated by max_candidates_per_query,"Shared key survived (['US|ADDR|3111_park']), but candidate rank exceeded top-200"
S1-231660566,S3-599839769,source3,US,Diversified Hospitality Works,worksdiversifiedhospitality.com,"Bessemer City, NC, 215 Ohio Avenue","215 Ohio Ave, PMB 2409, Bessemer City, North Carolina",diversified hospitality works,worksdiversifiedhospitality,False,False,False,False,False,False,,"Address similar, Name alias/mismatch","Address shares tokens {'215', 'city', 'bessemer'}, but names share 0 tokens"
S1-331782121,S3-477032572,source3,India,All Ventures Private Limited,অল ভেঞ্চারস প্রাইভেট লিমিটেড,"6A, Kiran Shankar Roy Road, 3Rd Floor, Kolkata, Kolkata, Howrah, West Bengal","Kolkata, Kiran Shankar Roy Road, 3Rd Floor, Kolkata, 6A, Howrah, WB",all ventures,অল ভ ঞচ রস পর ইভ ট ল ম ট ড,False,False,False,False,False,False,,Indic script vs Latin name,Cand name is in Indic script; no shared address key generated
S1-941937998,S3-980857952,source3,India,Dynamic Business Private Limited,डायनामिक बिजनेस प्राइवेट लिमिटेड,"Delhi, East Delhi, 1St/ Flr, Bhagwati Business Centre School Blk. Shakarpur, 122","122, 1St/ Flr, Bhagwati Business Centre School Blk. Shakarpur, Delhi, East Delhi, DL",dynamic business,ड यन म क ब जन स पर इव ट ल म ट ड,False,False,False,False,False,False,,Indic script vs Latin name,Cand name is in Indic script; no shared address key generated
S1-552925165,S3-536425351,source3,India,Indian Exports LLP,ఇండియన్ Exports ఎల్‌ఎల్‌పీ,"No. 501, 9 Star Hills Shree Srinivasa Nilayam, Road 15, Panchavati Colony, Manikonda, Hyderabad, Telangana","No 501, Manikonda, Hyderabad, TG",indian exports,ఇ డ యన exports ఎల ఎల ప,False,False,True,False,False,False,India|TOK|exports,Key pruned (Block size > 500),All shared keys (['India|TOK|exports']) exceeded max_block_size
S1-905269811,S2-872846190,source2,India,Good Services,गुड सर्विसेज,"52, Vijay Nagar, Kartarpura Ward No. 15 Tehsil Jaipur, Jaipur, Rajasthan","BLOCK G-0618 52, VIJAY NAGAR, JAIPUR, KARTARPURA WARD NO. 15 TEHSIL JAIPUR, Rajasthan",good services,ग ड सरव स ज,False,False,False,False,False,False,,Indic script vs Latin name,Cand name is in Indic script; no shared address key generated
S1-10222665,S2-494483805,source2,India,Jupitar (India) Planners Pvt. Ltd.,Smt IJPLANNERS.COM,"443-The Boulevard, Opp. Western Bus Hub, Surat City, Surat, Gujarat","SURAT CITY, BOULEVARD, Gujarat",jupitar india planners,smt ijplanners,False,False,False,False,False,False,,"Address similar, Name alias/mismatch","Address shares tokens {'surat', 'gj', 'city', 'blvd'}, but names share 0 tokens"
S1-482767162,S2-953458366,source2,US,Internal Medicine Specialists Inc.,Internal Medrmaile Specialists Inc.,"663 Grouse Flat Road, Anatone, WA","GROUSE FLAT RD, ANATONE, WA",internal medicine specialists,internal medrmaile specialists,True,True,True,False,False,False,US|NP6|intern;US|TOK|specialists;US|TOK|internal;US|NP4|inte,Key pruned (Block size > 500),"All shared keys (['US|NP6|intern', 'US|TOK|specialists', 'US|TOK|internal', 'US|NP4|inte']) exceeded max_block_size"
S1-351961485,S2-86133459,source2,India,White Infrastructure Pvt Ltd,व्हाइट इंफ्रास्ट्रक्चर प्रा. लि.,"Office-No-207, Marathon Monte Plaza, Madan Mohan Mamumbai, Mumbai, Mumbai City, Maharashtra","OFFICE-NO207, MUMBAI, MUMBAI CITY, Maharashtra",white infrastructure,वह इट इ फर सटरकचर पर ल,False,False,False,False,False,False,,Indic script vs Latin name,Cand name is in Indic script; no shared address key generated
S1-117328785,S3-716614363,source3,US,Strategic Agricultural Alliance Inc,Strategic  Agricultural,"14 Wanless Lane, Trout Creek, MT","409 Wanless Ln, Trout Creek, Montana",strategic agricultural alliance,strategic agricultural,True,True,True,False,False,False,US|TOK|strategic;US|TOK|agricultural;US|NP6|strate;US|NP4|stra,Key pruned (Block size > 500),"All shared keys (['US|TOK|strategic', 'US|TOK|agricultural', 'US|NP6|strate', 'US|NP4|stra']) exceeded max_block_size"
S1-59581901,S3-952461458,source3,US,Chiropractic Ridge Health P.C.,Chiropractic-Health P.C. Center,"3842 6th Avenue, Birmingham, AL","3842 Sixth Ave, Birmingham, Alabama",chiropractic ridge health p c,chiropractic health p c center,True,True,True,False,False,False,US|NP6|chirop;US|TOK|chiropractic;US|TOK|health;US|NP4|chir,Key pruned (Block size > 500),"All shared keys (['US|NP6|chirop', 'US|TOK|chiropractic', 'US|TOK|health', 'US|NP4|chir']) exceeded max_block_size"
S1-646695246,S2-757991848,source2,India,Shivam Modern Energy Private Limited,শিবম মডার্ন এনার্জি প্রাইভেট লিমিটেড,"Vill Gayra Po Eojnagar Ps Basirhat, Basirhat, Kolkata, Howrah, West Bengal","VILL GAYRA PO EOJNAGAR PS BASIRHAT, BASIRHAT, KOLKATA REGION, HOWRAH, West Bengal",shivam modern energy,শ বম মড রন এন রজ পর ইভ ট ল ম ট ড,False,False,False,False,False,False,,Indic script vs Latin name,Cand name is in Indic script; no shared address key generated
S1-822296117,S3-46835995,source3,US,Roberts Continental Lafayette Clinic,robertscontinentallafayette.com,"25 Yellowstone Trail, Livingston, MT","Montana, 25-27 Yellowstone Trail, Livingston",roberts continental lafayette clinic,robertscontinentallafayette,True,True,False,False,False,False,US|NP6|robert;US|NP4|robe,Key pruned (Block size > 500),"All shared keys (['US|NP6|robert', 'US|NP4|robe']) exceeded max_block_size"
S1-219258412,S3-997849356,source3,US,East Holdco,East Hlobco,"20039 54th Terrace, Tualatin, OR","20039 54nd Ter, Tualatin, Oregon",east holdco,east hlobco,True,False,True,False,False,False,US|TOK|east;US|NP4|east,Key pruned (Block size > 500),"All shared keys (['US|TOK|east', 'US|NP4|east']) exceeded max_block_size"
S1-574114994,S2-484473077,source2,India,Great Consultancy Private Limited,ಗ್ರೇಟ್ ಕನ್ಸಲ್ಟೆನ್ಸಿ ಪ್ರೈವೇಟ್ ಲಿಮಿಟೆಡ್,"No.#5, Patel Ramaiah Garden, 1St Cross Near National Gym, Kothannur, Bangalore, Karnataka","#765 NO.#5, <NULL>, BANGALORE, Karnataka",great consultancy,ಗರ ಟ ಕನಸಲಟ ನಸ ಪರ ವ ಟ ಲ ಮ ಟ ಡ,False,False,False,False,False,False,,Indic script vs Latin name,Cand name is in Indic script; no shared address key generated
S1-192757112,S3-850800659,source3,US,Castillo Academy,Castillo Arcdmy,"Unit 408, Louisville, 13630 Elanna Ave, KY","13630 Elanna Ave, Unit 408, Louisville, Kentucky",castillo academy,castillo arcdmy,True,True,True,False,False,False,US|NP4|cast;US|NP6|castil;US|TOK|castillo,Truncated by max_candidates_per_query,"Shared key survived (['US|NP6|castil']), but candidate rank exceeded top-200"
S1-470667990,S3-664975636,source3,US,Primary Care Center Partners,Primary Care Center,"100 Brook Hollow Drive, Huntsville, TX","100 Broko Hollow Drive, Huntsville, Texas",primary care center partners,primary care center,True,True,True,False,False,False,US|TOK|primary;US|TOK|care;US|NP6|primar;US|NP4|prim,Key pruned (Block size > 500),"All shared keys (['US|TOK|primary', 'US|TOK|care', 'US|NP6|primar', 'US|NP4|prim']) exceeded max_block_size"
S1-333878383,S3-371965333,source3,US,Hagood Clear Purecycle LLC,Evopyra,"813 Martin Luther King Drive, Thomasville, NC","##813 Martin Luther King Drive, Thomasville, North Carolina",hagood clear purecycle,evopyra,False,False,False,False,False,True,US|ADDR|813_martin,Truncated by max_candidates_per_query,"Shared key survived (['US|ADDR|813_martin']), but candidate rank exceeded top-200"
S1-629810901,S3-162950255,source3,US,N+ Rare Inc,N+ Inc Partners,"52 Coalstone Court, Dover, DE","52 Coalstone Court, Dover, Delaware",n rare,n inc partners,False,False,False,False,False,True,US|ADDR|52_coalstone,Truncated by max_candidates_per_query,"Shared key survived (['US|ADDR|52_coalstone']), but candidate rank exceeded top-200"
S1-635498924,S2-380394346,source2,India,Baba Properties Private Limited,बाबा प्रॉपर्टीज प्राइवेट लिमिटेड,"Gaya, C/O - Mr. Ram Lakhan Parsad H No. 110, Bihar, Gaya, Khukhadi Nimchak Bathani","C/O - MR. RAM LAKHAN PARSAD H NO. 110, KHUKHADI NIMCHAK BATHANI, GAYA, Bihar",baba properties,ब ब पर परट ज पर इव ट ल म ट ड,False,False,False,False,False,False,,Indic script vs Latin name,Cand name is in Indic script; no shared address key generated
S1-300957970,S2-349028486,source2,US,Dental Unified Specialists,Dental Unified 5pécialists,"3167 Mariannwood Drive, Port Neches, TX","MARIANNWOOD DRIVE, PORT NECHES, TX",dental unified specialists,dental unified 5pecialists,True,True,True,False,False,False,US|TOK|unified;US|NP4|dent;US|NP6|dental;US|TOK|dental,Key pruned (Block size > 500),"All shared keys (['US|TOK|unified', 'US|NP4|dent', 'US|NP6|dental', 'US|TOK|dental']) exceeded max_block_size"
S1-905466466,S3-684990258,source3,US,Division of Consumer Affairs,Division of Consumer,"MN, Crosslake, 38661 Windsor Avenue","Crossake, 38659 Windsor Avenue, Minnesota",division of consumer affairs,division of consumer,True,True,True,False,False,False,US|TOK|division;US|NP4|divi;US|TOK|consumer;US|NP6|divisi,Key pruned (Block size > 500),"All shared keys (['US|TOK|division', 'US|NP4|divi', 'US|TOK|consumer', 'US|NP6|divisi']) exceeded max_block_size"
S1-238175541,S3-905308312,source3,US,VWQ Brookfield LLC,VWQ Biookfield LLC,"Unit Apartment 1, 52 Losson Road, NY, Cheektowaga","0052 Losson Road, Unit Apartment 1, Buffalo, New York",vwq brookfield,vwq biookfield,True,False,False,False,False,False,US|NP4|vwqb,Truncated by max_candidates_per_query,"Shared key survived (['US|NP4|vwqb']), but candidate rank exceeded top-200"
S1-47773771,S3-312828212,source3,US,Primary Care Specialists Inc.,Primary Care Stpianlsts Inc.,"141-08 71 Road, Flushing, NY","141-08b 71 Rd, Flushign, New York",primary care specialists,primary care stpianlsts,True,True,True,False,False,False,US|TOK|primary;US|TOK|care;US|NP6|primar;US|NP4|prim,Key pruned (Block size > 500),"All shared keys (['US|TOK|primary', 'US|TOK|care', 'US|NP6|primar', 'US|NP4|prim']) exceeded max_block_size"
S1-472424906,S3-346286668,source3,US,Foot & Ankle Associates Inc,Foot  & Ankle Adsociltes Inc - 1196752834,"2407 Wood Avenue, Kansas City, KS","2407 Wood Ave, Kansas City, Kansas",foot and ankle associates,foot and ankle adsociltes inc 1196752834,True,True,True,False,False,True,US|TOK|ankle;US|NP4|foot;US|NP6|footan;US|ADDR|2407_wood;US|TOK|foot,Truncated by max_candidates_per_query,"Shared key survived (['US|ADDR|2407_wood']), but candidate rank exceeded top-200"
S1-8412929,S3-631801431,source3,US,Martinez Safety LLC,Rizahalozeph f/k/a Martinez Safety LLC,"West Valley City, UT, Unit 206, 5285 Fannin Lane","UT, 5285 Fannin Lane, West Valley City, Unit 206",martinez safety,rizahalozeph f k a martinez safety,False,False,True,False,False,False,US|TOK|safety;US|TOK|martinez,Truncated by max_candidates_per_query,"Shared key survived (['US|TOK|safety']), but candidate rank exceeded top-200"
S1-941937998,S2-517487515,source2,India,Dynamic Business Private Limited,डायनामिक Business Private Limited,"Delhi, East Delhi, 1St/ Flr, Bhagwati Business Centre School Blk. Shakarpur, 122","122, 1ST/ FLR, BHAGWATI BUSINESS CENTRE SCHOOL BLK. SHAKARPUR, DELHI, EAST DELHI, Delhi",dynamic business,ड यन म क business,False,False,True,False,False,False,India|TOK|business,Key pruned (Block size > 500),All shared keys (['India|TOK|business']) exceeded max_block_size
S1-571375750,S2-541183741,source2,India,Sky Software Pvt Ltd,स्काई सॉफ्टवेयर प्रा. लि.,"New Delhi, Delhi, Neeti Bagh, 19 Dda Flats","H.NO 59 DDA FLATS, NEW DELHI, NEETI BAGH, दिल्ली",sky software,सक ई स फटव यर पर ल,False,False,False,False,False,False,,Indic script vs Latin name,Cand name is in Indic script; no shared address key generated
S1-743565110,S2-843414885,source2,US,Voth Investments LP,Fluxzetanovi,"W9586 Richards Road, Town Of Arlington, WI","WI, TOWN OF ARLINGTON, W9586-A RICHARDS RD",voth investments,fluxzetanovi,False,False,False,False,False,False,,"Address similar, Name alias/mismatch","Address shares tokens {'wi', 'town', 'richards', 'of', 'arlington'}, but names share 0 tokens"
S1-906347480,S3-982561638,source3,India,Gold Trading Limited,ਗੋਲਡ ਟ੍ਰੇਡਿੰਗ ਲਿਮਟਿਡ,"Kapoor Health Care Center, Main Road O/S Gate Hakima, Amritsar, Punjab","Door No 633 Kapoor Health Care Center, Amritsar, PB",gold trading,ਗ ਲਡ ਟਰ ਡ ਗ ਲ ਮਟ ਡ,False,False,False,False,False,False,,Indic script vs Latin name,Cand name is in Indic script; no shared address key generated
S1-34763037,S3-704438857,source3,India,Sopan Advisors,5opan Advisors,"No.49, Chennai, Ganapathypuram 3Rd Main Road, Tamil Nadu, Pallikaranai","No.49, Pallikaranai, Chennai, TN",sopan advisors,5opan advisors,False,False,True,False,False,False,India|TOK|advisors,Key pruned (Block size > 500),All shared keys (['India|TOK|advisors']) exceeded max_block_size
S1-749055841,S2-102274928,source2,India,My Engineering,మై ఇంజనీరింగ్,"H.No. 8-2-310, Rock House, 1St Floor, Road No.14, Khairatabad, Hyderabad, Telangana","H.NO. 8-2-310, HYDERABAD, KHAIRATABAD, Andhra Pradesh",my engineering,మ ఇ జన ర గ,False,False,False,False,False,False,,Indic script vs Latin name,Cand name is in Indic script; no shared address key generated
S1-623955230,S2-633071443,source2,India,South It Limited,সাউথ আইটি লিমিটেড,"Nachan Road Kanak Bhawan, Benachity, Durgapur, Bardhaman, West Bengal","DURGAPUR, NACHAN ROAD KANAK BHAWAN, BENACHITY, পশ্চিমবঙ্গ, BARDHAMAN",south it,স উথ আইট ল ম ট ড,False,False,False,False,False,False,,Indic script vs Latin name,Cand name is in Indic script; no shared address key generated
S1-190340180,S3-851326248,source3,US,Kissee Franklin Valley Core PC,Arianyla,"404 Stacy Loop Road, Stacy, NC","404 Stacy Loop Rd, PO Box 1981, Stacy, North Carolina",kissee franklin valley core pc,arianyla,False,False,False,False,False,True,US|ADDR|404_stacy,Truncated by max_candidates_per_query,"Shared key survived (['US|ADDR|404_stacy']), but candidate rank exceeded top-200"
S1-559249977,S3-318612684,source3,India,My Investment Private Limited,माय इन्वेस्टमेंट प्राइवेट लिमिटेड,"C/O Mayank Anilkumar Sing, Chinchani District Thane, Palghar, Thane, Maharashtra","C/o Mayank Anilkumar Sing, Chinchani District Thane, Thane, Palghar, महाराष्ट्र",my investment,म य इनव सटम ट पर इव ट ल म ट ड,False,False,False,False,False,False,,Indic script vs Latin name,Cand name is in Indic script; no shared address key generated
S1-8731441,S2-973681365,source2,India,Bombay Foods Private Limited,বোম্বে ফুডস প্রাইভেট লিমিটেড,"Dhanshree Tower 70, Diamond Harbour Road, Kolkata, Kolkata, Howrah, West Bengal","DHANSHREE TOWER 70, KOLKATA, HOWRAH, পশ্চিমবঙ্গ",bombay foods,ব মব ফ ডস পর ইভ ট ল ম ট ড,False,False,False,False,False,False,,Indic script vs Latin name,Cand name is in Indic script; no shared address key generated
S1-37533698,S3-825222852,source3,US,Back Alley Bistro,backalleybistr0.com,"1211 Cedar Grove Road, Supply, NC","211 Cedar Grove Rd, Supply, North Carolina",back alley bistro,backalleybistr0,True,True,False,False,False,False,US|NP4|back;US|NP6|backal,Key pruned (Block size > 500),"All shared keys (['US|NP4|back', 'US|NP6|backal']) exceeded max_block_size"
S1-632138364,S2-914186327,source2,India,Baba Investment,बाबा इन्वेस्टमेंट,"Muzaffarnagar, 23 Imambara, Muzaffarnagar, Uttar Pradesh","23 IEAMBARA, MUZAFFARNAGAR, उत्तर प्रदेश",baba investment,ब ब इनव सटम ट,False,False,False,False,False,False,,Indic script vs Latin name,Cand name is in Indic script; no shared address key generated
S1-282978369,S2-109972513,source2,India,Krishna Impex Private Limited,कृष्ण इम्पेक्स प्राइवेट लिमिटेड,"Office No.2, Ground Floor, Mayfair Tower Ii, Wakdewadi, Shivaji Nagar, Pune, Maharashtra","H.NO 51 OFFICE NO.2, SHIVAJI NAGAR, PUNE, Maharashtra",krishna impex,क षण इमप कस पर इव ट ल म ट ड,False,False,False,False,False,False,,Indic script vs Latin name,Cand name is in Indic script; no shared address key generated
S1-296476213,S2-5802395,source2,India,Mumbai Extruders Limited,Mumbai  Limited 5ervices,"Conference Room No.4, Taj Wellington Mews 33, Nathalal Parekh Marg, Mumbai, Mumbai City, Maharashtra","BLOCK F-117 CONFERENCE ROOM NO.4, TAJ WELLINGTON MEWS 33, NATHALAL PAREKH MARG, MUMBAI, Maharashtra",mumbai extruders,mumbai ltd 5ervices,True,True,True,False,False,False,India|NP4|mumb;India|TOK|mumbai;India|NP6|mumbai,Key pruned (Block size > 500),"All shared keys (['India|NP4|mumb', 'India|TOK|mumbai', 'India|NP6|mumbai']) exceeded max_block_size"
S1-598548390,S2-766597833,source2,US,Womens Health Medicine LLC,Womens Health Medicfhnie LLC,"3516 Hackers Creek Road, Jane Lew, WV","3516-3520 HACKERS CREEK RD, JANE LEW, WV",womens health medicine,womens health medicfhnie,True,True,True,False,False,False,US|TOK|womens;US|NP4|wome;US|TOK|health;US|NP6|womens,Key pruned (Block size > 500),"All shared keys (['US|TOK|womens', 'US|NP4|wome', 'US|TOK|health', 'US|NP6|womens']) exceeded max_block_size"
S1-822780661,S3-110266579,source3,US,Rev It Up Nails,Up It Rev Nhils,"110 S A Street, Gas City, IN","11 S A Street, GAS CTY, Indiana",rev it up nails,up it rev nhils,False,False,False,False,False,False,,Token variation / Substring,Sub-token present in raw candidate name but missed in core name
S1-726579617,S3-30454507,source3,US,Cardiology Modern Specialists LLC,Cardiology Modern Specialists LLC Association,"MD, 15912 Maple Ridge Court, Rockville","15897 Maple Ridge Court, Rockville CITY, Maryland",cardiology modern specialists,cardiology modern specialists llc association,True,True,True,False,False,False,US|TOK|specialists;US|NP6|cardio;US|TOK|cardiology;US|NP4|card;US|TOK|modern,Key pruned (Block size > 500),"All shared keys (['US|TOK|specialists', 'US|NP6|cardio', 'US|TOK|cardiology', 'US|NP4|card', 'US|TOK|modern']) exceeded max_block_size"
S1-43044582,S3-108366387,source3,India,TM Green Private Limited,TM Private Limited Center,"Tamil Nadu, Chennai, 2Nd Cross Chandran Nagar, Chromepet, Chennai, No.75","75, Chennai, TN",tm green,tm pvt ltd center,False,False,False,False,False,False,,Severe name & address variation,Both name and address have extensive structural differences
S1-593017751,S2-5604414,source2,US,Heartland Clear Grade Inc,HEARTLAND CLEAR GDD INC,"823 Millwood Avenue, Washington Court House, OH",,heartland clear grade,heartland clear gdd,True,True,True,False,False,False,US|NP4|hear;US|NP6|heartl;US|TOK|clear;US|TOK|heartland,Key pruned (Block size > 500),"All shared keys (['US|NP4|hear', 'US|NP6|heartl', 'US|TOK|clear', 'US|TOK|heartland']) exceeded max_block_size"
S1-64423771,S3-906325759,source3,India,Jvj Allied Group,Drexzeph,"Malayalay, Unit No. 2A (S) 2Nd Floor, 3 Woodburn Park, Kolkata, Kolkata, Howrah, West Bengal","Malayalay, Unit No. 2A (S) 2Nd Floor, 3 Woodburn Park, Kolkata, Kolkata, Howrah, West Bengal",jvj allied group,drexzeph,False,False,False,False,False,True,India|ADDR|2a_2nd,Truncated by max_candidates_per_query,"Shared key survived (['India|ADDR|2a_2nd']), but candidate rank exceeded top-200"
S1-649279012,S2-953610319,source2,US,Mada's Restaurant,Dovariza,"8824 81st Avenue, Omaha, NE","NE, OMAHA, 882 81ST AVE, null",mada s restaurant,dovariza,False,False,False,False,False,False,,"Address similar, Name alias/mismatch","Address shares tokens {'81st', 'omaha', 'ne'}, but names share 0 tokens"
S1-486855159,S3-751404504,source3,US,Certified Bright Fuel LLC,Onyxquo,"417 California Street, Shoshoni, WY","417 California St, Shoshoni, Wyoming",certified bright fuel,onyxquo,False,False,False,False,False,True,US|ADDR|417_shoshoni,Truncated by max_candidates_per_query,"Shared key survived (['US|ADDR|417_shoshoni']), but candidate rank exceeded top-200"
S1-531928114,S2-127219034,source2,US,Tri-State Guild,Tri-State Gúild (ID: 93967),"2915 Dares Beach Road, Prince Frederick, MD","DARES BEACH RD, PRINCE FREDERICK, MD",tri state guild,tri state guild id 93967,True,True,True,False,False,False,US|TOK|guild;US|NP6|trista;US|NP4|tris;US|TOK|state,Key pruned (Block size > 500),"All shared keys (['US|TOK|guild', 'US|NP6|trista', 'US|NP4|tris', 'US|TOK|state']) exceeded max_block_size"
S1-438417025,S3-163197989,source3,US,Pritchett Fuel,Ciratavo,"4411 Capri Way, Sacramento, CA","4411 Capri Way, Sacramento, California",pritchett fuel,ciratavo,False,False,False,False,False,True,US|ADDR|4411_capri,Truncated by max_candidates_per_query,"Shared key survived (['US|ADDR|4411_capri']), but candidate rank exceeded top-200"
S1-222832877,S3-131145658,source3,India,Swastik Logistics Private Limited,स्वस्तिक लॉजिस्टिक्स प्राइवेट लिमिटेड,"House No 341 A, Sheetla Mata Road Gali No 2, Dc Bhatta Complex, Gurgaon, Haryana","Sheetla Mata Road Gali No 2, Dc Bhatta Complex, हरियाणा, Gurgaon, House No 341 A, Gurgaon",swastik logistics,सवसत क ल ज सट कस पर इव ट ल म ट ड,False,False,False,False,False,False,,Indic script vs Latin name,Cand name is in Indic script; no shared address key generated
S1-993841612,S2-199919986,source2,US,Piedmont Charter School,Piedmont Piedmont Charter Scoolo,"346 Turnpike Road, Unit 2214, Westborough, MA","MA, WESTBOROUGH, Turnpike Road",piedmont charter school,piedmont piedmont charter scoolo,True,True,True,False,False,False,US|TOK|charter;US|NP4|pied;US|NP6|piedmo;US|TOK|piedmont,Key pruned (Block size > 500),"All shared keys (['US|TOK|charter', 'US|NP4|pied', 'US|NP6|piedmo', 'US|TOK|piedmont']) exceeded max_block_size"
S1-840215952,S3-994822320,source3,US,Certified Media Digital L.L.C.,Certified Media L.L.C. Partners,"Pearland, 307 Cedar Hollow Court, TX","Texas, Pearland, Cedar Hollow Court",certified media digital,certified media llc partners,True,True,True,False,False,False,US|TOK|certified;US|TOK|media;US|NP4|cert;US|NP6|certif,Key pruned (Block size > 500),"All shared keys (['US|TOK|certified', 'US|TOK|media', 'US|NP4|cert', 'US|NP6|certif']) exceeded max_block_size"
S1-607884731,S2-234058812,source2,India,Shivam Construction Private Limited,शिवम कंस्ट्रक्शन प्राइवेट लिमिटेड,"3, Moti Bunglow, Gajra Colony, Dewas, Madhya Pradesh","DEWAS, MOTI BUNGLOW, GAJRA COLONY, DEWAS, HN 494 3, Madhya Pradesh",shivam construction,श वम क सटरकशन पर इव ट ल म ट ड,False,False,False,False,False,False,,Indic script vs Latin name,Cand name is in Indic script; no shared address key generated
S1-565043932,S3-257030906,source3,US,Clinton Dental Associates Inc,Ariaevoveo,"1728 865, Clinton, UT","1728 865, Clearfield, Utah",clinton dental associates,ariaevoveo,False,False,False,False,False,True,US|ADDR|1728_865,Truncated by max_candidates_per_query,"Shared key survived (['US|ADDR|1728_865']), but candidate rank exceeded top-200"
S1-221343091,S3-802925732,source3,India,Synergy Foundation,Sri 5ynergy Foundation,"C T S No 905, S V Road Goregaon - West, Mumbai, Mumbai City, Maharashtra","C T S No 905, S V Road Goregaon - West, Mumbai, Mumbai City, MH",synergy foundation,sri 5ynergy foundation,False,False,True,False,False,True,India|ADDR|905_goregaon;India|TOK|foundation,Truncated by max_candidates_per_query,"Shared key survived (['India|ADDR|905_goregaon']), but candidate rank exceeded top-200"
S1-386805796,S3-998103985,source3,US,Morris Diamond Airport,Morris Diamond Partners,"6313 Queen Road, Plymouth, IN","6313 Queen Road, Plymouth, Indiana",morris diamond airport,morris diamond partners,True,True,True,False,False,True,US|ADDR|6313_queen;US|NP4|morr;US|TOK|diamond;US|TOK|morris;US|NP6|morris,Truncated by max_candidates_per_query,"Shared key survived (['US|ADDR|6313_queen']), but candidate rank exceeded top-200"
S1-289962618,S2-718193362,source2,India,Black Hari Technologies Private Limited,બ્લેક હરિ ટેક્નોલોજીસ પ્રાઇવેટ લિમિટેડ,"Jay Siyaram Industrial Estate, Plot No 6, Shed No 1, Nr. Ajay Weigh Bridge, Rajkot, Gujarat","PLOT 448 JAY SIYARAM INDUSTRIAL ESTATE, PLOT NO 6, SHED NO 1, NR. AJAY WEIGH BRIDGE, RAJKOT, Gujarat",black hari technologies,બલ ક હર ટ કન લ જ સ પર ઇવ ટ લ મ ટ ડ,False,False,False,False,False,False,,Indic script vs Latin name,Cand name is in Indic script; no shared address key generated
S1-144526682,S3-324803888,source3,US,Davis & Decker,Davis  & Dhnar,"1361 Norby Road, Kiantone, NY","1361-A Norby Rd, Jmaestown, New York",davis and decker,davis and dhnar,True,True,True,False,False,False,US|NP4|davi;US|TOK|davis;US|NP6|davisa,Truncated by max_candidates_per_query,"Shared key survived (['US|NP6|davisa']), but candidate rank exceeded top-200"
S1-451731570,S3-527158478,source3,India,International Finance Private Limited,International Finance Limited  Service,"# 1-3-53, Hyderabad, General Bazar, Telangana, Sunderabad","# #1-3-53, TG, Sunderabad, General Bazar, Hyderabad",international finance,international finance ltd service,True,True,True,False,False,False,India|TOK|finance;India|NP6|intern;India|NP4|inte,Key pruned (Block size > 500),"All shared keys (['India|TOK|finance', 'India|NP6|intern', 'India|NP4|inte']) exceeded max_block_size"
S1-566830111,S2-561839697,source2,US,Lee Silver Couture,Silver Lee Partners,"213 Sixth Street, Frederick, MD","MD, 213 6ST STREET, FREDERICK",lee silver couture,silver lee partners,False,False,True,False,False,False,US|TOK|silver,Key pruned (Block size > 500),All shared keys (['US|TOK|silver']) exceeded max_block_size
S1-314795590,S3-146377612,source3,India,Anand Producer Private Limited,आनंद प्रोड्यूसर प्राइवेट लिमिटेड,"Flat No-202, Shiva Palace, Garbhu Chak, Khajpura, Phulwari, Patna, Bihar","No 156 Flat No-202, Shiva Palace, Garbhu Chak, Khajpura, Phulwari, Patna, बिहार",anand producer,आन द पर डय सर पर इव ट ल म ट ड,False,False,False,False,False,False,,Indic script vs Latin name,Cand name is in Indic script; no shared address key generated
S1-462399576,S3-916994876,source3,India,Dyechem & Brothers Pvt Ltd,Brosdyechem.Com,"Pune, Maharashtra, 523, Narayan Peth, Near Modi Ganapati Temple","5-23, Near Modi Ganapati Temple, Pune, MH",dyechem and brothers,brosdyechem,False,False,False,False,False,False,,"Address similar, Name alias/mismatch","Address shares tokens {'pune', 'temple', 'near', 'modi', 'ganapati', 'mh'}, but names share 0 tokens"
S1-601282529,S2-511630099,source2,India,Indian Consultants Limited,इंडियन कंसल्टेंट्स लिमिटेड,"Gata No 7 Mi, Kanpur, Uttar Pradesh, Sherpur Taraunda Tehsil Akbarpur, Kanpur Dehat","GATA NO 7 MI, SHERPUR TARAUNDA TEHSIL AKBARPUR, KANPUR, KANPUR DEHAT, Uttar Pradesh",indian consultants,इ ड यन क सलट टस ल म ट ड,False,False,False,False,False,False,,Indic script vs Latin name,Cand name is in Indic script; no shared address key generated
S1-230957344,S3-419520694,source3,India,Indore Bliss,Tavoecto Co,"Office No.516, Apollo Creation, Near Vijay Nagar Square, Sheetal Nagar, Indore, Madhya Pradesh","Indore, Apollo Creation, Near Vijay Nagar Square, Sheetal Nagar, Indore, Office No.516, Madhya Pradesh",indore bliss,tavoecto,False,False,False,False,False,False,,"Address similar, Name alias/mismatch","Address shares tokens {'nagar', 'mp', 'office', 'creation', 'apollo', '516', 'vijay', 'near', 'sheetal', 'indore', 'sq'}, but names share 0 tokens"
S1-523975207,S3-844348284,source3,US,VL Sprott,VL Services,"AL, Unit 3rd Phone, Dora, 125 Mountain View Lane","Alabama, ##125 Mountain View Ln, # 3rd Phone, Dora",vl sprott,vl services,False,False,False,False,False,False,,Prefix-3 match (Typo after 3 chars),Names share first 3 chars ('vls') but diverge at char 4
S1-456900390,S3-337696255,source3,US,Urgent Care Gulf Partners LLC,urgentcaregu1f.com,"Winterset, 824 4th Avenue, IA","824-A Fourth Ave, Lincoln, Iowa",urgent care gulf partners,urgentcaregulf,True,True,False,False,False,False,US|NP6|urgent;US|NP4|urge,Key pruned (Block size > 500),"All shared keys (['US|NP6|urgent', 'US|NP4|urge']) exceeded max_block_size"
S1-951159035,S3-723985585,source3,India,Sai Construction,సాయి కన్‌స్ట్రక్షన్,"5Th Floor, Bbr Avenue, Plot No 38, C Block 7/3, Brindavanamu Colony, Kokapet, Rajendranagar, K.V.Rangareddy, Telangana","5Th Floor, Rajendranagar, K.v.rangareddy, TG",sai construction,స య కన సటరకషన,False,False,False,False,False,False,,Indic script vs Latin name,Cand name is in Indic script; no shared address key generated
S1-408652294,S3-529340311,source3,India,Jain Consultancy Private Limited,জৈন কনসালটেন্সি প্রাইভেট লিমিটেড,"Holding Number-642/766, Shop Number-16, Contai, East Midnapore, West Bengal","Holding Number-642/76, East Midnapore, পশ্চিমবঙ্গ",jain consultancy,জ ন কনস লট নস পর ইভ ট ল ম ট ড,False,False,False,False,False,False,,Indic script vs Latin name,Cand name is in Indic script; no shared address key generated
S1-242533264,S3-639731431,source3,US,Foot & Ankle Group,Foot +  Ankle,"225 Nautilus Drive, City Of Madison, WI","Madison, Wisconsin, 22 Nautilus Dr",foot and ankle group,foot ankle,True,True,True,False,False,False,US|TOK|ankle;US|NP4|foot;US|TOK|foot;US|NP6|footan,Key pruned (Block size > 500),"All shared keys (['US|TOK|ankle', 'US|NP4|foot', 'US|TOK|foot', 'US|NP6|footan']) exceeded max_block_size"
S1-506051086,S3-956897181,source3,India,Shivam Constructions Pvt Ltd,Shivam Shivam Cónstructions Pvt,"Mumbai, Maharashtra, Mumbai, Ground Floor, Plot No, 511, Krishna Bhavan, 517","517, Mumbai, Mumbai Ii, MH",shivam constructions,shivam shivam constructions,True,True,True,False,False,False,India|TOK|shivam;India|TOK|constructions;India|NP4|shiv;India|NP6|shivam,Key pruned (Block size > 500),"All shared keys (['India|TOK|shivam', 'India|TOK|constructions', 'India|NP4|shiv', 'India|NP6|shivam']) exceeded max_block_size"
S1-3892247,S2-169252352,source2,US,Zenavue LLC,Zeneaoue LLC,"13 Pavilion Lane, Berkeley Springs, WV","PAVILION LANE, BERKELEY SPRINGS, WV",zenavue,zeneaoue,False,False,False,False,False,False,,"Address similar, Name alias/mismatch","Address shares tokens {'berkeley', 'springs', 'pavilion', 'wv'}, but names share 0 tokens"
S1-145259625,S3-243430349,source3,India,International Systems Private Limited,Mr International Systems Private,"304, 4Th Floor, Bhagya Nagar, Balanagar, Hyderabad, Telangana","#304, Ranga Ready, Hyderabad, TG",international systems,mr international systems,False,False,False,False,False,False,,Token variation / Substring,Sub-token present in raw candidate name but missed in core name
S1-833391908,S2-495340863,source2,India,Modern Infotech Private Limited,ಮಾಡರ್ನ್ ಇನ್‌ಫೋಟೆಕ್ ಪ್ರೈವೇಟ್ ಲಿಮಿಟೆಡ್,"No.174, 2Nd Floor, 2Nd Cross, 7Th Main, 1St Block, Koramangala, Bangalore, Karnataka","NO.174, BANGALORE, ಕರ್ನಾಟಕ",modern infotech,ಮ ಡರನ ಇನ ಫ ಟ ಕ ಪರ ವ ಟ ಲ ಮ ಟ ಡ,False,False,False,False,False,False,,Indic script vs Latin name,Cand name is in Indic script; no shared address key generated
S1-633978398,S3-736713366,source3,India,Galaxy Homes Private Limited,Private 6alaxy H0mes Limited,"Rajasthan, Baran, C/O Arvind Mehta, Samraniya","C/o Arvind Mehta, Samraniya, Baran, RJ",galaxy homes,6alaxy homes,False,False,True,False,False,False,India|TOK|homes,Key pruned (Block size > 500),All shared keys (['India|TOK|homes']) exceeded max_block_size
S1-387650052,S2-240501546,source2,US,Bison Inc,Inc Biscfn,"363 4351, Gilmer, TX","363 4351, GILMER, TX",bison,biscfn,False,False,False,False,False,True,US|ADDR|363_4351,Truncated by max_candidates_per_query,"Shared key survived (['US|ADDR|363_4351']), but candidate rank exceeded top-200"
S1-203630413,S3-211385159,source3,India,Universal Big Trading Pvt Ltd,यूनिवर्सल बिग ट्रेडिंग प्रा. लि.,"300, Bharat Nagar, Pal Road, Jodhpur, Rajasthan","300, Jodhpur, RJ",universal big trading,य न वरसल ब ग टर ड ग पर ल,False,False,False,False,False,False,,Indic script vs Latin name,Cand name is in Indic script; no shared address key generated
S1-732445076,S2-313357552,source2,India,Life Investments Private Limited,लाइफ इन्वेस्टमेंट्स प्राइवेट लिमिटेड,"C/O Sachidanand Sharma, 7 Hf 6/4, B H Colony Near Agamkuan Ps, Kankarbagh, Patna, Bihar","C/O SACHIDANAND SHARMA, PATNA, Bihar",life investments,ल इफ इनव सटम टस पर इव ट ल म ट ड,False,False,False,False,False,False,,Indic script vs Latin name,Cand name is in Indic script; no shared address key generated
S1-9455909,S3-133372803,source3,India,Seven Sun Producer Private Limited,सेवन सन प्रोड्यूसर प्राइवेट लिमिटेड,"Unit 508, Crescent Business Square, 5Th Floor, Opp Gundecha Onclave, Khairani Road, Andheri East, Mumbai, Maharashtra","Unit 08, Mumbai Region, Mumbai, MH",seven sun producer,स वन सन पर डय सर पर इव ट ल म ट ड,False,False,False,False,False,False,,Indic script vs Latin name,Cand name is in Indic script; no shared address key generated
S1-254770034,S2-928996464,source2,India,New Projects Private Limited,न्यू प्रोजेक्ट्स प्राइवेट लिमिटेड,"Kh. No. 90/24/2 Ground Floor, Om Godown, 100Ft Road, Ghitorni, New Delhi, South West Delhi, Delhi","KH. NO. 90/24/ GROUND FLOOR, NEW DELHI, SOUTH WEST DELHI, Delhi",new projects,नय पर ज कटस पर इव ट ल म ट ड,False,False,False,False,False,False,,Indic script vs Latin name,Cand name is in Indic script; no shared address key generated
S1-683788263,S3-501078612,source3,India,South Developers Private Limited,South डेवलपर्स Private Limited,"Lig 136, 2-A Saket Nagar, Bhopal, Huzur, Bhopal, Madhya Pradesh","H.no 791 Lig 136, 2-A Saket Nagar, Bhopal, Huzur, Bhopal, MP",south developers,south ड वलपरस,True,False,True,False,False,False,India|TOK|south;India|NP4|sout,Key pruned (Block size > 500),"All shared keys (['India|TOK|south', 'India|NP4|sout']) exceeded max_block_size"
S1-691905185,S3-544442854,source3,India,Hyderabad India Private Limited,Hyderabad Indda Private [Limited],"Hyderabad, Journalist Colony, Jubliee Hills, Telangana, Plot No. 30-A","Journalist Colony, Jubliee Hills, Plmt No. B3/30-a, TG, Hyderabad",hyderabad india,hyderabad indda,True,True,True,False,False,False,India|NP6|hydera;India|TOK|hyderabad;India|NP4|hyde,Key pruned (Block size > 500),"All shared keys (['India|NP6|hydera', 'India|TOK|hyderabad', 'India|NP4|hyde']) exceeded max_block_size"
S1-639629096,S3-842055851,source3,US,Custom Debt PC,Custom Degbtb PC,"MA, Beverly, 34 Pearson Street","34 Pearson Street, Beevrly, Massachusetts",custom debt pc,custom degbtb pc,True,True,True,False,False,True,US|TOK|custom;US|NP6|custom;US|NP4|cust;US|ADDR|34_pearson,Truncated by max_candidates_per_query,"Shared key survived (['US|ADDR|34_pearson']), but candidate rank exceeded top-200"
S1-984476715,S3-326476730,source3,India,Krishna & Sons Private Limited,Dr Krishna & Private Limited Service,"No. 235, Binnamangala, 2Nd Floor, 13Th Cross Road, Bangalore North, Bangalore, Karnataka","No. 236, KA, Bangalore",krishna and sons,dr krishna and pvt ltd service,False,False,True,False,False,False,India|TOK|krishna,Key pruned (Block size > 500),All shared keys (['India|TOK|krishna']) exceeded max_block_size
S1-530500005,S2-458603365,source2,India,Sai Industries Group Private Limited,SAI GROUP PRIVATE LIMITED CÉNTER,"5 Hirak Societys V Road Irla, Mumbai, Mumbai City, Maharashtra","5 HRIAK SOCIETYS V ROAD IRLA, MUMBAI, Maharashtra",sai industries group,sai group pvt ltd center,False,False,False,False,False,False,,Prefix-3 match (Typo after 3 chars),Names share first 3 chars ('sai') but diverge at char 4
S1-239715970,S3-818636467,source3,US,Prairie Metro Bain LLC,Prairie Metro  Ban LLC,"4813 Rolling Ridge Drive, Evansville, IN","Rolling Ridge Drive, Evansville, Indiana",prairie metro bain,prairie metro ban,True,True,True,False,False,False,US|TOK|metro;US|NP6|prairi;US|TOK|prairie;US|NP4|prai,Key pruned (Block size > 500),"All shared keys (['US|TOK|metro', 'US|NP6|prairi', 'US|TOK|prairie', 'US|NP4|prai']) exceeded max_block_size"
S1-139001469,S3-207399315,source3,US,Atlas Armour LLC,Atlas  LLC Partners,"3684 Pumice Avenue, Redmond, OR","Oregon, Redmond, 3684-3686 Pumice Avenue",atlas armour,atlas llc partners,True,False,True,False,False,False,US|NP4|atla;US|TOK|atlas,Key pruned (Block size > 500),"All shared keys (['US|NP4|atla', 'US|TOK|atlas']) exceeded max_block_size"
S1-266544063,S2-628958120,source2,India,Gujarat Food LLP,गुजरात फूड एलएलपी,"Tigrania House, Opp. Mseb Sub Station Tigrania Nagar, Nashik, Maharashtra","TIGRANIA HOUSE, NASHIK, महाराष्ट्र",gujarat food,ग जर त फ ड एलएलप,False,False,False,False,False,False,,Indic script vs Latin name,Cand name is in Indic script; no shared address key generated
S1-259255930,S2-123600553,source2,US,FC Bluerock PC,FC PC Center,"AZ, Unit 2088, Chandler, 2022 Nevada Street","NEVADA ST, CHANDLERR TOWNSHIP, AZ",fc bluerock pc,fc pc center,False,False,False,False,False,False,,Severe name & address variation,Both name and address have extensive structural differences
S1-726579617,S2-35200360,source2,US,Cardiology Modern Specialists LLC,Cardiology  Specialists LLC Center,"MD, 15912 Maple Ridge Court, Rockville","15911 MAPLE RIDGE COURT, ROCKVILLE, MD",cardiology modern specialists,cardiology specialists llc center,True,True,True,False,False,False,US|NP6|cardio;US|TOK|specialists;US|NP4|card;US|TOK|cardiology,Key pruned (Block size > 500),"All shared keys (['US|NP6|cardio', 'US|TOK|specialists', 'US|NP4|card', 'US|TOK|cardiology']) exceeded max_block_size"
S1-38401919,S3-446331963,source3,India,Bharat Construction,Bharat Construhtison,"Plot No. 127, Tf, Meenakshi Garden, New Delhi, Delhi, West Delhi, Wz-74","Wz-b3/74, New Delhi, West Delhi, DL",bharat construction,bharat construhtison,True,True,True,False,False,False,India|NP4|bhar;India|TOK|bharat;India|NP6|bharat,Key pruned (Block size > 500),"All shared keys (['India|NP4|bhar', 'India|TOK|bharat', 'India|NP6|bharat']) exceeded max_block_size"
S1-859837268,S2-770252334,source2,India,Vismaya Services Private Limited,Smt PRIVATEVISMAYASERVICES.COM,"265, Gulmohar Enclave, New Delhi, Delhi","265, NEW DELHI, GULMOHAR ENCLAVE, Delhi",vismaya services,smt privatevismayaservices,False,False,False,False,False,False,,"Address similar, Name alias/mismatch","Address shares tokens {'enclave', 'gulmohar', 'new', 'dl', '265'}, but names share 0 tokens"
S1-8612167,S3-949105357,source3,India,Southern Consulting Private Limited,Arcavilyra D.B.A. Southern Consulting Private Limited,"Vill- Paraj, P.O.- Paraj, Burdwan, West Bengal","Vill- Paraj, P.O.- Paraj, Burdwan, West Bengal",southern consulting,arcavilyra d b a southern consulting,False,False,True,False,False,False,India|TOK|southern,Key pruned (Block size > 500),All shared keys (['India|TOK|southern']) exceeded max_block_size
S1-417894341,S2-353275710,source2,India,Kk India Private Limited,Shri Kk India  Private,"Phulwari, Sri Dilip Kumar Singh, Gosai Tola Sadakat Ashram, Bihar, Patna","SRI DILIP KUMAR SINGH, GOSAI TOLA SADAKAT ASHRAM, PHULWARI, Bihar",kk india,shri kk india,False,False,True,False,False,False,India|TOK|india,Key pruned (Block size > 500),All shared keys (['India|TOK|india']) exceeded max_block_size
S1-496404957,S2-50620641,source2,India,White Products Private Limited,व्हाइट प्रोडक्ट्स प्राइवेट लिमिटेड,"Rushikesh Appartment Sakoli Corner, Sambhaji Nagar, Flat No. 4, Kolhapur, Maharashtra, Kolhapur","DOOR NO 4, RUSHIKESH APPARTMENT SAKOLI CORNER, SAMBHAJI NAGAR, KOLHAPUR, Maharashtra",white products,वह इट पर डकटस पर इव ट ल म ट ड,False,False,False,False,False,False,,Indic script vs Latin name,Cand name is in Indic script; no shared address key generated
S1-987375275,S3-107882656,source3,India,Hari Investment Private Limited,Hari,"Hyderabad, Madhapur, Software Units Layout, Hitec City, Telangana, Plot # 4","Plot # 4, Software Units Layout, Hitec City, Madhapur, Hyderabad, Telangana",hari investment,hari,True,False,True,False,False,False,India|NP4|hari;India|TOK|hari,Key pruned (Block size > 500),"All shared keys (['India|NP4|hari', 'India|TOK|hari']) exceeded max_block_size"
S1-43566134,S2-364082163,source2,India,Galaxy Tech Private Limited,ગેલેક્સી ટેક પ્રાઇવેટ લિમિટેડ,"501, Swagar, C.G.Road, Ellisbridge, Ahmedabad, Gujarat","H.NO 708 501, SWAGAR, C.G.ROAD, AHMEDABAD, ELLISBRIDGE, Gujarat",galaxy tech,ગ લ કસ ટ ક પર ઇવ ટ લ મ ટ ડ,False,False,False,False,False,False,,Indic script vs Latin name,Cand name is in Indic script; no shared address key generated
S1-618980917,S3-960495195,source3,India,Alpha It,अल्फा आईटी,"Maglam Aangan Villa Mahapura, Sanganer, Jaipur, Rajasthan, 133, Jaipur","Hn 255 133, Jaipur, राजस्थान",alpha it,अलफ आईट,False,False,False,False,False,False,,Indic script vs Latin name,Cand name is in Indic script; no shared address key generated
S1-559249977,S3-314527984,source3,India,My Investment Private Limited,माय इन्वेस्टमेंट प्राइवेट लिमिटेड,"C/O Mayank Anilkumar Sing, Chinchani District Thane, Palghar, Thane, Maharashtra","MH, Palghar, Thane, C/o Mayank Anilkumar Sing, Chinchani District Thane",my investment,म य इनव सटम ट पर इव ट ल म ट ड,False,False,False,False,False,False,,Indic script vs Latin name,Cand name is in Indic script; no shared address key generated
S1-644972484,S2-192012788,source2,US,Blue Ministries,8lue Ministries,"1931 3rd Avenue, WA, Seattle","193 THIRD AVE, SEATTLE, WA",blue ministries,8lue ministries,False,False,True,False,False,False,US|TOK|ministries,Key pruned (Block size > 500),All shared keys (['US|TOK|ministries']) exceeded max_block_size
S1-616790832,S3-347275605,source3,India,Shyam Marketing Private Limited,Shri SHYAM MARKETING PRIVATE LIMITED,"Flat 3, 1St Floor, 12 Central Lane, Bengali Market, New Delhi, Central Delhi, Delhi",,shyam marketing,shri shyam marketing,False,False,True,False,False,False,India|TOK|shyam;India|TOK|marketing,Key pruned (Block size > 500),"All shared keys (['India|TOK|shyam', 'India|TOK|marketing']) exceeded max_block_size"
S1-450086555,S3-375541148,source3,India,Unique Infra Private Limited,Shri Unique Inora Private Limited,"Jaipur, Neelam Hotel, Near Ganpati Plaza, Moti Lal Atal Road, Rajasthan, A-3","H.no 6. A-3, Neelam Hotel, Near Ganpati Plaza, Moti Lal Atal Road, Jaipur, RJ",unique infra,shri unique inora,False,False,True,False,False,False,India|TOK|unique,Key pruned (Block size > 500),All shared keys (['India|TOK|unique']) exceeded max_block_size
S1-692385574,S3-432257436,source3,US,Wright United Toyo LLC,Wright United,"160 Silver Leaf Lane, Yarmouth, MA","160 Silver Leaf Lane, Yarmouth, MA",wright united toyo,wright united,True,True,True,False,False,True,US|NP4|wrig;US|TOK|wright;US|NP6|wright;US|TOK|united;US|ADDR|160_silver,Truncated by max_candidates_per_query,"Shared key survived (['US|ADDR|160_silver']), but candidate rank exceeded top-200"
S1-892768886,S2-868688772,source2,US,Prairie Ministries Inc,The The Prairie Ministries Inc,"7112 Arden Court, Evansville, IN","06991 ARDEN CT, EVANSVILLE, IN",prairie ministries,the prairie ministries,False,False,True,False,False,False,US|TOK|ministries;US|TOK|prairie,Key pruned (Block size > 500),"All shared keys (['US|TOK|ministries', 'US|TOK|prairie']) exceeded max_block_size"
S1-17255841,S2-143083155,source2,India,Vadodara Softpro,softprovadodara.com,"Zone-A/9, M. I. Estate, Bhubaneswar, Khordha, Orissa","Odisha, ZONE-A/B3/9, BHUBANESWAR, KHORDHA, M. I. ESTATE",vadodara softpro,softprovadodara,False,False,False,False,False,False,,"Address similar, Name alias/mismatch","Address shares tokens {'khordha', 'i', 'bhubaneswar', 'm', 'estate'}, but names share 0 tokens"
S1-376841393,S2-943469278,source2,India,Tirupati Surya Engineering Private Limited,తిరుపతి సూర్య ఇంజనీరింగ్ ప్రైవేట్ లిమిటెడ్,"H No 8-3-319/8/3-2, Flat No 302, 3Rd Floor, Prashanthi Ram Towers, Khairatabad, Hyderabad, Telangana","H NO 008-3-319/8/3-2, HYDERABAD, Telangana",tirupati surya engineering,త ర పత స రయ ఇ జన ర గ పర వ ట ల మ ట డ,False,False,False,False,False,False,,Indic script vs Latin name,Cand name is in Indic script; no shared address key generated
S1-131190690,S3-988033921,source3,US,Express Asset Advisors,Veravionovi,"320 Righters Mill Road, Lower Merion Township, PA","320-324 Righters Mill Road, Lower Merion Township, Pennsylvania",express asset advisors,veravionovi,False,False,False,False,False,False,,"Address similar, Name alias/mismatch","Address shares tokens {'lower', 'righters', 'merion', 'mill', 'pa', 'township'}, but names share 0 tokens"
S1-632481143,S2-566335701,source2,India,Pioneer Gujarat Infra Private Limited,ಪಯೊನೀರ್ ಗುಜರಾತ್ ಇನ್‌ಫ್ರಾ ಪ್ರೈವೇಟ್ ಲಿಮಿಟೆಡ್,"9Th Street, Ferns Paradise, Bangalore North, No 755, Bangalore, Karnataka","H.NO ##755, BANGALORE, BANGALORE NORTH, Karnataka",pioneer gujarat infra,ಪಯ ನ ರ ಗ ಜರ ತ ಇನ ಫರ ಪರ ವ ಟ ಲ ಮ ಟ ಡ,False,False,False,False,False,False,,Indic script vs Latin name,Cand name is in Indic script; no shared address key generated
S1-629810901,S3-918897579,source3,US,N+ Rare Inc,N+ Inc Services,"52 Coalstone Court, Dover, DE","52 Coalstone Court, Dover, Delaware",n rare,n inc services,False,False,False,False,False,True,US|ADDR|52_coalstone,Truncated by max_candidates_per_query,"Shared key survived (['US|ADDR|52_coalstone']), but candidate rank exceeded top-200"
S1-495177163,S3-257624172,source3,India,High Projects Pvt Ltd,High Pvt Ltd Center,"Ghaziabad, Shop No.F-25, Uttar Pradesh, First Floor, The Hemisphere Royal Golf, Noida",,high projects,high pvt ltd center,True,False,True,False,False,False,India|TOK|high;India|NP4|high,Key pruned (Block size > 500),"All shared keys (['India|TOK|high', 'India|NP4|high']) exceeded max_block_size"
S1-123886742,S2-811854308,source2,India,South & Co Ltd,Smt SOUTH & CO LTD,"Shri Vithal Park Co. Op. Society, Opp. Dhor Bazar, Nr. Balikaka Temple, 11, Ahmedabad, Gujarat","11, SHRI VITHAL PARK CO. OP. SOCIETY, OPP. DHOR BAZAR, NR. BALIKAKA TEMPLE, AHMEDABAD, Gujarat",south and,smt south and,False,False,True,False,False,False,India|TOK|south,Key pruned (Block size > 500),All shared keys (['India|TOK|south']) exceeded max_block_size
S1-986953974,S3-12048174,source3,India,Shivam International Pvt Ltd,શિવમ ઇન્ટરનેશનલ પ્રા. લિ.,"Shivalik House, Nr. Aarjav Society, Nr.Satellite Policestation, Opp.Satyagruh, Chhavani, Ahmedabad, Gujarat","No 302 Shivalik House, Ahmedabad, GJ",shivam international,શ વમ ઇનટરન શનલ પર લ,False,False,False,False,False,False,,Indic script vs Latin name,Cand name is in Indic script; no shared address key generated
S1-545946302,S3-634002678,source3,US,Precision Carolina Inc,Precision Cahrorlia Inc,"75 Mahogany Run, NY, Pittsford","75 Mahoagny Run, Pittsford, New York",precision carolina,precision cahrorlia,True,True,True,False,False,False,US|NP4|prec;US|NP6|precis;US|TOK|precision,Key pruned (Block size > 500),"All shared keys (['US|NP4|prec', 'US|NP6|precis', 'US|TOK|precision']) exceeded max_block_size"
S1-919094063,S2-396879800,source2,India,Jay Food Private Limited,जय फूड प्राइवेट लिमिटेड,"Nirthan, Kharkhoda, Kharkhoda, Haryana, C/O Rajpal, Sonipat","C/O RAJPAL, NIRTHAN, KHARKHODA, SONIPAT, हरियाणा",jay food,जय फ ड पर इव ट ल म ट ड,False,False,False,False,False,False,,Indic script vs Latin name,Cand name is in Indic script; no shared address key generated
S1-612484899,S3-690547751,source3,US,Physical Therapy Care Associates Center,Physical Therapy Care Center Associates,"1168 Mere Point Road, Brunswick, ME","Mere Point Rd, Brunswick, Maine",physical therapy care associates center,physical therapy care center associates,True,True,True,True,False,False,US|TOK|care;US|NSORT|care_physical_therapy;US|TOK|physical;US|TOK|therapy;US|NP4|phys;US|NP6|physic,Truncated by max_candidates_per_query,"Shared key survived (['US|NSORT|care_physical_therapy']), but candidate rank exceeded top-200"
S1-829565132,S3-498877402,source3,India,Bangalore Realinfra Private Limited,Mr Bangalore Reaiflra Private Limited,"C-15, Swaminarayan Nagar Vibhag-2, Nr. Kalakunj Temple, Varachha Road, Surat City, Surat, Gujarat",,bangalore realinfra,mr bangalore reaiflra,False,False,True,False,False,False,India|TOK|bangalore,Key pruned (Block size > 500),All shared keys (['India|TOK|bangalore']) exceeded max_block_size
S1-594497707,S3-862056216,source3,India,Jay Services (India) Ltd,Shri Jay Sérvices (India) Ltd,"F Pl No284, T P S-Iii, Mumbai, Maharashtra, Borivali West, 401 Neelkanth","Neelkanth, Borivali West, Mumbai, MH",jay services india,shri jay services india,False,False,True,False,False,False,India|TOK|india,Key pruned (Block size > 500),All shared keys (['India|TOK|india']) exceeded max_block_size
S1-388049779,S3-547059186,source3,India,Good Tirupati Impex Private Limited,ಗುಡ್ ತಿರುಪತಿ ಇಂಪೆಕ್ಸ್ ಪ್ರೈವೇಟ್ ಲಿಮಿಟೆಡ್,"Karnataka, 4Th Floor, Smart Avenue, 80 Feet Road Indiranagar, Flat No-4-03, Bangalore","Flat No-004-03, 4Th Floor, Smart Avenue, 80 Feet Road Indiranagar, Bangalore, KA",good tirupati impex,ಗ ಡ ತ ರ ಪತ ಇ ಪ ಕಸ ಪರ ವ ಟ ಲ ಮ ಟ ಡ,False,False,False,False,False,False,,Indic script vs Latin name,Cand name is in Indic script; no shared address key generated
S1-69427521,S3-422615615,source3,India,Digital Ventures Private Limited,Zetaquo formerly known as Digital Ventures Private Limited,"Mini House Kasai Pada Old City, Dholpur, Rajasthan","Mini House Kasai Pada Old City, Dholpur, Rajasthan",digital ventures,known as digital ventures,False,False,True,False,False,False,India|TOK|digital,Key pruned (Block size > 500),All shared keys (['India|TOK|digital']) exceeded max_block_size
S1-210403116,S3-665216275,source3,India,Pioneer Industries Private Limited,Mr Pioneer Industries Private Ltd,"Zirakpur Kalka Highway Opposite Maharani Regency Hotel, Punjab, Zirakpur, Patiala","Zirakpur Kalka Highway Opposite Maharani Regency Hotel, Zirakpur, Patiala, PB",pioneer industries,mr pioneer industries,False,False,True,False,False,False,India|TOK|pioneer,Key pruned (Block size > 500),All shared keys (['India|TOK|pioneer']) exceeded max_block_size
S1-865233353,S2-241606588,source2,India,Perfect Prime Hospitality LLP,परफेक्ट प्राइम हॉस्पिटैलिटी एलएलपी,"Shanti Kunj, Bhondsi, Badshahpur, Bhondsi, Gurgaon, Haryana","SHANTI KUNJ, BHONDSI, BADSHAHPUR, BHONDSI, GURGAON, Haryana",perfect prime hospitality,परफ कट पर इम ह सप ट ल ट एलएलप,False,False,False,False,False,False,,Indic script vs Latin name,Cand name is in Indic script; no shared address key generated
S1-193928185,S2-278233591,source2,India,Eastern Consultants,ईस्टर्न कंसल्टेंट्स,"Plot No 259, Ground Floor, Pkt-B, Sector-4, Dsiidc Bawana Industrial Area, Delhi, West Delhi, Delhi","DOOR NO 259, DELHI, WEST DELHI, Delhi",eastern consultants,ईसटरन क सलट टस,False,False,False,False,False,False,,Indic script vs Latin name,Cand name is in Indic script; no shared address key generated
S1-773140953,S2-483237483,source2,India,Gujarat Technologies Private Limited,குஜராத் டெக்னாலஜீஸ் பிரைவேட் லிமிடெட்,"5Th Avenue, Orur Olcott Road Besant Nagar, Chennai, 35, Tamil Nadu","35, 5TH AVENUE, ORUR OLCOTT ROAD BESANT NAGAR, CHENNAI, Tamil Nadu",gujarat technologies,க ஜர த ட கன லஜ ஸ ப ர வ ட ல ம ட ட,False,False,False,False,False,False,,Indic script vs Latin name,Cand name is in Indic script; no shared address key generated
S1-414990330,S3-515758435,source3,US,QN Block Inc,QN  Bscck Inc,"5740 59th Avenue, Unit 1121, Glendale, AZ","574 59th Avenue, Unit 1121, Glendale, Arizona",qn block,qn bscck,False,False,False,False,False,False,,Prefix-3 match (Typo after 3 chars),Names share first 3 chars ('qnb') but diverge at char 4
S1-963030799,S2-611887822,source2,India,Val Investment Private Limited,Va1 Private Investment Limited,"Pl.No.S.-1, Shop No.-05, Dlf Ankur Vihar, Ghaziabad, Uttar Pradesh","PLOT 705 PL.NO.S.-1, SHOP NO.-05, DLF ANKUR VIHAR, GHAZIABAD, BAGHPAT, Uttar Pradesh",val investment,va1 private investment,False,False,True,False,False,False,India|TOK|investment,Key pruned (Block size > 500),All shared keys (['India|TOK|investment']) exceeded max_block_size
S1-449997515,S2-185820806,source2,US,Roberta Bissett All Illumination PLLC,robertabissettall.com,"302 Poplar Street, Joseph, OR","302D POPLAR ST, JOSEPH, OR",roberta bissett all illumination pllc,robertabissettall,True,True,False,False,False,False,US|NP6|robert;US|NP4|robe,Key pruned (Block size > 500),"All shared keys (['US|NP6|robert', 'US|NP4|robe']) exceeded max_block_size"
S1-399433959,S2-473110779,source2,US,Garcia and Coulson Cherry,garciacoulsoncherry.com,"15011 Xkimo Street, Ramsey, MN","Xkimo Street, RAMSEY, MN",garcia and coulson cherry,garciacoulsoncherry,True,True,False,False,False,False,US|NP4|garc;US|NP6|garcia,Key pruned (Block size > 500),"All shared keys (['US|NP4|garc', 'US|NP6|garcia']) exceeded max_block_size"
S1-76602165,S3-721460028,source3,US,Harbor Deutsche P.C.,Harbor Deutcaace P.C.,"883 81st Street, Beaver Creek, MN","883 1/2 81th St, Minnesota, Beaver Creek",harbor deutsche p c,harbor deutcaace p c,True,True,True,False,False,False,US|NP4|harb;US|TOK|harbor;US|NP6|harbor,Key pruned (Block size > 500),"All shared keys (['US|NP4|harb', 'US|TOK|harbor', 'US|NP6|harbor']) exceeded max_block_size"
S1-729284220,S3-382185873,source3,India,North Agro Private Limited,,"78, Kh No. 138, 1St Floor, Vill: Nawada, Vipin Garden, New Delhi, West Delhi, Delhi","Kh No. 138, 1St Floor, Vill: Nawada, Vipin Garden, Delhi, 78, West Delhi, New Delhi",north agro,,False,False,False,False,False,False,,Candidate name missing,"Cand name is missing, and address keys did not match"
S1-322813591,S3-773171859,source3,India,Indian Trading Private Limited,Indian Trading Limited Center,"No.-2 Ground Floor Geeta Bhavan, 15A North West Avenue Road Punjabi Bagh West, New Delhi, West Delhi, Delhi","New Delhi, West Delhi, DL, No.-2 Ground Floor Geeta Bhavan",indian trading,indian trading ltd center,True,True,True,False,False,True,India|ADDR|-2_geeta;India|NP4|indi;India|TOK|indian;India|NP6|indian,Truncated by max_candidates_per_query,"Shared key survived (['India|ADDR|-2_geeta']), but candidate rank exceeded top-200"
S1-911466358,S2-527043966,source2,India,Balaji Finance Pvt Ltd,Sri BALAJI FIANNOCE PVT  LTD,"First Floor, V/4, Valar Nagar, Melur, Madurai, Tamil Nadu","FIRST FLOOR, V/4-, VALAR NAGAR, MELUR, தமிழ்நாடு",balaji finance,sri balaji fiannoce,False,False,True,False,False,False,India|TOK|balaji,Key pruned (Block size > 500),All shared keys (['India|TOK|balaji']) exceeded max_block_size
S1-442624189,S3-43486791,source3,US,Empire Direct Earths LLC,Empiredirectearths.Com,"424 523, Fyffe, AL","424- 523, Fyffe, Alabama",empire direct earths,empiredirectearths,True,True,False,False,True,False,US|NP6|empire;US|NCOMP|empiredirectearths;US|NP4|empi,Truncated by max_candidates_per_query,"Shared key survived (['US|NCOMP|empiredirectearths']), but candidate rank exceeded top-200"
S1-451731570,S2-294221614,source2,India,International Finance Private Limited,ఇంటర్నేషనల్ ఫైనాన్స్ ప్రైవేట్ లిమిటెడ్,"# 1-3-53, Hyderabad, General Bazar, Telangana, Sunderabad","DOOR NO B3/1-3-53, GENERAL BAZAR, SUNDERABAD, HYDERABAD, Telangana",international finance,ఇ టరన షనల ఫ న నస పర వ ట ల మ ట డ,False,False,False,False,False,False,,Indic script vs Latin name,Cand name is in Indic script; no shared address key generated
S1-491658200,S2-593136216,source2,India,Baba Infotech Private Limited,बाबा इंफोटेक प्राइवेट लिमिटेड,"First Floor Shop No. 130, Vasudev Sky High Chs Ltd, Thane, Maharashtra","NO. ##620 FIRST FLOOR SHOP NO. 130, VASUDEV SKY HIGH CHS LTD, THANE, Maharashtra",baba infotech,ब ब इ फ ट क पर इव ट ल म ट ड,False,False,False,False,False,False,,Indic script vs Latin name,Cand name is in Indic script; no shared address key generated
S1-146845100,S2-341455263,source2,US,Orthopedic Associates Inc,ORTHOPEDIC AOSOSOOITES INC,"360 324 Street, Willowick, OH",,orthopedic associates,orthopedic aososooites,True,True,True,False,False,False,US|NP4|orth;US|TOK|orthopedic;US|NP6|orthop,Key pruned (Block size > 500),"All shared keys (['US|NP4|orth', 'US|TOK|orthopedic', 'US|NP6|orthop']) exceeded max_block_size"
S1-68411138,S3-53538590,source3,India,Chennai - 600 080. Concept Ltd,Chennai  - 600 080. Ltd Center,"445, 16Th Street, Tnhb Colony, Korattur, Chennai - 600 080., Chennai, Tamil Nadu","445, Tiruvallur, Chennai, தமிழ்நாடு",chennai 600 080 concept,chennai 600 080 ltd center,True,True,True,False,False,False,India|NP4|chen;India|TOK|chennai;India|NP6|chenna,Key pruned (Block size > 500),"All shared keys (['India|NP4|chen', 'India|TOK|chennai', 'India|NP6|chenna']) exceeded max_block_size"
S1-408652294,S2-441686547,source2,India,Jain Consultancy Private Limited,জৈন কনসালটেন্সি প্রাইভেট লিমিটেড,"Holding Number-642/766, Shop Number-16, Contai, East Midnapore, West Bengal","HOLDING NUMBER-642/766, CONTAI, West Bengal, EAST MIDNAPORE",jain consultancy,জ ন কনস লট নস পর ইভ ট ল ম ট ড,False,False,False,False,False,False,,Indic script vs Latin name,Cand name is in Indic script; no shared address key generated
S1-198974746,S2-600394525,source2,US,Cardinal Inc,Caardgca Inc,"170 S Common Street, Unit 501, Lynn, MA","0170 S COMMON STREET, LYNN, MA",cardinal,caardgca,False,False,False,False,False,True,US|ADDR|170_common,Truncated by max_candidates_per_query,"Shared key survived (['US|ADDR|170_common']), but candidate rank exceeded top-200"
S1-968802604,S3-637842781,source3,India,Ma Health (India) Private Limited,Ma Limited (India) Private Health,"Plot No. 4, Bhagirathy Ammal Street, R A Puram, Chennai City Corporation, Chennai, Tamil Nadu",,ma health india,ma ltd india private health,False,False,True,True,False,False,India|TOK|india;India|TOK|health;India|NSORT|health_india,Truncated by max_candidates_per_query,"Shared key survived (['India|NSORT|health_india']), but candidate rank exceeded top-200"
S1-609996572,S3-366128148,source3,India,Future Management Pvt Ltd,फ्यूचर मैनेजमेंट प्रा. लि.,"C 199, Third Floor Sarvodaya Enclave, New Delhi, South Delhi, Delhi","New Delhi, South Delhi, Third Floor Sarvodaya Enclave, DL, C 199",future management,फय चर म न जम ट पर ल,False,False,False,False,False,False,,Indic script vs Latin name,Cand name is in Indic script; no shared address key generated
S1-474626038,S2-918275371,source2,US,Silver Property Networks Inc,Silver  Property,"2968 Govan Way, Sacramento, CA","3169. GOVAN WAY, SACRAMENTO, CA",silver property networks,silver property,True,True,True,False,False,False,US|NP4|silv;US|TOK|silver;US|TOK|property;US|NP6|silver,Key pruned (Block size > 500),"All shared keys (['US|NP4|silv', 'US|TOK|silver', 'US|TOK|property', 'US|NP6|silver']) exceeded max_block_size"
S1-942355854,S3-127654078,source3,India,Ss Investment Private Limited,एसएस इन्वेस्टमेंट प्राइवेट लिमिटेड,"C/O. Shakuntala Devi, Akhlour, Keri Road, Muzaffarnagar, Uttar Pradesh","C/o. Shakuntala Devi, Akhlour, Keri Road, Muzaffarnagar, UP",ss investment,एसएस इनव सटम ट पर इव ट ल म ट ड,False,False,False,False,False,False,,Indic script vs Latin name,Cand name is in Indic script; no shared address key generated
S1-266544063,S2-133460267,source2,India,Gujarat Food LLP,गुजरात फूड एलएलपी,"Tigrania House, Opp. Mseb Sub Station Tigrania Nagar, Nashik, Maharashtra","TIGRANIA HOUSE, NASHIK, महाराष्ट्र",gujarat food,ग जर त फ ड एलएलप,False,False,False,False,False,False,,Indic script vs Latin name,Cand name is in Indic script; no shared address key generated
S1-255639999,S3-538155458,source3,US,"Fleetwood, Johnston and Chapman Keystone LLC",Chapmanjohnstonfleetwood.Com,"191 Carreta Lane, City Of Socorro, TX","191 Carreta Lane, City Of Socorro, Texas",fleetwood johnston and chapman keystone,chapmanjohnstonfleetwood,False,False,False,False,False,True,US|ADDR|191_carreta,Truncated by max_candidates_per_query,"Shared key survived (['US|ADDR|191_carreta']), but candidate rank exceeded top-200"
S1-991226123,S3-952060287,source3,India,One Infra Private Limited,One Private  Limited Partners,"B-803, Safal Solitaire Corporate Park Nr Divya Bhaskar Press S G Highway Makarba, Ahmedabad, Gujarat","Hn D/409 B-803, Ahmedabad, GJ",one infra,one pvt ltd partners,False,False,False,False,False,True,India|UNIT|b803,Truncated by max_candidates_per_query,"Shared key survived (['India|UNIT|b803']), but candidate rank exceeded top-200"
S1-60356357,S2-809642840,source2,US,Robinson Silver Care Inc,Robinson Silver,"115 Rivercrest Drive, Luling, TX",,robinson silver care,robinson silver,True,True,True,False,False,False,US|NP6|robins;US|TOK|robinson;US|TOK|silver;US|NP4|robi,Key pruned (Block size > 500),"All shared keys (['US|NP6|robins', 'US|TOK|robinson', 'US|TOK|silver', 'US|NP4|robi']) exceeded max_block_size"
S1-666781458,S3-900747625,source3,US,Fresh Fuel Inc,Caloumbra,"6 Pine Grove Road, Westford, MA","6-10 Pine Grove Road, Westford, Massachusetts",fresh fuel,caloumbra,False,False,False,False,False,False,,"Address similar, Name alias/mismatch","Address shares tokens {'grove', 'pine', 'westford'}, but names share 0 tokens"
S1-758391186,S2-36287475,source2,India,Ss Star Investment Private Limited,ఎస్‌ఎస్ స్టార్ ఇన్వెస్ట్‌మెంట్ ప్రైవేట్ లిమిటెడ్,"P No.56, Guttala Begumpet, Madhapur, Hyderabad, Shaikpet, Hyderabad, Telangana","PLOT 69 P NO.56, GUTTALA BEGUMPET, MADHAPUR, HYDERABAD, SHAIKPET, HYDERABAD, Telangana",ss star investment,ఎస ఎస సట ర ఇనవ సట మ ట పర వ ట ల మ ట డ,False,False,False,False,False,False,,Indic script vs Latin name,Cand name is in Indic script; no shared address key generated
S1-711051679,S3-754499092,source3,US,Bright Tattoo,BRlGHT TATTOO,"N10776 K, Loyal, WI","N10776-A K, Loyal, Wisconsin",bright tattoo,brlght tattoo,False,False,True,False,False,False,US|TOK|tattoo,Key pruned (Block size > 500),All shared keys (['US|TOK|tattoo']) exceeded max_block_size
S1-840278172,S3-240882584,source3,India,Royal Consulting Private Limited,रॉयल कंसल्टिंग प्राइवेट लिमिटेड,"S.No 64/5, Fl No C10, Padma Park Apartment Near Padamavati Mandir, Pune, Maharashtra","Plot 570 S.no 64/5, Pune, MH",royal consulting,र यल क सलट ग पर इव ट ल म ट ड,False,False,False,False,False,True,India|PLOT|64/5,Truncated by max_candidates_per_query,"Shared key survived (['India|PLOT|64/5']), but candidate rank exceeded top-200"
S1-267682501,S3-474020962,source3,US,JK Grand Adamas LLC,JK Gd Adamas LLC,"4712 Comal Street, Pearland, TX","471 Comal St, Pearland CIY, Texas",jk grand adamas,jk gd adamas,False,False,True,False,False,False,US|TOK|adamas,Truncated by max_candidates_per_query,"Shared key survived (['US|TOK|adamas']), but candidate rank exceeded top-200"
S1-112308458,S2-808492411,source2,US,Pioneer Semiconductor Global PC,Pioneer Global PC Service,"39 Scranton Avenue, NY, Staten Island","39-A SCRANTON AVENUE, STATEN ISLAND, NY",pioneer semiconductor global pc,pioneer global pc service,True,True,True,False,False,False,US|NP6|pionee;US|NP4|pion;US|TOK|pioneer,Key pruned (Block size > 500),"All shared keys (['US|NP6|pionee', 'US|NP4|pion', 'US|TOK|pioneer']) exceeded max_block_size"
S1-601212223,S3-749048210,source3,India,Chennai Technologies Private Limited,ChénnaitechnologiesCom,"No.1/1525B, 4Th Street B.M.Nagar, Chennai, Tamil Nadu","No.1/1525, 4Th Street B.m.nagar, Chennai, TN",chennai technologies,chennaitechnologiescom,True,True,False,False,False,False,India|NP4|chen;India|NP6|chenna,Key pruned (Block size > 500),"All shared keys (['India|NP4|chen', 'India|NP6|chenna']) exceeded max_block_size"
S1-708400226,S2-737021373,source2,US,Trinity Lutheran Church,TRINITY LUTSHRN CHURCH,"1023 Dakota Street, Spring Valley, IL","DAKOTA ST, SPRING VALLEY, IL",trinity lutheran church,trinity lutshrn church,True,True,True,False,False,False,US|TOK|trinity;US|NP6|trinit;US|NP4|trin;US|TOK|church,Key pruned (Block size > 500),"All shared keys (['US|TOK|trinity', 'US|NP6|trinit', 'US|NP4|trin', 'US|TOK|church']) exceeded max_block_size"
S1-544682121,S3-243039341,source3,India,United Projects Pvt Ltd,यूनाइटेड प्रोजेक्ट्स प्रा. लि.,"C/O Bishwa Raman Kumar Singh, S/O Dr Rama Sinha Gachhi Tola, Near Bus Stand, P.S- Town Th, Ana, Begusarai, Bihar","C/o Bishwa Raman Kumar Singh, Begusarai, BR",united projects,य न इट ड पर ज कटस पर ल,False,False,False,False,False,False,,Indic script vs Latin name,Cand name is in Indic script; no shared address key generated
S1-971070058,S3-259186358,source3,US,Slate Associates,5late Asoccatbes,"OH, 356 Reed Avenue, Akron","356 Reed Ave, Akron, Ohio",slate associates,5late asoccatbes,False,False,False,False,False,True,US|ADDR|356_reed,Truncated by max_candidates_per_query,"Shared key survived (['US|ADDR|356_reed']), but candidate rank exceeded top-200"
S1-388049779,S2-278548650,source2,India,Good Tirupati Impex Private Limited,ಗುಡ್ ತಿರುಪತಿ ಇಂಪೆಕ್ಸ್ ಪ್ರೈವೇಟ್ ಲಿಮಿಟೆಡ್,"Karnataka, 4Th Floor, Smart Avenue, 80 Feet Road Indiranagar, Flat No-4-03, Bangalore","FLAT NO-4-03/7, 4TH FLOOR, SMART AVENUE, 80 FEET ROAD INDIRANAGAR, BANGALORE, INDIRANAGAR, ಕರ್ನಾಟಕ",good tirupati impex,ಗ ಡ ತ ರ ಪತ ಇ ಪ ಕಸ ಪರ ವ ಟ ಲ ಮ ಟ ಡ,False,False,False,False,False,False,,Indic script vs Latin name,Cand name is in Indic script; no shared address key generated
S1-908063079,S2-689931902,source2,India,Real Good Services Limited,રિયલ ગુડ સર્વિસીસ લિમિટેડ,"6, Amravati Society, Opp. Reliance Petrol Pump, Gotri Road, Vadodara, Gujarat","6, VADODARA, ગુજરાત, VADODARA",real good services,ર યલ ગ ડ સરવ સ સ લ મ ટ ડ,False,False,False,False,False,False,,Indic script vs Latin name,Cand name is in Indic script; no shared address key generated
S1-237739500,S3-797828547,source3,India,Perfect Exports Pvt Ltd,Perfect Pvt Ltd Center,"Jaipur, Samridhi Tower, Iiird Floor, Near Sbi Bank Jda Central Market, Amrapali Circle, Vais, Hali Nagar, S-1, Rajasthan, Jaipur","RJ, Jaipur, Door No ##719 S-1, Jaipur",perfect exports,perfect pvt ltd center,True,True,True,False,False,False,India|NP6|perfec;India|TOK|perfect;India|NP4|perf,Key pruned (Block size > 500),"All shared keys (['India|NP6|perfec', 'India|TOK|perfect', 'India|NP4|perf']) exceeded max_block_size"
S1-425573756,S3-65200494,source3,India,Great Tech LLP,ग्रेट टेक एलएलपी,"1St Floor Vijas House Densons Plot No C 1 Cama Industrial Estate Walbhatt Road Gao, Regaon E, Mumbai, Mumbai City, Maharashtra","No 1St/2 Floor Vijas House Densons Plot No C 1 Cama Industrial Estate Walbhatt Road Gao, Regaon E, Mumbai, Mumbai City, MH",great tech,गर ट ट क एलएलप,False,False,False,False,False,False,,Indic script vs Latin name,Cand name is in Indic script; no shared address key generated
S1-222115348,S3-345877468,source3,India,Consulting Vb Productsprivate Ltd,Consulting Vb,"Groundfloor Zameercomplex, Behind Sbi, Canal Road, Raebarely, Raebareli, Uttar Pradesh","Hn 480 Groundfloor Zameercomplex, Behind Sbi, Canal Road, Raebarely, Raebareli, UP",consulting vb productsprivate,consulting vb,True,True,False,False,False,False,India|NP6|consul;India|NP4|cons,Key pruned (Block size > 500),"All shared keys (['India|NP6|consul', 'India|NP4|cons']) exceeded max_block_size"
S1-894328332,S2-688627620,source2,India,Seven High Exports Private Limited,सेवन हाई एक्सपोर्ट्स प्राइवेट लिमिटेड,"Plot No. 179, Sector 27-28, Hisar, Hissar, Haryana","PLOT NO. ##179, HISSAR, Haryana",seven high exports,स वन ह ई एकसप रटस पर इव ट ल म ट ड,False,False,False,False,False,False,,Indic script vs Latin name,Cand name is in Indic script; no shared address key generated
S1-35831332,S2-221469323,source2,US,Horizon Supreme Third L.L.C.,THIRDHORIZONSUPREME.COM,"11229 B Avalanche Way, Columbia, MD","1229 B AVALANCHE WAY, COLUMBIA CITY, MD",horizon supreme third,thirdhorizonsupreme,False,False,False,False,False,False,,"Address similar, Name alias/mismatch","Address shares tokens {'avalanche', 'b', 'way', 'columbia', 'md'}, but names share 0 tokens"
S1-142832040,S3-593700131,source3,US,Sullivan Better Sony,Belonovivio,"309 Litchfield Street, Unit Apartment 1, Frankfort, NY","Franfort CITY, New York, 309 Litchfield Street, N/A",sullivan better sony,belonovivio,False,False,False,False,False,True,US|ADDR|309_litchfield,Truncated by max_candidates_per_query,"Shared key survived (['US|ADDR|309_litchfield']), but candidate rank exceeded top-200"
S1-805742318,S3-572546572,source3,India,Dream Builders Private Limited,ড্রিম বিল্ডার্স প্রাইভেট লিমিটেড,"Upper Bagdogra, Opposite Bus Stand, P.O & P.S-Bagdogra, Phansidewa, Darjiling, Darjeeling, West Bengal","Upper Bagdogra, Darjiling, Darjeeling, পশ্চিমবঙ্গ",dream builders,ডর ম ব লড রস পর ইভ ট ল ম ট ড,False,False,False,False,False,False,,Indic script vs Latin name,Cand name is in Indic script; no shared address key generated
S1-742696221,S3-232874027,source3,US,Havens Diamond Duration LLC,Lyraavi,"10525 Constitution Avenue, Albuquerque, NM","010525 Constitution Ave, Abuquerque, New Mexico",havens diamond duration,lyraavi,False,False,False,False,False,True,US|ADDR|10525_constitution,Truncated by max_candidates_per_query,"Shared key survived (['US|ADDR|10525_constitution']), but candidate rank exceeded top-200"
S1-879207596,S3-425703002,source3,India,Prime Investment Private Limited,प्राइम इन्वेस्टमेंट प्राइवेट लिमिटेड,"Flat No. 302, Buld. No A, Heliconia Ii Magarpatta, Pune City, Pune, Maharashtra","Pune, Buld. No A, Heliconia Ii Magarpatta, Flat No. 302, Pune City, महाराष्ट्र",prime investment,पर इम इनव सटम ट पर इव ट ल म ट ड,False,False,False,False,False,False,,Indic script vs Latin name,Cand name is in Indic script; no shared address key generated
S1-987375275,S3-459105416,source3,India,Hari Investment Private Limited,హరి ఇన్వెస్ట్‌మెంట్ ప్రైవేట్ లిమిటెడ్,"Hyderabad, Madhapur, Software Units Layout, Hitec City, Telangana, Plot # 4","Plot # 4/4, Madhapur, Hyderabad, TG",hari investment,హర ఇనవ సట మ ట పర వ ట ల మ ట డ,False,False,False,False,False,False,,Indic script vs Latin name,Cand name is in Indic script; no shared address key generated
S1-385468358,S3-983626021,source3,US,Zephyr Arrow LLC,Zephyr LLC Services,"901 Nature Walk Boulevard, Huntsville, AL","Nature Walk Boulevard, Huntsville, Alabama",zephyr arrow,zephyr llc services,True,True,True,False,False,False,US|NP6|zephyr;US|NP4|zeph;US|TOK|zephyr,Truncated by max_candidates_per_query,"Shared key survived (['US|NP6|zephyr', 'US|TOK|zephyr']), but candidate rank exceeded top-200"
S1-613349394,S3-803301102,source3,India,Premier & Co Limited,Premier Co Limited Services,"310, Shyam Bhavan B. P. Road, Bhayandar (East), Thane, Maharashtra","MH, 310, Bhayandar (East)",premier and,premier co ltd services,True,True,True,False,False,False,India|TOK|premier;India|NP6|premie;India|NP4|prem,Key pruned (Block size > 500),"All shared keys (['India|TOK|premier', 'India|NP6|premie', 'India|NP4|prem']) exceeded max_block_size"
S1-638016430,S3-288696915,source3,US,Vision Group,#visi0n,"OH, Killbuck, 186 Grover Street","186D Grover Street, Ohio, Killbuck",vision group,vision,True,True,True,False,False,False,US|NP4|visi;US|TOK|vision;US|NP6|vision,Key pruned (Block size > 500),"All shared keys (['US|NP4|visi', 'US|TOK|vision', 'US|NP6|vision']) exceeded max_block_size"
S1-738071841,S3-656325628,source3,India,Origin Trading,0rigin  Trading,"401, Block D, Alaknanda Cghs, Plot No. 15, Sector 56, Gurgaon, Haryana","401, Gurgaon, हरियाणा, Block D, Alaknanda Cghs, Plot No. 15, Sector 56, Gurgaon",origin trading,0rigin trading,False,False,False,False,False,False,,Token variation / Substring,Sub-token present in raw candidate name but missed in core name
S1-595584379,S2-90794520,source2,US,Pediatric Continental Associates LLC,Pediatric Associates LLC Center,"1208 Stafford Road, Darlington, MD",,pediatric continental associates,pediatric associates llc center,True,True,True,False,False,False,US|TOK|pediatric;US|NP6|pediat;US|NP4|pedi,Key pruned (Block size > 500),"All shared keys (['US|TOK|pediatric', 'US|NP6|pediat', 'US|NP4|pedi']) exceeded max_block_size"
S1-791891306,S3-126438450,source3,US,Chiropractic Partners of Bloomington Group,Chiropractic Partners of,"215 16th Street, Bloomington, IN","215 16st Street, Blomington, Indiana",chiropractic partners of bloomington group,chiropractic partners of,True,True,True,False,False,False,US|NP6|chirop;US|TOK|chiropractic;US|TOK|partners;US|NP4|chir,Key pruned (Block size > 500),"All shared keys (['US|NP6|chirop', 'US|TOK|chiropractic', 'US|TOK|partners', 'US|NP4|chir']) exceeded max_block_size"
S1-890829541,S3-734537723,source3,India,Gujarat Producer Private Limited,गुजरात प्रोड्यूसर प्राइवेट लिमिटेड,"Flat No 4143, First Floor Gali Shahtara, Ajmeri Gate Delhi, Delhi, Central Delhi, Delhi","H.no 4143/4, Delhi, Central Delhi, DL",gujarat producer,ग जर त पर डय सर पर इव ट ल म ट ड,False,False,False,False,False,False,,Indic script vs Latin name,Cand name is in Indic script; no shared address key generated
S1-480754757,S2-667921032,source2,India,East Consulting Private Limited,ইস্ট কনসাল্টিং প্রাইভেট লিমিটেড,"66 Salkia School Rdsalkia P S Golabari, Howrah, West Bengal","#64 STLKIA SCHOOL RDSALKIA P S GOLABARI, HOWRAH, West Bengal",east consulting,ইসট কনস লট পর ইভ ট ল ম ট ড,False,False,False,False,False,False,,Indic script vs Latin name,Cand name is in Indic script; no shared address key generated
S1-27444152,S3-578691751,source3,US,Martinez Cap LLC,Martinez LLC Services,"5821 Burgundy Rose Drive, Fort Worth, TX",,martinez cap,martinez llc services,True,True,True,False,False,False,US|TOK|martinez;US|NP4|mart;US|NP6|martin,Key pruned (Block size > 500),"All shared keys (['US|TOK|martinez', 'US|NP4|mart', 'US|NP6|martin']) exceeded max_block_size"
S1-636220578,S3-681005545,source3,US,Interstate Prudential LLC,Interstate Prucdenetil LLC,"4165 Meadowlark Trail, Stow, OH","Ohio, 416 Meadowlark Trl, STOW CITY",interstate prudential,interstate prucdenetil,True,True,True,False,False,False,US|TOK|interstate;US|NP6|inters;US|NP4|inte,Key pruned (Block size > 500),"All shared keys (['US|TOK|interstate', 'US|NP6|inters', 'US|NP4|inte']) exceeded max_block_size"
S1-32048079,S3-134350666,source3,India,Galaxy Bombay Management Private Limited,गैलेक्सी बॉम्बे मैनेजमेंट प्राइवेट लिमिटेड,"South West Delhi, Delhi, Mansih Chamber-Iv, Plot No-7, Sector-12. Lsc Dwarka 3Rd Floor, Office No. T-6, Delhi","Office No. T-6., Delhi, South West Delhi, DL",galaxy bombay management,ग ल कस ब मब म न जम ट पर इव ट ल म ट ड,False,False,False,False,False,False,,Indic script vs Latin name,Cand name is in Indic script; no shared address key generated
S1-859261995,S2-190670604,source2,India,Lotus Producer Pvt Ltd,लोटस प्रोड्यूसर प्रा. लि.,"S/O-Ram Murat, H.No-1/165, Ward No-2, Barwan Nasirpur, Nibiyahwa Pokhra, Akbarpur, Ambedkar Nagar, Uttar Pradesh","S/O-RAM MURAT, AKBARPUR, AMBEDKAR NAGAR, Uttar Pradesh",lotus producer,ल टस पर डय सर पर ल,False,False,False,False,False,False,,Indic script vs Latin name,Cand name is in Indic script; no shared address key generated
S1-707471734,S3-259531581,source3,India,Eastern It Private Limited,ஈஸ்டர்ன் ஐடி பிரைவேட் லிமிடெட்,"32, Aziz Mulk I Street, Thousand Lights, Chennai, Tamil Nadu","##32, Chennai, தமிழ்நாடு",eastern it,ஈஸடரன ஐட ப ர வ ட ல ம ட ட,False,False,False,False,False,False,,Indic script vs Latin name,Cand name is in Indic script; no shared address key generated
S1-884109234,S3-166992370,source3,India,Digital Exports,DE,"Katihar, Nayatola P.O-Katihar, Katihar, Bihar","Nayatola P.O-Katihar, Katihar, Bihar",digital exports,de,False,False,False,False,False,False,,Short business name,Short name (<4 chars) produced no prefix/token matches
S1-904567149,S3-505611395,source3,India,TXO Automation Ltd,Ltd. TX0 Automation,"203, Vardhman Plaza Vasundhara Enclave, Delhi, East Delhi, Delhi","DL, East Delhi, Delhi, Vardhman Plaza Vasundhara Enclave, 203",txo automation,tx0 automation,False,False,True,False,False,False,India|TOK|automation,Truncated by max_candidates_per_query,"Shared key survived (['India|TOK|automation']), but candidate rank exceeded top-200"
S1-117328785,S3-404008912,source3,US,Strategic Agricultural Alliance Inc,Strategic Agricultural,"14 Wanless Lane, Trout Creek, MT","409 Wanless Lane, Trout Creek, Montana",strategic agricultural alliance,strategic agricultural,True,True,True,False,False,False,US|TOK|strategic;US|TOK|agricultural;US|NP6|strate;US|NP4|stra,Key pruned (Block size > 500),"All shared keys (['US|TOK|strategic', 'US|TOK|agricultural', 'US|NP6|strate', 'US|NP4|stra']) exceeded max_block_size"
S1-360026263,S2-78385488,source2,US,Surgical Clinic LLC,Surgical Clinic | www.surgicalc.com,"622 W Woodlawn Ave, Louisville, KY",,surgical clinic,surgical clinic www surgicalc,True,True,True,False,False,False,US|NP6|surgic;US|TOK|clinic;US|TOK|surgical;US|NP4|surg,Key pruned (Block size > 500),"All shared keys (['US|NP6|surgic', 'US|TOK|clinic', 'US|TOK|surgical', 'US|NP4|surg']) exceeded max_block_size"
S1-643250297,S3-190727236,source3,India,Rajkot Consulting Ltd,Services Rajkot Ltd,"Office No 1303, 13Th Floor, Rk World Tower, Nr Shital Park, 150 Ft Ring Road, Rajkot, Gujarat","13Th Floor, Rk World Tower, Nr Shital Park, 150 Ft Ring Road, Morbi, Rajkot, No. 408 Office No 1303, ગુજરાત",rajkot consulting,services rajkot,False,False,True,False,False,False,India|TOK|rajkot,Truncated by max_candidates_per_query,"Shared key survived (['India|TOK|rajkot']), but candidate rank exceeded top-200"
S1-300598855,S2-65111536,source2,India,Green Fortune Software Private Limited,கிரீன் ஃபார்ச்சூன் சாஃப்ட்வேர் பிரைவேட் லிமிடெட்,"Sixth Floor, Rr Tower Iii, T.V.K Industrial Estate, Guindy, Chennai, Chennai, Tamil Nadu","SITXH FLOOR, RR TOWER III, T.V.K INDUSTRIAL ESTATE, GUINDY, CHENNAI, CHENNAI, தமிழ்நாடு",green fortune software,க ர ன ஃப ரசச ன ச ஃபடவ ர ப ர வ ட ல ம ட ட,False,False,False,False,False,False,,Indic script vs Latin name,Cand name is in Indic script; no shared address key generated
S1-209669739,S2-517008954,source2,India,United Investments Private Limited,यूनाइटेड इन्वेस्टमेंट्स प्राइवेट लिमिटेड,"Office No -03, First Floor, G-69 Sector-63, Noida, Gautam Buddha Nagar, Uttar Pradesh","BLOCK C-886 OFFICE NO -03, GAUTAM BUDDHA NAGAR, NOIDA, Uttar Pradesh",united investments,य न इट ड इनव सटम टस पर इव ट ल म ट ड,False,False,False,False,False,False,,Indic script vs Latin name,Cand name is in Indic script; no shared address key generated
S1-165422067,S3-517616540,source3,India,Jrv Agro Limited,Jrv,"Rahanja, Bhadrak, Balasore, Orissa","Rahanja, Bhadrak, Balasore, Orissa",jrv agro,jrv,False,False,False,False,False,False,,Short business name,Short name (<4 chars) produced no prefix/token matches
S1-61434219,S2-962293088,source2,India,Hitech Engineering Private Limited,हाईटेक इंजीनियरिंग प्राइवेट लिमिटेड,"Shop 401 In 2214 Forth Floor, Gurudwara Road, Karol Bagh, Delhi, Central Delhi, Delhi","PLOT 577 SHOP 401 IN 2214 FORTH FLOOR, GURUDWARA ROAD, KAROL BAGH, CENTRAL, CENTRAL DELHI, Delhi",hitech engineering,ह ईट क इ ज न यर ग पर इव ट ल म ट ड,False,False,False,False,False,False,,Indic script vs Latin name,Cand name is in Indic script; no shared address key generated
S1-274126313,S3-850112871,source3,US,"Obsidian, LLC","Korbrixx D.B.A. Obsidian, LLC","3907 Hamilton Road, Deer Park, WA","3907 Hamilton Road, Deer Park, WA",obsidian,korbrixx d b a obsidian,False,False,True,False,False,True,US|ADDR|3907_hamilton;US|TOK|obsidian,Truncated by max_candidates_per_query,"Shared key survived (['US|ADDR|3907_hamilton', 'US|TOK|obsidian']), but candidate rank exceeded top-200"
S1-655628490,S2-861288400,source2,India,Vision Impex Limited,विजन इम्पेक्स लिमिटेड,"Flat No 104, Wing-B, Shiv Shivam Tower Adarsh Nagar, Jogeshwari West, Mumbai, Mumbai City, Maharashtra","FLAT NO 104, MUMBAI, MUMBAI CITY, महाराष्ट्र",vision impex,व जन इमप कस ल म ट ड,False,False,False,False,False,False,,Indic script vs Latin name,Cand name is in Indic script; no shared address key generated
S1-342466559,S2-874173213,source2,US,Pioneer Battery Inc,PIONEER BÁTTRTRY INC,"737 Barry Street, Agawam, MA","BARRY ST, FEEDING IHLLS, MA",pioneer battery,pioneer battrtry,True,True,True,False,False,False,US|NP6|pionee;US|NP4|pion;US|TOK|pioneer,Key pruned (Block size > 500),"All shared keys (['US|NP6|pionee', 'US|NP4|pion', 'US|TOK|pioneer']) exceeded max_block_size"
S1-952898857,S3-182839725,source3,India,Shivam Global Private Limited,शिवम ग्लोबल Private Limited,"H.No 1311 Urban Estate, Jind, Haryana","H.no C-1311 Urban Estate, Jind, हरियाणा",shivam global,श वम गल बल,False,False,False,False,False,False,,Indic script vs Latin name,Cand name is in Indic script; no shared address key generated
S1-631761609,S2-890113107,source2,India,Alpha Marketing Private Limited,अल्फा मार्केटिंग प्राइवेट लिमिटेड,"Plot.I N Kh.No.78 Min, 1St/F, Kapashera Near Deepan Hospital, New Delhi, South West Delhi, Delhi","PLO.I N KH.NO.5-78 MIN, NEW DELHI, SOUTH WEST DELHI, Delhi",alpha marketing,अलफ म रक ट ग पर इव ट ल म ट ड,False,False,False,False,False,False,,Indic script vs Latin name,Cand name is in Indic script; no shared address key generated
S1-54369027,S3-960260294,source3,India,Dream Infra,டிரீம் இன்ஃப்ரா,"Doorno.10 Near Ambedkarstatue Putlur (E) Tiruvallur District, Tiruvallur District, Chennai, Tamil Nadu","Door No A-10 Near Ambedkarstatue Putlur (E) Tiruvallur District, Tiruvallur, Tiruvallur District, TN",dream infra,ட ர ம இனஃபர,False,False,False,False,False,False,,Indic script vs Latin name,Cand name is in Indic script; no shared address key generated
S1-804036808,S3-997522896,source3,India,Ram Projects Private Limited,राम प्रोजेक्ट्स प्राइवेट लिमिटेड,"Khet No. 250 Mauja Vajidp, Nada Paragana Tehsil Kol, Aligarh, Uttar Pradesh","Khet No. 250 Mauja Vajidp, Aligarh, UP",ram projects,र म पर ज कटस पर इव ट ल म ट ड,False,False,False,False,False,True,India|ADDR|250_mauja,Truncated by max_candidates_per_query,"Shared key survived (['India|ADDR|250_mauja']), but candidate rank exceeded top-200"
S1-307432736,S3-859811906,source3,India,Great Power Pvt Ltd,ग्रेट पावर प्रा. लि.,"C/O-Ramakant Madhavrao Gade, Opposite Kanifnath Mandir, Near Tamboli Farm, At Parewadi, Paragaonahmadnagar, Nagar, Ahmed Nagar, Maharashtra","C/o-ramakant Madhavrao Gade, Opposite Kanifnath Mandir, Near Tamboli Farm, At Parewadi, Paragaonahmadnagar, Nagar, Ahmed Nagar, MH",great power,गर ट प वर पर ल,False,False,False,False,False,False,,Indic script vs Latin name,Cand name is in Indic script; no shared address key generated
S1-942355854,S2-592841671,source2,India,Ss Investment Private Limited,एसएस इन्वेस्टमेंट प्राइवेट लिमिटेड,"C/O. Shakuntala Devi, Akhlour, Keri Road, Muzaffarnagar, Uttar Pradesh","MUZAFFARNAGAR, Uttar Pradesh, C/O. SHAKUNTALA DEVI, MUZAFFARNAGAR",ss investment,एसएस इनव सटम ट पर इव ट ल म ट ड,False,False,False,False,False,False,,Indic script vs Latin name,Cand name is in Indic script; no shared address key generated
S1-282978369,S2-850142693,source2,India,Krishna Impex Private Limited,कृष्ण इम्पेक्स प्राइवेट लिमिटेड,"Office No.2, Ground Floor, Mayfair Tower Ii, Wakdewadi, Shivaji Nagar, Pune, Maharashtra","H.NO 51 OFFICE NO.2, GROUND FLOOR, MAYFAIR TOWER II, WAKDEWADI, SHIVAJI NAGAR, PUNE, Maharashtra",krishna impex,क षण इमप कस पर इव ट ल म ट ड,False,False,False,False,False,False,,Indic script vs Latin name,Cand name is in Indic script; no shared address key generated
S1-664638595,S2-283630255,source2,US,Empire Pacific Flagstar,Empire Pacific,"TX, Alvin, 620 Cr 99","620 CR 99, ALVIN, TX",empire pacific flagstar,empire pacific,True,True,True,False,False,False,US|NP6|empire;US|TOK|empire;US|NP4|empi;US|TOK|pacific,Key pruned (Block size > 500),"All shared keys (['US|NP6|empire', 'US|TOK|empire', 'US|NP4|empi', 'US|TOK|pacific']) exceeded max_block_size"
S1-205814890,S3-760051254,source3,US,"Linnea Hargrave Pinnacle Properties, LLC",lhpinnacle.com,"WA, Woodinville, 17419 151st Avenue","17419 1/2 151rd Ave, Woodnville, Washington",linnea hargrave pinnacle properties,lhpinnacle,False,False,False,False,False,False,,Token variation / Substring,Sub-token present in raw candidate name but missed in core name
S1-578052598,S3-912589951,source3,US,Harbor Federation,Nexlum,"5109 Loch Drive, Union, KY","5109 Lcoh Drive, Union, Kentucky",harbor federation,nexlum,False,False,False,False,False,False,,"Address similar, Name alias/mismatch","Address shares tokens {'5109', 'union'}, but names share 0 tokens"
S1-8612167,S2-968241707,source2,India,Southern Consulting Private Limited,Mr Southern Consulting-Private Limited,"Vill- Paraj, P.O.- Paraj, Burdwan, West Bengal","VILL- PARAJ, P.O.- PARAJ, পশ্চিমবঙ্গ",southern consulting,mr southern consulting,False,False,True,False,False,False,India|TOK|southern,Key pruned (Block size > 500),All shared keys (['India|TOK|southern']) exceeded max_block_size
S1-131746315,S3-581204361,source3,India,GX Land Private Limited,Nylatavo,"B-1/204, Maharashtra, Thane, Bright Star Chs, Ltd, Phase Yashaswvi Nagar, Thane","B-1/204, Bright Star Chs, Ltd, Phase Yashaswvi Nagar, Thane, MH",gx land,nylatavo,False,False,False,False,False,True,India|UNIT|b1204,Truncated by max_candidates_per_query,"Shared key survived (['India|UNIT|b1204']), but candidate rank exceeded top-200"
S1-69427521,S3-341689388,source3,India,Digital Ventures Private Limited,Digital Ventures Limited Center,"Mini House Kasai Pada Old City, Dholpur, Rajasthan","Dholpur, राजस्थान, Mini House Kasai Pada Old City",digital ventures,digital ventures ltd center,True,True,True,False,False,False,India|NP6|digita;India|NP4|digi;India|TOK|digital,Key pruned (Block size > 500),"All shared keys (['India|NP6|digita', 'India|NP4|digi', 'India|TOK|digital']) exceeded max_block_size"
S1-127940110,S3-337414993,source3,US,Northwind Clinic,Gildhalopyra,"3205 66th Street, Unit A, Lubbock, TX","#3205 66th St, Lubbock, Texas",northwind clinic,gildhalopyra,False,False,False,False,False,True,US|ADDR|3205_66th,Truncated by max_candidates_per_query,"Shared key survived (['US|ADDR|3205_66th']), but candidate rank exceeded top-200"
S1-96135581,S3-402564292,source3,India,Tejin Securities LLP,Yumawexlyra,"Param Tower, Ground Flr, R., No.7, Raghunath Nagar, Thane, Maharashtra","Param Tower, Thane, MH",tejin securities,yumawexlyra,False,False,False,False,False,False,,"Address similar, Name alias/mismatch","Address shares tokens {'tower', 'mh', 'param', 'thane'}, but names share 0 tokens"
S1-845507859,S3-105925672,source3,India,Shiva Consultants Pvt Ltd,Korsolvera,"Royal Space, Building No.154/20, V 279, 3Rd Floor, 5Th Main, Hsr Layout 7Th Sector, Madina Nagar, Bommanahalli, Bangalore South, Bangalore, Karnataka","Bangalore South, KA, Bangalore, Royal Space",shiva consultants,korsolvera,False,False,False,False,False,False,,"Address similar, Name alias/mismatch","Address shares tokens {'south', 'royal', 'bangalore', 'ka', 'space'}, but names share 0 tokens"
S1-242951025,S2-322307164,source2,US,Pediatric Dental Vanguard Medicine,dentalpediatricvanguard.com,"1090 Mt Horeb Road, Oakvale, WV","OAKVALE, 9090 MT HOREB ROAD, WV",pediatric dental vanguard medicine,dentalpediatricvanguard,False,False,False,False,False,False,,"Address similar, Name alias/mismatch","Address shares tokens {'horeb', 'mt', 'oakvale', 'wv'}, but names share 0 tokens"
S1-321685335,S3-77024133,source3,India,Supreme Creative Engineering Private Limited,ಸುಪ್ರೀಮ್ ಕ್ರಿಯೇಟಿವ್ ಇಂಜಿನಿಯರಿಂಗ್ ಪ್ರೈವೇಟ್ ಲಿಮಿಟೆಡ್,"No. 3-11, 2Nd Main Road Hanumaiah Layout, Sanjaynagar, Bangalore, Karnataka, Bangalore","2Nd Main Road Hanumaiah Layout, Sanjaynagar, No. 3-11, KA, Bangalore",supreme creative engineering,ಸ ಪರ ಮ ಕರ ಯ ಟ ವ ಇ ಜ ನ ಯರ ಗ ಪರ ವ ಟ ಲ ಮ ಟ ಡ,False,False,False,False,False,False,,Indic script vs Latin name,Cand name is in Indic script; no shared address key generated
S1-796816825,S2-347326271,source2,India,Red Global Limited,রেড গ্লোবাল লিমিটেড,"West Bengal, Panchagram, Badkulla, C/O: Malay Sarkar, Hanskhali, Nadia","C/O: MALAY SARKAR, PANCHAGRAM, BADKULLA, HANSKHALI, BADKULLA, West Bengal",red global,র ড গল ব ল ল ম ট ড,False,False,False,False,False,False,,Indic script vs Latin name,Cand name is in Indic script; no shared address key generated
S1-60587840,S2-477249487,source2,India,Galaxy Anand Technology Private Limited,गैलेक्सी आनंद टेक्नोलॉजी प्राइवेट लिमिटेड,"101 Hariom Apartment, Depalpur, Indore, Shreeram Kamal Residenci, Madhya Pradesh","C-101 HARIOM APARTMENT, GORAKHPUR, INDORE, Madhya Pradesh",galaxy anand technology,ग ल कस आन द ट कन ल ज पर इव ट ल म ट ड,False,False,False,False,False,False,,Indic script vs Latin name,Cand name is in Indic script; no shared address key generated
S1-942731197,S2-302662598,source2,India,Gujarat Ventures Pvt Ltd,गुजरात वेंचर्स प्रा. लि.,"C/O Suchita Hingar W/O Vivek Hingar Shop No 21 Badal Market Pur Road, Bhilawara, Bhilwara, Rajasthan","C/O SUCHITA HINGAR W/O VIVEK HINGAR SHOP NO A-21 BADAL MARKET PUR ROAD, null, BHILAWARA, BHILWARA, Rajasthan",gujarat ventures,ग जर त व चरस पर ल,False,False,False,False,False,False,,Indic script vs Latin name,Cand name is in Indic script; no shared address key generated
S1-879207596,S2-476270581,source2,India,Prime Investment Private Limited,प्राइम इन्वेस्टमेंट प्राइवेट लिमिटेड,"Flat No. 302, Buld. No A, Heliconia Ii Magarpatta, Pune City, Pune, Maharashtra","DOOR NO 302, PUNE, null, Maharashtra",prime investment,पर इम इनव सटम ट पर इव ट ल म ट ड,False,False,False,False,False,False,,Indic script vs Latin name,Cand name is in Indic script; no shared address key generated
S1-389051499,S3-963076459,source3,US,AP Vehicle,AP [Vmhicde],"123 Corporate Place, Unit 2082, Chandler, AZ","Corporate Pl, Unit 2082, Chandler Townhip, Arizona",ap vehicle,ap vmhicde,False,False,False,False,False,False,,Prefix-3 match (Typo after 3 chars),Names share first 3 chars ('apv') but diverge at char 4
S1-739488516,S3-714535426,source3,US,Peak Integrated Power Inc,Peak  Power Inc Center,"14619 Littleford Street, Houston, TX","Littleford Street, Texas, Houston",peak integrated power,peak power inc center,True,False,True,False,False,False,US|TOK|power;US|TOK|peak;US|NP4|peak,Truncated by max_candidates_per_query,"Shared key survived (['US|TOK|power']), but candidate rank exceeded top-200"
S1-786762737,S2-339297159,source2,India,Ss Services Private Limited,एसएस सर्विसेज प्राइवेट लिमिटेड,"Midc Road No 20 Marol, 1St Floor 101 D 5 Marol, Maharashtra, Mumbai","Maharashtra, MUMBAI, #1ST FLOOR 101 D 5 MAROL, MIDC ROAD NO 20 MAROL, MUMBAI",ss services,एसएस सरव स ज पर इव ट ल म ट ड,False,False,False,False,False,False,,Indic script vs Latin name,Cand name is in Indic script; no shared address key generated
S1-475972747,S3-276663208,source3,India,Maa Solutions Company,Maa 5olutions,"1/89 Naktala, Kolkata, Calcutta, West Bengal","#/89 Naktala, Kolkata, Garia, পশ্চিমবঙ্গ",maa solutions,maa 5olutions,False,False,False,False,False,False,,Prefix-3 match (Typo after 3 chars),Names share first 3 chars ('maa') but diverge at char 4
S1-359694049,S3-564723361,source3,US,Summit Complete Sachs,Summit  C0mplete,"801 Green Road, South Euclid, OH",,summit complete sachs,summit complete,True,True,True,False,False,False,US|NP6|summit;US|TOK|complete;US|TOK|summit;US|NP4|summ,Key pruned (Block size > 500),"All shared keys (['US|NP6|summit', 'US|TOK|complete', 'US|TOK|summit', 'US|NP4|summ']) exceeded max_block_size"
S1-232040435,S3-476544451,source3,US,Office of Environmental Protection,Office of Environmental,"236 5th St S, Central City, IA",,office of environmental protection,office of environmental,True,True,True,False,False,False,US|TOK|environmental;US|NP4|offi;US|NP6|office;US|TOK|office,Key pruned (Block size > 500),"All shared keys (['US|TOK|environmental', 'US|NP4|offi', 'US|NP6|office', 'US|TOK|office']) exceeded max_block_size"
S1-635244275,S2-483563067,source2,US,Quality Software Collective Inc.,Quality Sóftware Inc. [Services],"6640 Thamesmead Lane, Mint Hill, NC","6640 THAMEMSEAD LANE, MINT HILL, NC",quality software collective,quality software inc services,True,True,True,False,False,False,US|TOK|software;US|NP4|qual;US|TOK|quality;US|NP6|qualit,Key pruned (Block size > 500),"All shared keys (['US|TOK|software', 'US|NP4|qual', 'US|TOK|quality', 'US|NP6|qualit']) exceeded max_block_size"
S1-957782740,S3-499852081,source3,US,Division of Labor,Division of Lcar,"1402 E Bancroft Ave, Fergus Falls, MN","1402 East Bancroft Ave, Minnesota, Fergus Falls",division of labor,division of lcar,True,True,True,False,False,False,US|NP4|divi;US|TOK|division;US|NP6|divisi,Key pruned (Block size > 500),"All shared keys (['US|NP4|divi', 'US|TOK|division', 'US|NP6|divisi']) exceeded max_block_size"
S1-815610789,S3-390693190,source3,US,Secure Automobile Corp,Secure,"19 Foxcroft Road, Unit 123, Naperville, IL","19 Foxcroft Road, Unit 123, Naperville, IL",secure automobile,secure,True,True,True,False,False,True,US|NP4|secu;US|NP6|secure;US|TOK|secure;US|ADDR|19_foxcroft,Truncated by max_candidates_per_query,"Shared key survived (['US|ADDR|19_foxcroft']), but candidate rank exceeded top-200"
S1-706510565,S3-290090802,source3,India,Sankalpa Ventures Private Limited,Dovariza,"C/O Roy, Christy Bhavan, Saint Thomas Vayanasala, Chirayinkeezhu, Thiruvananthapuram, Trivandrum, Kerala","C/o Roy, Thiruvananthapuram, Trivandrum, കേരളം",sankalpa ventures,dovariza,False,False,False,False,False,False,,"Address similar, Name alias/mismatch","Address shares tokens {'trivandrum', 'roy', 'c/o', 'thiruvananthapuram'}, but names share 0 tokens"
S1-308262271,S3-149565445,source3,India,Royal Surya Management,Royal सूर्य मैनेजमेंट,"605, 6Th Floor, Hallmark Business Plaza, Opp. Guru Nanak Hospital, Bandra (East), Mumbai, Mumbai City, Maharashtra","605, Mumbai City, Mumbai, MH",royal surya management,royal स रय म न जम ट,True,False,True,False,False,False,India|NP4|roya;India|TOK|royal,Key pruned (Block size > 500),"All shared keys (['India|NP4|roya', 'India|TOK|royal']) exceeded max_block_size"
S1-443027563,S2-297661737,source2,US,Creative Biosciences LLC,Creative  LLC Center,"940 Duncan Street, Baltimore, MD","940-944 DUNCAN ST, BALTIMORE, MD",creative biosciences,creative llc center,True,True,True,False,False,False,US|TOK|creative;US|NP4|crea;US|NP6|creati,Key pruned (Block size > 500),"All shared keys (['US|TOK|creative', 'US|NP4|crea', 'US|NP6|creati']) exceeded max_block_size"
S1-314561800,S3-908144349,source3,India,Baba Dynamic Hospitality Private Limited,Baba Dhnnfmc Hospitality Private Limited,"Sy No 72 Kinnal Road Ramachandra Rao Police Colony Bhagyanagar Koppal, Koppal, Karnataka",,baba dynamic hospitality,baba dhnnfmc hospitality,True,False,True,False,False,False,India|TOK|hospitality;India|NP4|baba;India|TOK|baba,Key pruned (Block size > 500),"All shared keys (['India|TOK|hospitality', 'India|NP4|baba', 'India|TOK|baba']) exceeded max_block_size"
S1-91134377,S3-839165218,source3,India,Mumbai Mills Limited,Orbiflux trading as Mumbai Mills Limited,"Mumbai, Nandprem, M.G Road Corner, Vile Parle East, Near Bill Collection Centre, Maharashtra, Shop No 10","Shop No 10, Maharashtra, Mumbai, Nandprem, M.G Road Corner, Vile Parle East, Near Bill Collection Centre",mumbai mills,orbiflux trading as mumbai mills,False,False,True,False,False,False,India|TOK|mumbai;India|TOK|mills,Key pruned (Block size > 500),"All shared keys (['India|TOK|mumbai', 'India|TOK|mills']) exceeded max_block_size"
S1-169237822,S3-85215217,source3,India,Anand Properties Private Limited,ஆனந்த் புராப்பர்ட்டீஸ் பிரைவேட் லிமிடெட்,"Express High Way, Manali, Madras, Tamil Nadu","Express High Way, Manali, Madras, TN",anand properties,ஆனநத ப ர பபரடட ஸ ப ர வ ட ல ம ட ட,False,False,False,False,False,False,,Indic script vs Latin name,Cand name is in Indic script; no shared address key generated
S1-697584021,S2-632125297,source2,India,Dynamic Energy Private Limited,डायनामिक एनर्जी प्राइवेट लिमिटेड,"C/O Lalwati Devi, Dilip Singh, Harnakhamaini, Arwal, Bihar","C/O LALWATI DEVI, ARWAL, Bihar",dynamic energy,ड यन म क एनरज पर इव ट ल म ट ड,False,False,False,False,False,False,,Indic script vs Latin name,Cand name is in Indic script; no shared address key generated
S1-279534597,S3-894106835,source3,India,Apex It Private Limited,एपेक्स आईटी प्राइवेट लिमिटेड,"Flat No.101, M-3, Connaught Place, (Middle Circle), New Delhi, Central Delhi, Delhi","Flat No.1-01, New Delhi, Central Delhi, DL",apex it,एप कस आईट पर इव ट ल म ट ड,False,False,False,False,False,False,,Indic script vs Latin name,Cand name is in Indic script; no shared address key generated
S1-960449899,S2-943749349,source2,India,Anand Exports Private Limited,આનંદ એક્સપોર્ટ્સ પ્રાઇવેટ લિમિટેડ,"201, Shanti Niketan Apartment Opp. Central Bank Of India, Navsari, Gujarat","NO 785 201, NAVSARI, SHANTI NIKETAN APARTMENT OPP. CENTRAL BANK OF INDIA, Gujarat",anand exports,આન દ એકસપ રટસ પર ઇવ ટ લ મ ટ ડ,False,False,False,False,False,False,,Indic script vs Latin name,Cand name is in Indic script; no shared address key generated
S1-621058253,S2-249491565,source2,India,Sarasraj Rubber Pvt. Ltd.,5arasraj Pvt. Ltd. [Center],"C/O M Manasa, Nehru Nagar, Hassan, Karnataka","C/O M MANASA, HASSAN, Karnataka",sarasraj rubber,5arasraj pvt ltd center,False,False,False,False,False,False,,"Address similar, Name alias/mismatch","Address shares tokens {'manasa', 'ka', 'hassan', 'c/o', 'm'}, but names share 0 tokens"
S1-463669205,S3-242940401,source3,US,Beacon Municipals LLC,LLC 8eacon Muniecipafs,"15602 60, Borden, IN","15602 60, Borden, Indiana",beacon municipals,8eacon muniecipafs,False,False,False,False,False,True,US|ADDR|15602_borden,Truncated by max_candidates_per_query,"Shared key survived (['US|ADDR|15602_borden']), but candidate rank exceeded top-200"
S1-166510323,S2-663097256,source2,India,White Power Private Limited,વ્હાઇટ પાવર પ્રાઇવેટ લિમિટેડ,"611, J. B. Tower, Opp. Doordarshan Kendra, Ahmadabad City, Ahmedabad, Gujarat","11, J. B. TOWER, OPP. DOORDARSHAN KENDRA, AHMEDABAD, Gujarat",white power,વહ ઇટ પ વર પર ઇવ ટ લ મ ટ ડ,False,False,False,False,False,False,,Indic script vs Latin name,Cand name is in Indic script; no shared address key generated
S1-672951415,S3-753197196,source3,India,Hyderabad Research Limited,Hyderabad Rdmoarhhc Limited,"Flat No.202, No.8/2/456, Road No.4, Banjara Hills, Hyderabad, Telangana",,hyderabad research,hyderabad rdmoarhhc,True,True,True,False,False,False,India|NP6|hydera;India|TOK|hyderabad;India|NP4|hyde,Key pruned (Block size > 500),"All shared keys (['India|NP6|hydera', 'India|TOK|hyderabad', 'India|NP4|hyde']) exceeded max_block_size"
S1-206569853,S2-298174647,source2,India,Dream Investment Private Limited,Dr dreaminvestment.com #69815,"275 Katghar, Allahabad, Uttar Pradesh","DOOR NO 75 KATGHAR, ALLAHABAD, Uttar Pradesh",dream investment,dr dreaminvestment com 69815,False,False,False,False,False,False,,"Address similar, Name alias/mismatch","Address shares tokens {'up', 'allahabad', 'katghar'}, but names share 0 tokens"
S1-463577535,S2-231023315,source2,India,Balaji Garments Pvt Ltd,Balaji Pvt Ltd Center - 9766455744,"Rajasthan, Udaipur, Bedla, Udaipur, Behind Maliyo Ka Devra","BEHIND MALIYO KA DEVRA, BEDLA, UDAIPUR, Rajasthan",balaji garments,balaji pvt ltd center 9766455744,True,True,True,False,False,False,India|NP4|bala;India|TOK|balaji;India|NP6|balaji,Key pruned (Block size > 500),"All shared keys (['India|NP4|bala', 'India|TOK|balaji', 'India|NP6|balaji']) exceeded max_block_size"
S1-706930694,S2-936082130,source2,US,Smart Sony PLLC,SMART PLLC-CENTER,"8343 B Greensboro Drive, Unit CND 4, Fairfax County, VA","343 B GREENSBORO DRIVE, FAIRFAX COUNTY, VA",smart sony pllc,smart pllc center,True,False,True,False,False,False,US|TOK|smart;US|TOK|pllc;US|NP4|smar,Key pruned (Block size > 500),"All shared keys (['US|TOK|smart', 'US|TOK|pllc', 'US|NP4|smar']) exceeded max_block_size"
S1-272165680,S3-895948804,source3,US,Garcia Associated,Garcia Asilted,"271 James Road, Town Of Utica, WI",,garcia associated,garcia asilted,True,True,True,False,False,False,US|NP4|garc;US|TOK|garcia;US|NP6|garcia,Key pruned (Block size > 500),"All shared keys (['US|NP4|garc', 'US|TOK|garcia', 'US|NP6|garcia']) exceeded max_block_size"
S1-625184406,S2-250562706,source2,India,Body Marketing Private Limited,bmprivate.com | www.bmprivate.com,"Flat No 2, Basundhara App, Gr-02, Jagacha Gip Colony, Bally Jagachha, Howrah, West Bengal","8, HOWRAH, পশ্চিমবঙ্গ",body marketing,bmprivate com www bmprivate,False,False,False,False,False,False,,Severe name & address variation,Both name and address have extensive structural differences
S1-305709023,S3-967118669,source3,India,ZIV Training,ZIV Services,"C/O Sampa Das Chandra, Sabjikhatra, Sabjikhatra, Murshidabad, Pin, Murshidabad, West Bengal","Hn 381 C/o Sampa Das Chandra, Murshidabad, পশ্চিমবঙ্গ",ziv training,ziv services,False,False,False,False,False,False,,Prefix-3 match (Typo after 3 chars),Names share first 3 chars ('ziv') but diverge at char 4
S1-655628490,S3-828345775,source3,India,Vision Impex Limited,Sri Vision Impex (Limited),"Flat No 104, Wing-B, Shiv Shivam Tower Adarsh Nagar, Jogeshwari West, Mumbai, Mumbai City, Maharashtra","#104, NULL, MH",vision impex,sri vision impex,False,False,True,False,False,False,India|TOK|impex;India|TOK|vision,Key pruned (Block size > 500),"All shared keys (['India|TOK|impex', 'India|TOK|vision']) exceeded max_block_size"
S1-885262609,S3-727325714,source3,US,Unified Colonial Mckinley,Unified Colonial,"224 Stagecoach Drive, Jacksonville, NC","Stagecoach Dr, Jacksonville, North Carolina",unified colonial mckinley,unified colonial,True,True,True,False,False,False,US|TOK|unified;US|NP4|unif;US|NP6|unifie;US|TOK|colonial,Key pruned (Block size > 500),"All shared keys (['US|TOK|unified', 'US|NP4|unif', 'US|NP6|unifie', 'US|TOK|colonial']) exceeded max_block_size"
S1-51852812,S2-840783131,source2,US,Urgent Care Strategic Associates LLC,Urgent Care Straeagic Associates LLC,"545 Fm 250, Hughes Springs, TX","545A FM 250, TX, HUGHES SPRINGS",urgent care strategic associates,urgent care straeagic associates,True,True,True,False,False,False,US|NP6|urgent;US|TOK|care;US|NP4|urge;US|TOK|urgent,Key pruned (Block size > 500),"All shared keys (['US|NP6|urgent', 'US|TOK|care', 'US|NP4|urge', 'US|TOK|urgent']) exceeded max_block_size"
S1-71236461,S2-913718589,source2,India,Alpha Best Infotech Private Limited,अल्फा बेस्ट इंफोटेक प्राइवेट लिमिटेड,"3/16West Patel Nagar, New Delhi, West Delhi, Delhi","#3/1W6EST PATEL NAGAR, NEW DELHI, WEST DELHI, Delhi",alpha best infotech,अलफ ब सट इ फ ट क पर इव ट ल म ट ड,False,False,False,False,False,False,,Indic script vs Latin name,Cand name is in Indic script; no shared address key generated
S1-414990330,S3-442813600,source3,US,QN Block Inc,Block QN Inc,"5740 59th Avenue, Unit 1121, Glendale, AZ","574 59th Ave, Unit 1121, Glendale, Arizona",qn block,block qn,False,False,True,False,False,False,US|TOK|block,Truncated by max_candidates_per_query,"Shared key survived (['US|TOK|block']), but candidate rank exceeded top-200"
S1-619790759,S2-929906383,source2,US,Commission on Finance,@commissionon,"1704 Southwell Court, Raleigh, NC","1704-1708 SOUTHWELL CT, RALEIGH, NC",commission on finance,commissionon,True,True,False,False,False,False,US|NP4|comm;US|NP6|commis,Key pruned (Block size > 500),"All shared keys (['US|NP4|comm', 'US|NP6|commis']) exceeded max_block_size"
S1-191810050,S2-589143589,source2,India,Global Marketing Private Limited,ग्लोबल मार्केटिंग प्राइवेट लिमिटेड,"701, Sargam Building, Opp. Posar Gymkhana, Saibaba Extn Road, Kandivali West, Mumbai, Mumbai City, Maharashtra","701, MUMBAI, MUMBAI CITY, Maharashtra",global marketing,गल बल म रक ट ग पर इव ट ल म ट ड,False,False,False,False,False,False,,Indic script vs Latin name,Cand name is in Indic script; no shared address key generated
S1-552925165,S3-171181187,source3,India,Indian Exports LLP,Indian Egoprhs LLP,"No. 501, 9 Star Hills Shree Srinivasa Nilayam, Road 15, Panchavati Colony, Manikonda, Hyderabad, Telangana","No. 501, Manikonda, Hyderabad, TG",indian exports,indian egoprhs,True,True,True,False,False,False,India|TOK|indian;India|NP6|indian;India|NP4|indi,Key pruned (Block size > 500),"All shared keys (['India|TOK|indian', 'India|NP6|indian', 'India|NP4|indi']) exceeded max_block_size"
S1-920620020,S2-646895637,source2,India,Krishna Mining Private Limited,miningprivate.com,"M-601, Maceo, Sector 91 Meoka (121), Gurgaon, Haryana","M-01, MACEO, SECTOR 91 MEOKA (121), GARHI HARSARU, Haryana",krishna mining,miningprivate,False,False,False,False,False,False,,"Address similar, Name alias/mismatch","Address shares tokens {'meoka', 'sector', 'hr', '91', 'maceo', '121'}, but names share 0 tokens"
S1-439499349,S3-523495730,source3,India,Shree & Co Company,Sri Shree & Có Company,"Plot At Kh No. - 126/4, G/F Cement Wali Gali, Swarn Park Udyog Nagar, Mundka, Delhi, West Delhi, Delhi","Plot At Kh No. - 126/4, Delhi, West Delhi, DL",shree and,sri shree and,False,False,True,False,False,True,India|TOK|shree;India|PLOT|126/4,Truncated by max_candidates_per_query,"Shared key survived (['India|PLOT|126/4']), but candidate rank exceeded top-200"
S1-519272985,S2-430878992,source2,US,"Garcia & Dawson, Inc","GARCIA-& DDOSN, INC","1016 Cote Lane, Missoula, MT","1016-1018 COTE LN, MT, MISOSULA CDP",garcia and dawson,garcia and ddosn,True,True,True,False,False,False,US|NP4|garc;US|TOK|garcia;US|NP6|garcia,Key pruned (Block size > 500),"All shared keys (['US|NP4|garc', 'US|TOK|garcia', 'US|NP6|garcia']) exceeded max_block_size"
S1-858025906,S3-708717083,source3,US,Precision Source LLC,Precision Srudce LLC,"5416 Ruffed Grouse Circle, Dublin, OH","5416 Ruffed Grouse Circle, Dublin, Ohio",precision source,precision srudce,True,True,True,False,False,True,US|ADDR|5416_ruffed;US|NP4|prec;US|NP6|precis;US|TOK|precision,Truncated by max_candidates_per_query,"Shared key survived (['US|ADDR|5416_ruffed']), but candidate rank exceeded top-200"
S1-463257976,S2-670329366,source2,India,Shiv City Consultants Pvt Ltd,શિવ સિટી કન્સલ્ટન્ટ્સ પ્રા. લિ.,"At.Po.Tankaria, Ta Di. Bharuch, Bharuch, Gujarat","AT.PO.TANKARIA, BHARUCH, Gujarat",shiv city consultants,શ વ સ ટ કનસલટનટસ પર લ,False,False,False,False,False,False,,Indic script vs Latin name,Cand name is in Indic script; no shared address key generated
S1-35830140,S3-479354275,source3,India,Chitra Liability Private Limited,CL,"Plot No. 124, Sector No. 1A, Gandhidham, Kachchh, Gujarat","Plot No. 124, Sector No. 1A, Gandhidham, Kachchh, Gujarat",chitra liability,cl,False,False,False,False,False,True,India|ADDR|124_sector,Truncated by max_candidates_per_query,"Shared key survived (['India|ADDR|124_sector']), but candidate rank exceeded top-200"
S1-337333581,S3-914926798,source3,India,First Builders Private Limited,ਫਸਟ ਬਿਲਡਰਜ਼ ਪ੍ਰਾਈਵੇਟ ਲਿਮਟਿਡ,"Mohali, Punjab, Scf 31 Phase-2","Scf 31 Pahse-2, Mohali, ਪੰਜਾਬ",first builders,ਫਸਟ ਬ ਲਡਰਜ ਪਰ ਈਵ ਟ ਲ ਮਟ ਡ,False,False,False,False,False,False,,Indic script vs Latin name,Cand name is in Indic script; no shared address key generated
S1-522029771,S3-39737877,source3,India,United Technology Pvt Ltd,ୟୁନାଇଟେଡ୍ ଟେକ୍ନୋଲୋଜି ପ୍ରାଇଭେଟ୍ ଲିମିଟେଡ୍,"Sambalpur, Orissa","Plot 526 Sambalpur, Sambalpur, OD",united technology,ୟ ନ ଇଟ ଡ ଟ କନ ଲ ଜ ପର ଇଭ ଟ ଲ ମ ଟ ଡ,False,False,False,False,False,False,,Severe name & address variation,Both name and address have extensive structural differences
S1-103101914,S3-464737380,source3,US,Midwest Trusted Management Inc,Midwest Management lnc Center,"OK, Kingfisher, 16058 820 Road",,midwest trusted management,midwest management lnc center,True,True,True,False,False,False,US|NP4|midw;US|TOK|midwest;US|NP6|midwes,Key pruned (Block size > 500),"All shared keys (['US|NP4|midw', 'US|TOK|midwest', 'US|NP6|midwes']) exceeded max_block_size"
S1-805520274,S2-488228059,source2,India,Rohtak Exports Private Limited,Fluxmirayuma,"22, Rajiv Nagar, Kaccha Chamaria Road, Rohtak, Haryana","22, ROTHAK, ROHTAK, Haryana",rohtak exports,fluxmirayuma,False,False,False,False,False,False,,"Address similar, Name alias/mismatch","Address shares tokens {'22', 'hr', 'rohtak'}, but names share 0 tokens"
S1-958358002,S2-191236765,source2,India,Ace International Private Limited,एस इंटरनेशनल प्राइवेट लिमिटेड,"C/O Devanti Gupta, 2116051, Dariyapur, Kadam Kuan, Sampatchak, Patna, Bihar","H.NO 55 C/O DEVANTI GUPTA, PATNA, SAMPATCHAK, Bihar",ace international,एस इ टरन शनल पर इव ट ल म ट ड,False,False,False,False,False,False,,Indic script vs Latin name,Cand name is in Indic script; no shared address key generated
S1-941785626,S3-819459908,source3,India,Shakti Food LLP,शक्ति फूड एलएलपी,"Gat No 229 Village Ranjetaluka Bhor Village Ranje Dist, Pune, Maharashtra","Plot 4-3 Gat No 229 Village Ranjetaluka Bhor Village Ranje Dist, Pune, MH",shakti food,शकत फ ड एलएलप,False,False,False,False,False,False,,Indic script vs Latin name,Cand name is in Indic script; no shared address key generated
S1-295307019,S2-44975623,source2,US,Crystal Credit LLC,Crystal LLC Center,"Veedersburg, 1631 41, IN","1631 41, VEEDERSBURG, IN",crystal credit,crystal llc center,True,True,True,False,False,False,US|TOK|crystal;US|NP4|crys;US|NP6|crysta,Key pruned (Block size > 500),"All shared keys (['US|TOK|crystal', 'US|NP4|crys', 'US|NP6|crysta']) exceeded max_block_size"
S1-453766911,S2-549387268,source2,India,Eco & Sons Limited,Mr Eco & Ss Limited (ID: 87475),"C/O Milind Madhavrao Pati, Flat No 14, Samira Apart, Nashik, Maharashtra",,eco and sons,mr eco and ss ltd id 87475,False,False,False,False,False,False,,Candidate address missing,"Cand address is missing (nan), and names share no blocking key"
S1-976383283,S2-983792793,source2,India,Ram Krishna Services Private Limited,ராம் கிருஷ்ணா சர்வீசஸ் பிரைவேட் லிமிடெட்,"Flat.No.3, Banyan View, Iii Floor, New.No.39, Karpagam Garden, 1St Main Road, Adyar, Chennai, Tamil Nadu","FLAT.NO.D/3, CHENNAI, Tamil Nadu",ram krishna services,ர ம க ர ஷண சரவ சஸ ப ர வ ட ல ம ட ட,False,False,False,False,False,False,,Indic script vs Latin name,Cand name is in Indic script; no shared address key generated
S1-60587840,S2-64105353,source2,India,Galaxy Anand Technology Private Limited,Galaxy Amcnd Technology Private Limited,"101 Hariom Apartment, Depalpur, Indore, Shreeram Kamal Residenci, Madhya Pradesh","DOOR NO C-101 HARIOM APARTMENT, SHREERAM KAMAL RESIDENCI, DEPALPUR, मध्य प्रदेश",galaxy anand technology,galaxy amcnd technology,True,True,True,False,False,False,India|TOK|technology;India|NP6|galaxy;India|TOK|galaxy;India|NP4|gala,Key pruned (Block size > 500),"All shared keys (['India|TOK|technology', 'India|NP6|galaxy', 'India|TOK|galaxy', 'India|NP4|gala']) exceeded max_block_size"
S1-522029771,S2-72800139,source2,India,United Technology Pvt Ltd,UNITED-TECMNOMOGY PVT LTD,"Sambalpur, Orissa","SAMBALPUR, SAMBALPUR, Odisha",united technology,united tecmnomogy,True,True,True,False,False,False,India|NP6|united;India|NP4|unit;India|TOK|united,Key pruned (Block size > 500),"All shared keys (['India|NP6|united', 'India|NP4|unit', 'India|TOK|united']) exceeded max_block_size"
S1-990354457,S2-355057676,source2,US,Surgical Group of Jarrettsville,Surgical Group of Jarerttvsille,"MD, Jarrettsville, 4040 Federal Hill Road",,surgical group of jarrettsville,surgical group of jarerttvsille,True,True,True,False,False,False,US|NP6|surgic;US|TOK|surgical;US|NP4|surg,Key pruned (Block size > 500),"All shared keys (['US|NP6|surgic', 'US|TOK|surgical', 'US|NP4|surg']) exceeded max_block_size"
S1-942355854,S3-599699469,source3,India,Ss Investment Private Limited,Ss Private Investment Limited - 1764054259,"C/O. Shakuntala Devi, Akhlour, Keri Road, Muzaffarnagar, Uttar Pradesh","UP, C/o. Shakuntala Devi, Akhlour, Keri Road, Muzaffarnagar",ss investment,ss private investment ltd 1764054259,False,False,True,False,False,False,India|TOK|investment,Key pruned (Block size > 500),All shared keys (['India|TOK|investment']) exceeded max_block_size
S1-163556256,S2-839642042,source2,India,South Systems Private Limited,સાઉથ સિસ્ટમ્સ પ્રાઇવેટ લિમિટેડ,"A-11, The Amin Co.Op. Housing Society, Bage Nishat Society, Opp.Sonal Cinema, Ve, Jalpur, Ahmedabad, Gujarat","A-11, AHMEDABAD HQ REGION, Gujarat",south systems,સ ઉથ સ સટમસ પર ઇવ ટ લ મ ટ ડ,False,False,False,False,False,True,India|UNIT|a11,Truncated by max_candidates_per_query,"Shared key survived (['India|UNIT|a11']), but candidate rank exceeded top-200"
S1-66716567,S3-972876355,source3,US,Wildlife Center,Wi1dlife Centre,"3306 Rose Trace Drive, Spring, TX","3306-A Rose Trace Drive, Spring, Texas",wildlife center,wildlife centre,True,True,True,False,False,False,US|NP4|wild;US|NP6|wildli;US|TOK|wildlife,Key pruned (Block size > 500),"All shared keys (['US|NP4|wild', 'US|NP6|wildli', 'US|TOK|wildlife']) exceeded max_block_size"
S1-305709023,S3-162366300,source3,India,ZIV Training,ZIV Services,"C/O Sampa Das Chandra, Sabjikhatra, Sabjikhatra, Murshidabad, Pin, Murshidabad, West Bengal","Hn 381 C/o Sampa Das Chandra, Sabjikhatra, Sabjikhatra, Murshidabad, Pin, Murshidabad, WB",ziv training,ziv services,False,False,False,False,False,False,,Prefix-3 match (Typo after 3 chars),Names share first 3 chars ('ziv') but diverge at char 4
S1-796816825,S3-896547694,source3,India,Red Global Limited,রেড গ্লোবাল লিমিটেড,"West Bengal, Panchagram, Badkulla, C/O: Malay Sarkar, Hanskhali, Nadia","C/o: Malay Sarkar, Panchagram, Badkulla, Kolkata Region, Hanskhali, WB",red global,র ড গল ব ল ল ম ট ড,False,False,False,False,False,False,,Indic script vs Latin name,Cand name is in Indic script; no shared address key generated
S1-421719190,S3-354127588,source3,India,Vision Impex Private Limited,Vision Private Limited Center,"Gala No I-23, The Broadway Premises Co-Op Society, Dr. Ambedkar Road, Dadar (E), Mumbai, Mumbai City, Maharashtra","Gala No I-23/3, NULL, Mumbai, Mumbai City, महाराष्ट्र",vision impex,vision pvt ltd center,True,True,True,False,False,False,India|NP4|visi;India|NP6|vision;India|TOK|vision,Key pruned (Block size > 500),"All shared keys (['India|NP4|visi', 'India|NP6|vision', 'India|TOK|vision']) exceeded max_block_size"
S1-131190690,S3-80911626,source3,US,Express Asset Advisors,Express Asset,"320 Righters Mill Road, Lower Merion Township, PA","320-324 Righters Mill Rd, Pennsylvania, Lower Merion Township",express asset advisors,express asset,True,True,True,False,False,False,US|NP6|expres;US|NP4|expr;US|TOK|express;US|TOK|asset,Key pruned (Block size > 500),"All shared keys (['US|NP6|expres', 'US|NP4|expr', 'US|TOK|express', 'US|TOK|asset']) exceeded max_block_size"
S1-388049779,S2-627213719,source2,India,Good Tirupati Impex Private Limited,ಗುಡ್ ತಿರುಪತಿ ಇಂಪೆಕ್ಸ್ ಪ್ರೈವೇಟ್ ಲಿಮಿಟೆಡ್,"Karnataka, 4Th Floor, Smart Avenue, 80 Feet Road Indiranagar, Flat No-4-03, Bangalore","FLT NO-4-03/7, 4TH FLOOR, SMART AVENUE, 80 FEET ROAD INDIRANAGAR, BANGALORE, INDIRANAGAR, Karnataka",good tirupati impex,ಗ ಡ ತ ರ ಪತ ಇ ಪ ಕಸ ಪರ ವ ಟ ಲ ಮ ಟ ಡ,False,False,False,False,False,False,,Indic script vs Latin name,Cand name is in Indic script; no shared address key generated
S1-182010095,S3-173949390,source3,US,Direct Cascade Andretti LLC,Direct Cascade Andrgetsti LLC LLC,"16321 Round Rock Court, St. George City, LA","16321 Ronud Rock Court, <NULL>, Baton Rouge, Louisiana",direct cascade andretti,direct cascade andrgetsti,True,True,True,False,False,False,US|NP6|direct;US|TOK|direct;US|TOK|cascade;US|NP4|dire,Key pruned (Block size > 500),"All shared keys (['US|NP6|direct', 'US|TOK|direct', 'US|TOK|cascade', 'US|NP4|dire']) exceeded max_block_size"
S1-111046510,S3-81246386,source3,US,Corporate Agricultural Enterprises,Enterprisescorporateagricultural.Com,"614 Mooremont Terrace, Chattanooga, TN","614. Mooremont Ter, NULL, Chattanooga, Tennessee",corporate agricultural enterprises,enterprisescorporateagricultural,False,False,False,False,False,True,US|ADDR|614_mooremont,Truncated by max_candidates_per_query,"Shared key survived (['US|ADDR|614_mooremont']), but candidate rank exceeded top-200"
S1-960361259,S3-834930984,source3,US,Eye Group,Gildlumsol formerly: Eye Group,"377 Knollwood Drive, Forest City, NC","377 Knollwood Drive, Forest City, NC",eye group,gildlumsol,False,False,False,False,False,True,US|ADDR|377_knollwood,Truncated by max_candidates_per_query,"Shared key survived (['US|ADDR|377_knollwood']), but candidate rank exceeded top-200"
S1-845770501,S3-239917489,source3,US,"Urgent Care Associates, Inc.","Urgent Care Assoacteh, lnc","5 Enfield Avenue, Methuen, MA","5 Enfild Ave, Methuen, Massachusetts",urgent care associates,urgent care assoacteh lnc,True,True,True,False,False,False,US|NP6|urgent;US|TOK|care;US|NP4|urge;US|TOK|urgent,Key pruned (Block size > 500),"All shared keys (['US|NP6|urgent', 'US|TOK|care', 'US|NP4|urge', 'US|TOK|urgent']) exceeded max_block_size"
S1-99560436,S3-889312697,source3,US,Ear Nose & Throat Medicine LLC,Ear & Throat Medicine LLC Center,"703 Beacon Court, Montgomery Township, PA",,ear nose and throat medicine,ear and throat medicine llc center,False,False,True,False,False,False,US|TOK|throat;US|TOK|medicine,Key pruned (Block size > 500),"All shared keys (['US|TOK|throat', 'US|TOK|medicine']) exceeded max_block_size"
S1-949948557,S2-731450644,source2,India,Tech Food Private Limited,टेक फूड प्राइवेट लिमिटेड,"124, Sukh Shanti Nagar, Near Nagori Bera, Jodhpur, Rajasthan","124, JODHPUR, Rajasthan",tech food,ट क फ ड पर इव ट ल म ट ड,False,False,False,False,False,False,,Indic script vs Latin name,Cand name is in Indic script; no shared address key generated
S1-903118861,S3-742465907,source3,US,Malone Midwest Horse L.L.C.,Veravioumbra,"1000 Olde Eastwood Village Boulevard, Unit 5A, Asheville, NC","1000 Olde Eastwood Village Boulevard, PO Box 7714, Asheville, North Carolina",malone midwest horse,veravioumbra,False,False,False,False,False,True,US|ADDR|1000_olde,Truncated by max_candidates_per_query,"Shared key survived (['US|ADDR|1000_olde']), but candidate rank exceeded top-200"
S1-931592939,S2-359503575,source2,India,Prime Consultancy Private Limited,प्राइम कंसल्टेंसी प्राइवेट लिमिटेड,"22, Gopinath Bagh, Mathura, Uttar Pradesh","G-22, GOPINATH BAGH, MATHURA, उत्तर प्रदेश",prime consultancy,पर इम क सलट स पर इव ट ल म ट ड,False,False,False,False,False,False,,Indic script vs Latin name,Cand name is in Indic script; no shared address key generated
S1-761411416,S3-693194302,source3,India,Bombay Products LLP,Bombay LLP Center,"C/O Mallika Pailan, Daulatpur, Pailan, Bishnupur - I, South 24 Parganas, West Bengal","C/o Mallika Pailan, Daulatpur, Pailan, South 24 Parganas, WB",bombay products,bombay llp center,True,True,True,False,False,True,India|NP6|bombay;India|NP4|bomb;India|TOK|bombay;India|ADDR|24_parganas,Key pruned (Block size > 500),"All shared keys (['India|NP6|bombay', 'India|NP4|bomb', 'India|TOK|bombay', 'India|ADDR|24_parganas']) exceeded max_block_size"
S1-586956467,S3-939495638,source3,US,Advanced Marine Worldwide L.L.C.,Advanced Marine Wolrwdece  L.L.C.,"502 950, Springville, UT","Springville, Utah, 50 950",advanced marine worldwide,advanced marine wolrwdece,True,True,True,False,False,False,US|NP6|advanc;US|NP4|adva;US|TOK|marine;US|TOK|advanced,Key pruned (Block size > 500),"All shared keys (['US|NP6|advanc', 'US|NP4|adva', 'US|TOK|marine', 'US|TOK|advanced']) exceeded max_block_size"
S1-668414344,S3-26877854,source3,India,Shiva Impex Private Limited,શિવા ઇમ્પેક્સ પ્રાઇવેટ લિમિટેડ,"Near Raj Weigh Bridge, 7 Lati Plot, Morbi Road, Rajkot, Gujarat","Near Raj Weigh Bridge, Rajkot, GJ",shiva impex,શ વ ઇમપ કસ પર ઇવ ટ લ મ ટ ડ,False,False,False,False,False,False,,Indic script vs Latin name,Cand name is in Indic script; no shared address key generated
S1-996196567,S2-18555602,source2,India,Swastik Consultants,Sri Swastik Consultants Ltd,"P.N 121, Jaipur, Shri Govind Nagar First, Niwaroo, Jaipur, Rajasthan","P.N 121, SHRI GOVIND NAGAR FIRST, NIWAROO, JAIPUR, Rajasthan",swastik consultants,sri swastik consultants,False,False,True,False,False,False,India|TOK|swastik;India|TOK|consultants,Key pruned (Block size > 500),"All shared keys (['India|TOK|swastik', 'India|TOK|consultants']) exceeded max_block_size"
S1-247483556,S2-851375702,source2,India,Modern Tech Private Limited,મોડર્ન ટેક પ્રાઇવેટ લિમિટેડ,"Ahmedabad, 8, Ahmedabad, Bhagat Estate, Nr. Galaxy Cinema Higway Naroda Road, Gujarat","Gujarat, AHMEDABAD, BHAGAT ESTATE, NR. GALAXY CINEMA HIGWAY NARODA ROAD, 8",modern tech,મ ડરન ટ ક પર ઇવ ટ લ મ ટ ડ,False,False,False,False,False,False,,Indic script vs Latin name,Cand name is in Indic script; no shared address key generated
S1-169237822,S2-758723571,source2,India,Anand Properties Private Limited,ஆனந்த் புராப்பர்ட்டீஸ் பிரைவேட் லிமிடெட்,"Express High Way, Manali, Madras, Tamil Nadu","MANALI, CHENNAI, Tamil Nadu, EXPRESS HIGH WAY",anand properties,ஆனநத ப ர பபரடட ஸ ப ர வ ட ல ம ட ட,False,False,False,False,False,False,,Indic script vs Latin name,Cand name is in Indic script; no shared address key generated
S1-652238226,S3-536001604,source3,India,Transworld Jeevan Pvt Ltd,Avilum+,"Flat No.502, Bldg-59 E-Wing, New Mhada Ganesh Nagar, Nr Atharva College, Malad W, Maharashtra, Mumbai, Mumbai City","Flat No.502, Bldg-59 E-Wing, New Mhada Ganesh Nagar, Nr Atharva College, Malad W, Mumbai, Mumbai City, Maharashtra",transworld jeevan,avilum,False,False,False,False,False,True,India|ADDR|502_bldg,Truncated by max_candidates_per_query,"Shared key survived (['India|ADDR|502_bldg']), but candidate rank exceeded top-200"
S1-879446420,S3-551366784,source3,US,"Summit Clean Arts, Inc.","Summit Summit Clean Arts,","11000 Stigall Way, Unit APT 301, Chesterfield County, VA","11000- Stigall Way, Chesterfield County, Virginia",summit clean arts,summit summit clean arts,True,True,True,False,False,False,US|TOK|clean;US|TOK|summit;US|NP4|summ;US|NP6|summit;US|TOK|arts,Key pruned (Block size > 500),"All shared keys (['US|TOK|clean', 'US|TOK|summit', 'US|NP4|summ', 'US|NP6|summit', 'US|TOK|arts']) exceeded max_block_size"
S1-758391186,S3-289709110,source3,India,Ss Star Investment Private Limited,Ss స్టార్ ఇన్వెస్ట్‌మెంట్ ప్రైవేట్ లిమిటెడ్,"P No.56, Guttala Begumpet, Madhapur, Hyderabad, Shaikpet, Hyderabad, Telangana","P No.56, Hyderabad, <NULL>, Andhra Pradesh",ss star investment,ss సట ర ఇనవ సట మ ట పర వ ట ల మ ట డ,False,False,False,False,False,False,,Indic script vs Latin name,Cand name is in Indic script; no shared address key generated
S1-647303857,S2-175362050,source2,US,Integrated Genomic Digital,Integrated Genomic Services | www.integrated.com,"4518 Seminary Avenue, Richmond City, VA","SEMINARY AVE, VA, RICHMOND CITY",integrated genomic digital,integrated genomic services www integrated,True,True,True,False,False,False,US|TOK|genomic;US|TOK|integrated;US|NP6|integr;US|NP4|inte,Key pruned (Block size > 500),"All shared keys (['US|TOK|genomic', 'US|TOK|integrated', 'US|NP6|integr', 'US|NP4|inte']) exceeded max_block_size"
S1-522792425,S3-410487821,source3,US,First Zion,First  Center,"21 Haller Crescent, Chestnut Ridge, NY","21 Hallre Crescent, Spring Valley, New York",first zion,first center,True,False,True,False,False,False,US|TOK|first;US|NP4|firs,Key pruned (Block size > 500),"All shared keys (['US|TOK|first', 'US|NP4|firs']) exceeded max_block_size"
S1-995897123,S2-586169786,source2,US,Creative Crystal Marshall,Creative Crtla Marshall,"12010 Corona Lane, Houston, TX","12010-12014 CORONA LANE, HOUSTON CITY, TX",creative crystal marshall,creative crtla marshall,True,True,True,False,False,False,US|TOK|creative;US|TOK|marshall;US|NP4|crea;US|NP6|creati,Key pruned (Block size > 500),"All shared keys (['US|TOK|creative', 'US|TOK|marshall', 'US|NP4|crea', 'US|NP6|creati']) exceeded max_block_size"
S1-224539279,S2-869895454,source2,India,Seven Girish Company,Seven Company Center,"230, Ganitha Bharathi, 12Th A Cross, 1St A Main, Bangalore North, Bangalore, Karnataka",,seven girish,seven co center,True,False,True,False,False,False,India|NP4|seve;India|TOK|seven,Key pruned (Block size > 500),"All shared keys (['India|NP4|seve', 'India|TOK|seven']) exceeded max_block_size"
S1-170252930,S3-228972158,source3,US,Keystone Tri-State Ethereum LLC,Keystone Tri-State,"1304 Woodland Street, Springfield, MO","1297- Woodland Street, Springfield, Missouri",keystone tri state ethereum,keystone tri state,True,True,True,False,False,False,US|NP6|keysto;US|TOK|state;US|NP4|keys;US|TOK|keystone,Key pruned (Block size > 500),"All shared keys (['US|NP6|keysto', 'US|TOK|state', 'US|NP4|keys', 'US|TOK|keystone']) exceeded max_block_size"
S1-35831332,S2-620040847,source2,US,Horizon Supreme Third L.L.C.,HORIZON SUPREME L.L.C.-SERVICE,"11229 B Avalanche Way, Columbia, MD",,horizon supreme third,horizon supreme llc service,True,True,True,False,False,False,US|TOK|horizon;US|NP6|horizo;US|NP4|hori;US|TOK|supreme,Key pruned (Block size > 500),"All shared keys (['US|TOK|horizon', 'US|NP6|horizo', 'US|NP4|hori', 'US|TOK|supreme']) exceeded max_block_size"
S1-825774567,S3-962279543,source3,India,Big Constructions Private Limited,ಬಿಗ್ ಕನ್‌ಸ್ಟ್ರಕ್ಷನ್ಸ್ ಪ್ರೈವೇಟ್ ಲಿಮಿಟೆಡ್,"A1, Super Pramod Residency, 289, 5Th Main, Mallesh Palya, Near National Center For Excellen, Ce School, Bangalore, Karnataka","A5-1, Bangalore, KA",big constructions,ಬ ಗ ಕನ ಸಟರಕಷನಸ ಪರ ವ ಟ ಲ ಮ ಟ ಡ,False,False,False,False,False,False,,Indic script vs Latin name,Cand name is in Indic script; no shared address key generated
S1-887874643,S2-754223495,source2,India,New Delhi It Private Limited,New Delhi It Picvae Limited,"Flatno 414 Somduttchamber, 2, 9, Bhikaji Cama Place, New Delhi, Delhi","FLATNO B3/414 SOMDUTTCIAMBER, 2, 9, BHIKAJI CAMA PLACE, NEW DELHI, Delhi",new delhi it,new delhi it picvae,True,True,True,False,False,False,India|TOK|delhi;India|NP6|newdel;India|NP4|newd,Key pruned (Block size > 500),"All shared keys (['India|TOK|delhi', 'India|NP6|newdel', 'India|NP4|newd']) exceeded max_block_size"
S1-962816231,S3-470975290,source3,US,Vision Care Associates,Solveoquo,"25865 Big Valley Road, Poulsbo, WA","Washington, Poulsbo, 25865 Big Valley Road",vision care associates,solveoquo,False,False,False,False,False,True,US|ADDR|25865_big,Truncated by max_candidates_per_query,"Shared key survived (['US|ADDR|25865_big']), but candidate rank exceeded top-200"
S1-668526761,S3-8002550,source3,India,High Impex Private Limited,High  lmpex,"H.No. 10, Block A2 Savitry Enclave, Vip Road, Zirakpur, Mohali, Punjab","Block A2 Savitry Enclave, Vip Road, H.no 10, Mohali, ਪੰਜਾਬ, Zirakpur",high impex,high lmpex,True,False,True,False,False,False,India|TOK|high;India|NP4|high,Key pruned (Block size > 500),"All shared keys (['India|TOK|high', 'India|NP4|high']) exceeded max_block_size"
S1-436108749,S2-551638498,source2,India,Ace Consultants Private Limited,ஏஸ் கன்சல்டன்ட்ஸ் பிரைவேட் லிமிடெட்,"Sf No 145/1A/A Parappalayam Road Near Amman Kovil, Mannarai Post, Tirupur, Coimbatore, Tamil Nadu","SF NO 145/1A/A/4 PARAPPALAYAM ROAD NEAR AMMAN KOVIL, MANNARAI POST, TIRUPUR, TIRUPPUR, Tamil Nadu",ace consultants,ஏஸ கனசலடனடஸ ப ர வ ட ல ம ட ட,False,False,False,False,False,False,,Indic script vs Latin name,Cand name is in Indic script; no shared address key generated
S1-987797878,S2-665050779,source2,India,Green Consulting Private Limited,ग्रीन कंसल्टिंग प्राइवेट लिमिटेड,"Office No. 126, First Flr, Vardhaman Market Chsl Sector 17, Plot No. 75, Vashi, Navi Mumbai, Thane, Maharashtra","OFFICE NO. 126, THANE, महाराष्ट्र",green consulting,गर न क सलट ग पर इव ट ल म ट ड,False,False,False,False,False,False,,Indic script vs Latin name,Cand name is in Indic script; no shared address key generated
S1-465844393,S2-955138728,source2,India,Future Exports,फ्यूचर एक्सपोर्ट्स,"Mumbai, 315 Damji Shamji Corporat, Mumbai, Maharashtra, Square, C Wing, Ghatkopar","3-15 DAMJI SHAMJI CORPORAT, MUMBAI, Maharashtra",future exports,फय चर एकसप रटस,False,False,False,False,False,False,,Indic script vs Latin name,Cand name is in Indic script; no shared address key generated
S1-490725588,S2-800792433,source2,US,Custom Mortgage Works,Custom Mortgage,"16840 Cristobal, Marana, AZ","16840-16842 CRISTOBAL, MARANA, AZ",custom mortgage works,custom mortgage,True,True,True,False,False,False,US|TOK|custom;US|NP6|custom;US|NP4|cust;US|TOK|mortgage,Key pruned (Block size > 500),"All shared keys (['US|TOK|custom', 'US|NP6|custom', 'US|NP4|cust', 'US|TOK|mortgage']) exceeded max_block_size"
S1-544682121,S3-313625671,source3,India,United Projects Pvt Ltd,यूनाइटेड प्रोजेक्ट्स प्रा. लि.,"C/O Bishwa Raman Kumar Singh, S/O Dr Rama Sinha Gachhi Tola, Near Bus Stand, P.S- Town Th, Ana, Begusarai, Bihar","C/o Bishwa Raman Kumar Singh, S/o Dr Rama Sinha Gachhi Tola, Near Bus Stand, P.s- Town Th, Ana, Begusarai, BR",united projects,य न इट ड पर ज कटस पर ल,False,False,False,False,False,False,,Indic script vs Latin name,Cand name is in Indic script; no shared address key generated
S1-781760071,S3-383057808,source3,US,Desert Desert Steel LLC,Desert [Desert],"1382 Honeysuckle Lane, Fl 1, Chandler, AZ","1382 Honeysuckle Lane, Fl 1, Chandler, Arizona",desert desert steel,desert desert,True,True,True,False,False,True,US|NP6|desert;US|NP4|dese;US|ADDR|1382_honeysuckle;US|TOK|desert,Truncated by max_candidates_per_query,"Shared key survived (['US|ADDR|1382_honeysuckle']), but candidate rank exceeded top-200"
S1-8811279,S2-704452687,source2,India,Guru Developers,Guru ಡೆವಲಪರ್ಸ್,"G-9, 'B' Block, Sns Arcade, Old Airport Road, Bangalore, Karnataka","Karnataka, #97 G-9, 'B' BLOCK, SNS ARCADE, OLD AIRPORT ROAD, BANGALORE",guru developers,guru ಡ ವಲಪರಸ,True,False,True,False,False,False,India|TOK|guru;India|NP4|guru,Key pruned (Block size > 500),"All shared keys (['India|TOK|guru', 'India|NP4|guru']) exceeded max_block_size"
S1-222115348,S2-10956131,source2,India,Consulting Vb Productsprivate Ltd,vbconsultingcom,"Groundfloor Zameercomplex, Behind Sbi, Canal Road, Raebarely, Raebareli, Uttar Pradesh","GROUNDFLOOR ZAMERECOMPLEX, RAEBARELI, उत्तर प्रदेश",consulting vb productsprivate,vbconsultingcom,False,False,False,False,False,False,,"Address similar, Name alias/mismatch","Address shares tokens {'groundfloor', 'raebareli'}, but names share 0 tokens"
S1-966027321,S2-4379937,source2,US,Probst & Duran Newhold LLC,NYLADREX,"Boston, 31 Floyd Street, MA","31D FLOYD STREET, BOSTON, MA",probst and duran newhold,nyladrex,False,False,False,False,False,False,,"Address similar, Name alias/mismatch","Address shares tokens {'ma', 'floyd', 'boston'}, but names share 0 tokens"
S1-199472642,S2-177088090,source2,India,Galaxy Food Private Limited,கேலக்ஸி ஃபுட் பிரைவேட் லிமிடெட்,"Tamil Nadu, Old.No.11, New.No.21, Mada Church Street, Royapuram, Chennai","NO 11, CHENNAI, Tamil Nadu",galaxy food,க லகஸ ஃப ட ப ர வ ட ல ம ட ட,False,False,False,False,False,False,,Indic script vs Latin name,Cand name is in Indic script; no shared address key generated
S1-929052040,S3-37325041,source3,India,Dream Infotech LLP,Dream Dream Infotech-[LLP],"33, Film Centre Building Annex 68 Tardeo Road, Mumbai, Mumbai City, Maharashtra","Mumbai City, Mumbai, 33, महाराष्ट्र, Film Centre Building Annex 68 Tardeo Road",dream infotech,dream dream infotech,True,False,True,False,False,False,India|TOK|dream;India|NP4|drea;India|TOK|infotech,Key pruned (Block size > 500),"All shared keys (['India|TOK|dream', 'India|NP4|drea', 'India|TOK|infotech']) exceeded max_block_size"
S1-820876279,S2-295162549,source2,India,Baba Energy Private Limited,ബാബ എനർജി പ്രൈവറ്റ് ലിമിറ്റഡ്,"No.40/2281, 2Nd Floor, Civil Lane Road, Edappally South, Ernakulam, Kerala","Keralam, NO G-40/2281, KALOOR, ERNAKULAM",baba energy,ബ ബ എനർജ പര വററ ല മ ററഡ,False,False,False,False,False,False,,Indic script vs Latin name,Cand name is in Indic script; no shared address key generated
S1-280289141,S2-124806768,source2,US,Womens Health Anchor Physicians LLC,Womens Health Anchor,"79 Scripps Drive, Unit STE 208, Sacramento, CA","SCRIPPS DR, SACRAMENTO, CA",womens health anchor physicians,womens health anchor,True,True,True,False,False,False,US|TOK|anchor;US|TOK|womens;US|TOK|health;US|NP4|wome;US|NP6|womens,Key pruned (Block size > 500),"All shared keys (['US|TOK|anchor', 'US|TOK|womens', 'US|TOK|health', 'US|NP4|wome', 'US|NP6|womens']) exceeded max_block_size"
S1-431175894,S3-378746918,source3,US,Bailey Montessori School,Bmschool.Com,"205 Hamilton Street, Energy, IL","205 Hamilton St, Energy, Illinois",bailey montessori school,bmschool,False,False,False,False,False,True,US|ADDR|205_hamilton,Truncated by max_candidates_per_query,"Shared key survived (['US|ADDR|205_hamilton']), but candidate rank exceeded top-200"
S1-775127908,S2-782399741,source2,India,Arihant Exports Private Limited,અરિહંત એક્સપોર્ટ્સ પ્રાઇવેટ લિમિટેડ,"Ahmedabad, M 31, Shivani Apartments Near Azad Society, Ambawadi, Gujarat, Ahmedabad","M 31, AHMEDABAD, ગુજરાત",arihant exports,અર હ ત એકસપ રટસ પર ઇવ ટ લ મ ટ ડ,False,False,False,False,False,False,,Indic script vs Latin name,Cand name is in Indic script; no shared address key generated
S1-195834336,S2-739381059,source2,India,Unique Projects,यूनिक प्रोजेक्ट्स,"Patna, Bihar, Beltron Bhawan P.S: Shashtri Nagar","BELTRON BHAWAN P.S: SHASHTRI NAGAR, PATNA, Bihar",unique projects,य न क पर ज कटस,False,False,False,False,False,False,,Indic script vs Latin name,Cand name is in Indic script; no shared address key generated
S1-463669205,S2-301757320,source2,US,Beacon Municipals LLC,Beacon Mumnicilpas LLC,"15602 60, Borden, IN","1560 60, BORDEN, IN",beacon municipals,beacon mumnicilpas,True,True,True,False,False,False,US|NP6|beacon;US|NP4|beac;US|TOK|beacon,Key pruned (Block size > 500),"All shared keys (['US|NP6|beacon', 'US|NP4|beac', 'US|TOK|beacon']) exceeded max_block_size"
S1-515775719,S2-700479514,source2,India,Shivam Construction (India) Company,Shivam Construction Company Services,"Balaji Market, Dak Bangla, Shivpuri, Madhya Pradesh","BALAJI MARKET, DAK BANGLA, SHIVPURI, Madhya Pradesh",shivam construction india,shivam construction co services,True,True,True,False,False,False,India|TOK|shivam;India|TOK|construction;India|NP4|shiv;India|NP6|shivam,Key pruned (Block size > 500),"All shared keys (['India|TOK|shivam', 'India|TOK|construction', 'India|NP4|shiv', 'India|NP6|shivam']) exceeded max_block_size"
S1-713104855,S3-974667905,source3,US,Brown and Larsen Sab LLC,Brown and Lrrsen Sab LLC,"417 Iron Avenue, Grants, NM","Grants, 307 Iron Ave, New Mexico",brown and larsen sab,brown and lrrsen sab,True,True,True,False,False,False,US|NP4|brow;US|TOK|brown;US|NP6|browna,Truncated by max_candidates_per_query,"Shared key survived (['US|NP6|browna']), but candidate rank exceeded top-200"
S1-675065181,S3-884621418,source3,India,Bombay Infra Private Limited,ಬಾಂಬೆ ಇನ್‌ಫ್ರಾ ಪ್ರೈವೇಟ್ ಲಿಮಿಟೆಡ್,"No. 3034, Windmills Of Your Mind, 5B Road, Epip Zone Whitefield Bengaluru, Bangalore South, Bangalore, Karnataka","KA, Door No 30-34, Bangalore South, Bangalore",bombay infra,ಬ ಬ ಇನ ಫರ ಪರ ವ ಟ ಲ ಮ ಟ ಡ,False,False,False,False,False,False,,Indic script vs Latin name,Cand name is in Indic script; no shared address key generated
S1-331538406,S2-796474854,source2,India,Southern Properties Private Limited,सदर्न प्रॉपर्टीज प्राइवेट लिमिटेड,"Pune, S. No. 14, Glitterati Bldg., C 1103, Nr. Midori Tower, Maharashtra","PUNE, Maharashtra, S. NO. 14, PUNE",southern properties,सदरन पर परट ज पर इव ट ल म ट ड,False,False,False,False,False,False,,Indic script vs Latin name,Cand name is in Indic script; no shared address key generated
S1-373563969,S3-883559049,source3,India,Balaji Ventures Pvt Ltd,बालाजी वेंचर्स प्रा. लि.,"Shop No. 001, Ground Floor, Shiv Darshan Chawl, Near Seven Eleven Square Academy, Thane, Maharashtra","Door No 001, Thane, Shantinagar, MH",balaji ventures,ब ल ज व चरस पर ल,False,False,False,False,False,False,,Indic script vs Latin name,Cand name is in Indic script; no shared address key generated
S1-472680414,S2-131787259,source2,US,Pinnacle Wholesale Services L.L.C.,Pinnacle Whalnasale Services  L.L.C.,"7000 Merrill Avenue, Unit UNIT 34, Chino, CA","CHINO TOWNSHIP, MERRILL AVE, CA",pinnacle wholesale services,pinnacle whalnasale services,True,True,True,False,False,False,US|NP6|pinnac;US|NP4|pinn;US|TOK|pinnacle,Key pruned (Block size > 500),"All shared keys (['US|NP6|pinnac', 'US|NP4|pinn', 'US|TOK|pinnacle']) exceeded max_block_size"
S1-75809023,S2-442570781,source2,US,"Legacy Payroll Studios, LLC","Legacy Studios, LLC Cénter","145 Alliance Avenue, NC, Concord","NC, 45 ALLIANCE AVENUE, CONCORD",legacy payroll studios,legacy studios llc center,True,True,True,False,False,False,US|NP4|lega;US|TOK|studios;US|TOK|legacy;US|NP6|legacy,Key pruned (Block size > 500),"All shared keys (['US|NP4|lega', 'US|TOK|studios', 'US|TOK|legacy', 'US|NP6|legacy']) exceeded max_block_size"
S1-31231440,S3-75691042,source3,US,Silver Anchor Marine PC,Silver Ahhao Marine PC,"446 Prospect Street, Lockport, NY","446 Prosepct St, Lockport, New York",silver anchor marine pc,silver ahhao marine pc,True,True,True,False,False,False,US|NP4|silv;US|TOK|silver;US|TOK|marine;US|NP6|silver,Key pruned (Block size > 500),"All shared keys (['US|NP4|silv', 'US|TOK|silver', 'US|TOK|marine', 'US|NP6|silver']) exceeded max_block_size"
S1-321959386,S3-354557238,source3,India,Hitech Systems Private Limited,Private Hitech Limited Systems,"No. 309, Vishnu Apartment, Birla Gate, Gooty Road, Sri Krishnanagar, Kurnool, Andhra Pradesh","Vishnu Apartment, Birla Gate, Gooty Road, Sri Krishnanagar, Kurnool, H.no 30, AP, Kurnool",hitech systems,hitech ltd systems,True,True,True,False,False,False,India|NP4|hite;India|NP6|hitech;India|TOK|hitech,Key pruned (Block size > 500),"All shared keys (['India|NP4|hite', 'India|NP6|hitech', 'India|TOK|hitech']) exceeded max_block_size"
S1-991226123,S2-105345061,source2,India,One Infra Private Limited,વન ઇન્ફ્રા પ્રાઇવેટ લિમિટેડ,"B-803, Safal Solitaire Corporate Park Nr Divya Bhaskar Press S G Highway Makarba, Ahmedabad, Gujarat","SAFAL SOLITAIRE CORPORATE PARK NR DIVYA BHASKAR PRESS S G HIGHWAY MAKARBA, B-8-03, AHMEDABAD HQ REGION, AHMEDABAD, Gujarat",one infra,વન ઇનફર પર ઇવ ટ લ મ ટ ડ,False,False,False,False,False,False,,Indic script vs Latin name,Cand name is in Indic script; no shared address key generated
S1-951647852,S3-860818120,source3,US,Richardson Star Verde Inc,Richardson Star Velrde Inc,"AZ, Fl 1, Chandler, 2552 Lantana Drive","Lantana Drive, Fl 1, Chandler, Arizona",richardson star verde,richardson star velrde,True,True,True,False,False,True,US|ADDR|1_chandler;US|TOK|star;US|NP6|richar;US|TOK|richardson;US|NP4|rich,Truncated by max_candidates_per_query,"Shared key survived (['US|ADDR|1_chandler']), but candidate rank exceeded top-200"
S1-221841305,S3-746290232,source3,India,Pioneer Shree Technology Private Limited,Pioneer Sbge Technology Private Limited,"First Floor, Plot Number- 816/1 At- Rakanpur, Taluka- Kalol, Rakanpur, Gandhi Nagar, Gujarat, Gandhinagar",,pioneer shree technology,pioneer sbge technology,True,True,True,False,False,False,India|NP4|pion;India|NP6|pionee;India|TOK|pioneer;India|TOK|technology,Key pruned (Block size > 500),"All shared keys (['India|NP4|pion', 'India|NP6|pionee', 'India|TOK|pioneer', 'India|TOK|technology']) exceeded max_block_size"
S1-417894341,S2-103504592,source2,India,Kk India Private Limited,KK PRIVATE LIMITED PARTNERS,"Phulwari, Sri Dilip Kumar Singh, Gosai Tola Sadakat Ashram, Bihar, Patna","SRI DILIP KUMAR SINGH, GOSAI TOLA SADAGAT ASHRAM, PHULWARI, Bihar",kk india,kk pvt ltd partners,False,False,False,False,False,False,,Severe name & address variation,Both name and address have extensive structural differences
S1-388364080,S2-281306972,source2,India,YJ Solar Limited,Orbivantage,"Falt No 301, Plot No 420, 3Rd Flr, Sapphire Vistas Deepthisri Nagar, Madeenaguda, Hafeezpet, Hyderabad, Rangareddy, Telangana","FALT NO G-301, RANGAREDDY, HYDERABAD, Telangana",yj solar,orbivantage,False,False,False,False,False,False,,"Address similar, Name alias/mismatch","Address shares tokens {'hyderabad', 'ts', 'rangareddy', 'falt'}, but names share 0 tokens"
S1-976833083,S3-754281403,source3,India,Orb Web,Orb Services,"Flat No-302, Third Floor, Gat No-452/1/1 Sheetal Heights, Nr. Ganpati Mandir, Gandhavnagari Road Moshi, Pune, Maharashtra","Flat No-302, Gandhavnagari Road Moshi, Pune, MH",orb web,orb services,False,False,False,False,False,False,,Prefix-3 match (Typo after 3 chars),Names share first 3 chars ('orb') but diverge at char 4
S1-708363662,S3-425516217,source3,US,Straight Edge Cleaning Service,Straight Edge Clesaing Service,"606 Johnson Street, Pasadena, TX","Pasadena, 606-610 Johnson St, Texas",straight edge cleaning service,straight edge clesaing service,True,True,True,False,False,False,US|NP6|straig;US|TOK|service;US|TOK|edge;US|TOK|straight;US|NP4|stra,Key pruned (Block size > 500),"All shared keys (['US|NP6|straig', 'US|TOK|service', 'US|TOK|edge', 'US|TOK|straight', 'US|NP4|stra']) exceeded max_block_size"
S1-329276806,S2-98135850,source2,India,Jain Constructions Private Limited,Jain কনস্ট্রাকশনস Private Limited,"Vill- Bibirait, P.O.- B. Narayanpur, Police Station- Bhangore, 24 Parganas So, Uth, Kolkata, Parganas South, West Bengal","DOOR NO 348 VILL- BIBIRAIT, P.O.- B. NARAYANPUR, POLICE STATION- BHANGORE, 24 PARGANAS SO, UTH, KOLKATA, পশ্চিমবঙ্গ",jain constructions,jain কনসটর কশনস,True,False,True,False,False,False,India|TOK|jain;India|NP4|jain,Key pruned (Block size > 500),"All shared keys (['India|TOK|jain', 'India|NP4|jain']) exceeded max_block_size"
S1-601336919,S2-108814408,source2,US,Cole Fitness LLC,Fluxavi,"East Peoria, IL, 104 Reinders Road","104-A REINDERS ROAD, EAST PEORIA, IL",cole fitness,fluxavi,False,False,False,False,False,False,,"Address similar, Name alias/mismatch","Address shares tokens {'reinders', 'east', 'il', 'peoria'}, but names share 0 tokens"
S1-581463809,S3-871567196,source3,US,Certified Space Center,Korvio,"4040 Meridian Street, Indianapolis, IN","4040 Meridian Street, Indianapolis, Indiana",certified space center,korvio,False,False,False,False,False,True,US|ADDR|4040_meridian,Truncated by max_candidates_per_query,"Shared key survived (['US|ADDR|4040_meridian']), but candidate rank exceeded top-200"
S1-472424906,S3-386776122,source3,US,Foot & Ankle Associates Inc,Zetahalo doing business as Foot & Ankle Associates Inc,"2407 Wood Avenue, Kansas City, KS","2407 Wood Avenue, Kansas City, KS",foot and ankle associates,zetahalo doing business as foot and ankle associates,False,False,True,False,False,True,US|ADDR|2407_wood;US|TOK|foot;US|TOK|ankle,Truncated by max_candidates_per_query,"Shared key survived (['US|ADDR|2407_wood']), but candidate rank exceeded top-200"
S1-533650484,S3-928127681,source3,US,Pediatric Dentistry Golden Associates Inc.,Pediatric Dentistry Associates Inc.  Services,"5270 Milam Road, Mesquite, TX",,pediatric dentistry golden associates,pediatric dentistry associates inc services,True,True,True,False,False,False,US|TOK|pediatric;US|NP4|pedi;US|NP6|pediat;US|TOK|dentistry,Key pruned (Block size > 500),"All shared keys (['US|TOK|pediatric', 'US|NP4|pedi', 'US|NP6|pediat', 'US|TOK|dentistry']) exceeded max_block_size"
S1-27468292,S3-968291949,source3,US,Dynamic Complete Calamos LLC,Dynamic [Complete],"VA, Dinwiddie County, 21217 Shippings Road","21217 Shippings Rd, Mc Kenney, Virginia",dynamic complete calamos,dynamic complete,True,True,True,False,False,True,US|TOK|complete;US|NP4|dyna;US|NP6|dynami;US|ADDR|21217_shippings;US|TOK|dynamic,Truncated by max_candidates_per_query,"Shared key survived (['US|ADDR|21217_shippings']), but candidate rank exceeded top-200"
S1-805248801,S2-97179264,source2,US,Rapid Golden Oxley,Rapid Golden,"3551 Big Horn Street, Casper, WY","BIG HORN STREET, CASPER, WY",rapid golden oxley,rapid golden,True,True,True,False,False,False,US|TOK|golden;US|TOK|rapid;US|NP6|rapidg;US|NP4|rapi,Truncated by max_candidates_per_query,"Shared key survived (['US|NP6|rapidg']), but candidate rank exceeded top-200"
S1-986953974,S2-838378248,source2,India,Shivam International Pvt Ltd,શિવમ ઇન્ટરનેશનલ પ્રા. લિ.,"Shivalik House, Nr. Aarjav Society, Nr.Satellite Policestation, Opp.Satyagruh, Chhavani, Ahmedabad, Gujarat","SHIVALIK HOUSE, AHMEDABAD, Gujarat",shivam international,શ વમ ઇનટરન શનલ પર લ,False,False,False,False,False,False,,Indic script vs Latin name,Cand name is in Indic script; no shared address key generated
S1-966140752,S2-373137100,source2,India,Jai Projects Limited,Jai Pohjencts Limited,"1St Floor Rajeev Nagar, 29Th Ward, Bellary, Hospet, D No. 1031, Karnataka","D NO. 1030 , 1ST FLOOR RAJEEV NAGAR, 29TH WARD, HOSPET, Karnataka",jai projects,jai pohjencts,True,False,False,False,False,False,India|NP4|jaip,Key pruned (Block size > 500),All shared keys (['India|NP4|jaip']) exceeded max_block_size
S1-826601121,S3-564685201,source3,US,"Quality Modern Enhanced, Inc",Quality Modern Inc  Services,"26223 118th Avenue, Graham, WA","26223 118th Ave, Graham, Washington",quality modern enhanced,quality modern inc services,True,True,True,False,False,True,US|ADDR|26223_118th;US|TOK|quality;US|NP6|qualit;US|TOK|modern;US|NP4|qual,Truncated by max_candidates_per_query,"Shared key survived (['US|ADDR|26223_118th']), but candidate rank exceeded top-200"
S1-344951721,S3-377348825,source3,US,Star Flex LLC,Star Fx [LLC],"2238 Williamsburg Road, Glen Dale, WV","Williamsburg Road, Glen Dale, West Virginia",star flex,star fx,True,False,True,False,False,False,US|TOK|star;US|NP4|star,Key pruned (Block size > 500),"All shared keys (['US|TOK|star', 'US|NP4|star']) exceeded max_block_size"
S1-122129571,S2-76877801,source2,US,Metropolitan Equity Partners Inc,partnersequitymetropolitan.com,"8352 143rd Street, Apple Valley, MN","8352-8354 143ST ST, SAINT PAUL, MN",metropolitan equity partners,partnersequitymetropolitan,False,False,False,False,False,False,,Token variation / Substring,Sub-token present in raw candidate name but missed in core name
S1-742691374,S2-112262836,source2,India,Maa Indian Food Pvt Ltd,ಮಾ ಇಂಡಿಯನ್ ಫುಡ್ ಪ್ರೈವೇಟ್ ಲಿಮಿಟೆಡ್,"Door No:84, 3Rd Cross, Near Jyoti Nivas College, Bangalore South, Bangalore, Karnataka","DOOR NO:44, 3RD CROSS, NEAR JYOTI NIVAS COLLEGE, BANGALORE SOUTH, BANGALORE, Karnataka",maa indian food,ಮ ಇ ಡ ಯನ ಫ ಡ ಪರ ವ ಟ ಲ ಮ ಟ ಡ,False,False,False,False,False,False,,Indic script vs Latin name,Cand name is in Indic script; no shared address key generated
S1-536659110,S3-646499757,source3,India,Singhania Farmer,Sri Singhania Farmer Corp,"No 547, 6Th Cross, Block 3Rd, Ward No 27 Vivekananda Nagara, Ramanagara, Bangalore, Karnataka",,singhania farmer,sri singhania farmer,False,False,True,False,False,False,India|TOK|singhania;India|TOK|farmer,Truncated by max_candidates_per_query,"Shared key survived (['India|TOK|singhania']), but candidate rank exceeded top-200"
S1-931473811,S3-754797224,source3,US,Wells Bay Btc Inc.,Wls Bay Btc Inc.,"9608 Glenmore Road, Annsville, NY","9608 Glenmore Rd, Taberg, New York",wells bay btc,wls bay btc,False,False,False,False,False,True,US|ADDR|9608_glenmore,Truncated by max_candidates_per_query,"Shared key survived (['US|ADDR|9608_glenmore']), but candidate rank exceeded top-200"
S1-44632418,S2-131484951,source2,US,Robinson Biomedical LLC,Robinson LLC Center,"14845 Hunters Drive, Beaverton, OR","OR, BEAVERTON, 74845 Hunters Drive",robinson biomedical,robinson llc center,True,True,True,False,False,False,US|NP6|robins;US|TOK|robinson;US|NP4|robi,Key pruned (Block size > 500),"All shared keys (['US|NP6|robins', 'US|TOK|robinson', 'US|NP4|robi']) exceeded max_block_size"
S1-43566134,S3-607356407,source3,India,Galaxy Tech Private Limited,galaxytechprivate.com,"501, Swagar, C.G.Road, Ellisbridge, Ahmedabad, Gujarat","Swagar, C.g.road, Ahmedabad, 184 501, Ellisbridge, GJ",galaxy tech,galaxytechprivate,True,True,False,False,False,False,India|NP6|galaxy;India|NP4|gala,Key pruned (Block size > 500),"All shared keys (['India|NP6|galaxy', 'India|NP4|gala']) exceeded max_block_size"
S1-839300613,S2-157143354,source2,US,Congregation Ministries,Congregation [Services],"1047 Madison Avenue, New York, NY","1047 MADSION AVENUE, PMB 3432, NEW YORK, NY",congregation ministries,congregation services,True,True,True,False,False,False,US|NP6|congre;US|TOK|congregation;US|NP4|cong,Key pruned (Block size > 500),"All shared keys (['US|NP6|congre', 'US|TOK|congregation', 'US|NP4|cong']) exceeded max_block_size"
S1-212316920,S3-43016311,source3,US,Metro Nasdaq Inc,... Metr0 Nasdaq,"163 Belltown Road, Stamford, CT","163-D Belltown Road, Stamford, Connecticut",metro nasdaq,metr0 nasdaq,True,False,True,False,False,False,US|NP4|metr;US|TOK|nasdaq,Truncated by max_candidates_per_query,"Shared key survived (['US|TOK|nasdaq']), but candidate rank exceeded top-200"
S1-739083536,S3-26351029,source3,US,Fresh Book Store,Fresh  8ook Store,"23 Willow Street, Gillette, WY","23 1/2 Willow St, Gillette, Wyoming",fresh book store,fresh 8ook store,True,False,True,False,False,True,US|TOK|fresh;US|ADDR|23_willow;US|NP4|fres;US|TOK|store,Truncated by max_candidates_per_query,"Shared key survived (['US|ADDR|23_willow']), but candidate rank exceeded top-200"
S1-281782003,S2-449378610,source2,India,Green Global Private Limited,ਗ੍ਰੀਨ ਗਲੋਬਲ ਪ੍ਰਾਈਵੇਟ ਲਿਮਟਿਡ,"# 139 L Bhai Randhir Singhnagar Ludhiana, Punjab, Ludhiana, Punjab","# 13 L BHAI RANDHIR SINGHNAGAR LUDHIANA, PUNJAB, LUDHIANA, Punjab",green global,ਗਰ ਨ ਗਲ ਬਲ ਪਰ ਈਵ ਟ ਲ ਮਟ ਡ,False,False,False,False,False,False,,Indic script vs Latin name,Cand name is in Indic script; no shared address key generated
S1-855840309,S2-320295079,source2,India,Classic Investments Private Limited,ક્લાસિક ઇન્વેસ્ટમેન્ટ્સ પ્રાઇવેટ લિમિટેડ,"Gujarat, Ellisbridge, Shitiratna, Near Panchvati Circle, 803, Ahmedabad","BLOCK F-519 803, ELLISBRIDGE, AHMEDABAD, Gujarat",classic investments,કલ સ ક ઇનવ સટમ નટસ પર ઇવ ટ લ મ ટ ડ,False,False,False,False,False,False,,Indic script vs Latin name,Cand name is in Indic script; no shared address key generated
S1-673090809,S3-86412960,source3,India,Shree International,Shree International (Company) | www.shreeinte.com,"412, Vikram Tower Sapna Sangeeta Road, Indore, Madhya Pradesh","412, Indore, मध्य प्रदेश, Indore",shree international,shree international co www shreeinte,True,True,True,False,False,False,India|TOK|shree;India|NP6|shreei;India|NP4|shre,Key pruned (Block size > 500),"All shared keys (['India|TOK|shree', 'India|NP6|shreei', 'India|NP4|shre']) exceeded max_block_size"
S1-331109597,S2-348611003,source2,India,Fortune Finance Limited,ಫಾರ್ಚೂನ್ ಫೈನಾನ್ಸ್ ಲಿಮಿಟೆಡ್,"No1627 B L Arcade I Floor, C Block, Bangalore North, Bangalore, Karnataka","NO1627 B L ACADE I FLOOR, BANGALORE NORTH, Karnataka, C BLOCK, BANGALORE",fortune finance,ಫ ರಚ ನ ಫ ನ ನಸ ಲ ಮ ಟ ಡ,False,False,False,False,False,False,,Indic script vs Latin name,Cand name is in Indic script; no shared address key generated
S1-941937998,S2-710058941,source2,India,Dynamic Business Private Limited,Dr dynamicbusiness.com,"Delhi, East Delhi, 1St/ Flr, Bhagwati Business Centre School Blk. Shakarpur, 122","122, 1ST/ FLR, BHAGWATI BUSNIESS CENTRE SCHOOL BLK. SHAKARPUR, DELHI, Delhi",dynamic business,dr dynamicbusiness,False,False,False,False,False,False,,"Address similar, Name alias/mismatch","Address shares tokens {'122', 'blk', 'shakarpur', 'bhagwati', 'school', '1st/', 'dl', 'centre', 'flr'}, but names share 0 tokens"
S1-481488227,S2-581783718,source2,US,Eastern College,Eastern Cloege,"355 Pond Field Road, West Point, TN","356 POND FIELD RD, WEST POINT, TN",eastern college,eastern cloege,True,True,True,False,False,False,US|TOK|eastern;US|NP6|easter;US|NP4|east,Key pruned (Block size > 500),"All shared keys (['US|TOK|eastern', 'US|NP6|easter', 'US|NP4|east']) exceeded max_block_size"
S1-921642430,S2-814125378,source2,US,Hornsby Trust,Homsby Trust,"NM, 804 Linam Street, Hobbs","HOBBS, 804 LIANM ST, NM",hornsby trust,homsby trust,False,False,True,False,False,False,US|TOK|trust,Key pruned (Block size > 500),All shared keys (['US|TOK|trust']) exceeded max_block_size
S1-705083256,S3-189320525,source3,India,Sun Estate Private Limited,Sun एस्टेट Private Limited,"Fl-101, 3Rd Floor, Sn-5, Neha Classic Kakade Wasti, Pune City, Pune, Maharashtra","H.no G-700 Fl-101, Pune City, Pune, MH",sun estate,sun एसट ट,False,False,False,False,False,False,,Indic script vs Latin name,Cand name is in Indic script; no shared address key generated
S1-9095876,S3-558130484,source3,India,Blue Good Infra Private Limited,બ્લૂ ગુડ ઇન્ફ્રા પ્રાઇવેટ લિમિટેડ,"G-3, Shri Hari Asson, B/H Law College Ground, Ahmadabad City, Ahmedabad, Gujarat","G-3/3, Ahmedabad, Ahmadabad City, GJ",blue good infra,બલ ગ ડ ઇનફર પર ઇવ ટ લ મ ટ ડ,False,False,False,False,False,False,,Indic script vs Latin name,Cand name is in Indic script; no shared address key generated
S1-27533892,S2-98061783,source2,India,Digital Fortune Technology Limited,डिजिटल फॉर्च्यून टेक्नोलॉजी लिमिटेड,"H N 163, Maa Vaisopuram, A B Road Gadaipura, Gird, Gwalior, Madhya Pradesh","HN 314 H N 163, MAA VAISOPURAM, A B ROAD GADAIPURA, GIRD, GWALIOR, Madhya Pradesh",digital fortune technology,ड ज टल फ रचय न ट कन ल ज ल म ट ड,False,False,False,False,False,False,,Indic script vs Latin name,Cand name is in Indic script; no shared address key generated
S1-656907129,S3-644074141,source3,India,Hotel Products Private Limited,ಹೋಟೆಲ್ ಪ್ರೊಡಕ್ಟ್ಸ್ ಪ್ರೈವೇಟ್ ಲಿಮಿಟೆಡ್,"No. 01, Shop No. 4, 1St Floor, Near R K Plaza, Ramaiah Layout, Dodda Banaswadi, Bangalore North, Bangalore, Karnataka","No. ##01, Shop No. 4, 1St Floor, Near R K Plaza, Ramaiah Layout, Dodda Banaswadi, Bangalore North, Bangalore, KA",hotel products,ಹ ಟ ಲ ಪರ ಡಕಟಸ ಪರ ವ ಟ ಲ ಮ ಟ ಡ,False,False,False,False,False,True,India|ADDR|1_1st,Truncated by max_candidates_per_query,"Shared key survived (['India|ADDR|1_1st']), but candidate rank exceeded top-200"
S1-601132167,S2-903814434,source2,India,Dynamic Energy Private Limited,डायनामिक एनर्जी प्राइवेट लिमिटेड,"Bai, Mumbai City, Mumbai, Creative Ind Premises C Soc Lt Gala No 10 Sunder Ngr Rd 2 Kalina Mum, Maharashtra","PLOT 00759 CREATIVE IND PREMISES C SOC LT GALA NO 10 SUNDER NGR RD 2 KALINA MUM, BAI, MUMBAI, MUMBAI CITY, Maharashtra",dynamic energy,ड यन म क एनरज पर इव ट ल म ट ड,False,False,False,False,False,False,,Indic script vs Latin name,Cand name is in Indic script; no shared address key generated
S1-605666486,S3-586380751,source3,India,Sunrise Gold Energy Private Limited,सनराइज गोल्ड एनर्जी प्राइवेट लिमिटेड,"582, Aggarwal Millenium Tower -Ii, Netaji Subhash Place, Delhi, North Delhi, Delhi","582, North Delhi, DL",sunrise gold energy,सनर इज ग लड एनरज पर इव ट ल म ट ड,False,False,False,False,False,False,,Indic script vs Latin name,Cand name is in Indic script; no shared address key generated
S1-899423246,S3-447972010,source3,India,Raj Hotel Developers Pvt Ltd,राज होटल डेवलपर्स प्रा. लि.,"103 Advent Atria Premises Co Op Soc Ltd Chincholi Bunder Road Malad West, Mumbai, Bandra Suburban, Maharashtra","MH, Greater Mumbai, 103- Advent Atria Premises Co Op Soc Ltd Chincholi Bunder Road Malad West, Bandra Suburban",raj hotel developers,र ज ह टल ड वलपरस पर ल,False,False,False,False,False,False,,Indic script vs Latin name,Cand name is in Indic script; no shared address key generated
S1-865976670,S3-718550744,source3,US,Montis Online LLC,monline.com,"West Bridgewater, 27 Tiffany Circle, MA","27 Tiffany Cir, West Bridgewater, Massachusetts",montis online,monline,False,False,False,False,False,True,US|ADDR|27_tiffany,Truncated by max_candidates_per_query,"Shared key survived (['US|ADDR|27_tiffany']), but candidate rank exceeded top-200"
S1-129783257,S3-683078820,source3,US,KB Arcelormittal LLC,KB LLC Services,"202 Bluebird Court, TX, Van","Bluebird Ct, Van, Texas",kb arcelormittal,kb llc services,False,False,False,False,False,False,,Severe name & address variation,Both name and address have extensive structural differences
S1-913420023,S2-414095109,source2,India,ZQ Transport,VERADOVATAVO,"1-2/20, Ii Cross, 9Th Main, B.T.M I Stage, Bangalore., Bangalore, Karnataka","2/20, II CROSS, 9TH MAIN, B.T.M I STAGE, BANGALORE, BANGALORE., Karnataka",zq transport,veradovatavo,False,False,False,False,False,False,,"Address similar, Name alias/mismatch","Address shares tokens {'bangalore', 'ka', 'main', 'b', 't', 'stage', 'i', 'm', 'ii', '9th', 'cross'}, but names share 0 tokens"
S1-933243929,S3-702610584,source3,US,Premier Education Technologies LLC,Premier Education Tnechologeis  LLC,"4012 Masonboro Loop Road, Wilmington, NC","012 Masonboro Loop Road, Wilmington, North Carolina",premier education technologies,premier education tnechologeis,True,True,True,False,False,False,US|NP6|premie;US|NP4|prem;US|TOK|education;US|TOK|premier,Key pruned (Block size > 500),"All shared keys (['US|NP6|premie', 'US|NP4|prem', 'US|TOK|education', 'US|TOK|premier']) exceeded max_block_size"
S1-651063147,S2-575457275,source2,US,Heartland Dental Associates Care,Heartland Dental Associates Ce,"1307 Wentbridge Road, Richmond City, VA","1307- WENTBRIDGE RD, RICHMOND CITY, VA",heartland dental associates care,heartland dental associates ce,True,True,True,False,False,False,US|NP4|hear;US|NP6|heartl;US|TOK|heartland;US|TOK|dental,Key pruned (Block size > 500),"All shared keys (['US|NP4|hear', 'US|NP6|heartl', 'US|TOK|heartland', 'US|TOK|dental']) exceeded max_block_size"
S1-746781693,S2-840535055,source2,US,Dynamic Cargo Products LLC,Miravera,"2570 82, Mandan, ND","82, MANDAN, ND",dynamic cargo products,miravera,False,False,False,False,False,False,,"Address similar, Name alias/mismatch","Address shares tokens {'mandan', '82', 'nd'}, but names share 0 tokens"
S1-78304820,S2-988183501,source2,US,Prime National Computing Inc,primenational.com,"Unit LOT 51, IN, Muncie, 9500 Wheeling Avenue","IN, MUNCIE, 9500  WHEELING AVENUE",prime national computing,primenational,True,True,False,False,False,False,US|NP6|primen;US|NP4|prim,Truncated by max_candidates_per_query,"Shared key survived (['US|NP6|primen']), but candidate rank exceeded top-200"
S1-713104855,S2-387565236,source2,US,Brown and Larsen Sab LLC,BROWNLARSEN.COM,"417 Iron Avenue, Grants, NM","417 IRRN AVE, GRANTS, NM",brown and larsen sab,brownlarsen,True,False,False,False,False,False,US|NP4|brow,Key pruned (Block size > 500),All shared keys (['US|NP4|brow']) exceeded max_block_size
S1-854952911,S2-180445273,source2,US,Johnson Holdings Group LLC,Jhsnno Holdings Group LLC,"Saint Paul, MN, 5300 East Street","SAINT PAUL, EAST ST, MN",johnson holdings group,jhsnno holdings group,False,False,False,False,False,False,,Token variation / Substring,Sub-token present in raw candidate name but missed in core name
S1-749055841,S2-48602217,source2,India,My Engineering,మై ఇంజనీరింగ్,"H.No. 8-2-310, Rock House, 1St Floor, Road No.14, Khairatabad, Hyderabad, Telangana","NO 8-2-310, KHAIRATABAD, HYDERABAD, Andhra Pradesh",my engineering,మ ఇ జన ర గ,False,False,False,False,False,False,,Indic script vs Latin name,Cand name is in Indic script; no shared address key generated
S1-209669739,S3-893883761,source3,India,United Investments Private Limited,यूनाइटेड इन्वेस्टमेंट्स प्राइवेट लिमिटेड,"Office No -03, First Floor, G-69 Sector-63, Noida, Gautam Buddha Nagar, Uttar Pradesh","Office No -03, Noida, Gautam Buddha Nagar, UP",united investments,य न इट ड इनव सटम टस पर इव ट ल म ट ड,False,False,False,False,False,False,,Indic script vs Latin name,Cand name is in Indic script; no shared address key generated
S1-2871277,S3-150112268,source3,US,NX Ligand LLC,NX Liongd LLC,"884 Eisenhower Drive, Hempstead, NY","884 Eislnhower Drive, West Hempstead, New York",nx ligand,nx liongd,True,False,False,False,False,False,US|NP4|nxli,Truncated by max_candidates_per_query,"Shared key survived (['US|NP4|nxli']), but candidate rank exceeded top-200"
S1-125687146,S3-958282983,source3,India,Lotus Developers Pvt Ltd,லோட்டஸ் டெவலப்பர்ஸ் பிரைவேட் லிமிடெட்,"2Nd Floor, Thirugnana Sambandar Street, Ram Nagar North, Madipakkam, Saidapet, Plot No.42, Tamil Nadu, Kanchipuram","#42, Saidapet, Kanchipuram, TN",lotus developers,ல டடஸ ட வலபபரஸ ப ர வ ட ல ம ட ட,False,False,False,False,False,False,,Indic script vs Latin name,Cand name is in Indic script; no shared address key generated
S1-522799506,S2-700249706,source2,India,Black Arihant Estate Private Limited,ବ୍ଲାକ୍ ଅରିହନ୍ତ ଏଷ୍ଟେଟ୍ ପ୍ରାଇଭେଟ୍ ଲିମିଟେଡ୍,"Balasore, Orissa, At: Manikhamb Po: Motiganj","BALASORE, AT: MANIKHAMB PO: MOTIGANJ, Odisha, BALASORE",black arihant estate,ବଲ କ ଅର ହନତ ଏଷଟ ଟ ପର ଇଭ ଟ ଲ ମ ଟ ଡ,False,False,False,False,False,False,,"Address similar, Name alias/mismatch","Address shares tokens {'motiganj', 'at', 'manikhamb', 'po', 'balasore'}, but names share 0 tokens"
S1-781005250,S3-392411120,source3,US,Pinnacle Modern Floating LLC,Pinnacle Modern,"4848 Hall Road, East Bend, NC","#4848 Hall Road, East Bend, North Carolina",pinnacle modern floating,pinnacle modern,True,True,True,False,False,True,US|ADDR|4848_hall;US|TOK|pinnacle;US|NP6|pinnac;US|TOK|modern;US|NP4|pinn,Truncated by max_candidates_per_query,"Shared key survived (['US|ADDR|4848_hall']), but candidate rank exceeded top-200"
S1-946885324,S2-308803171,source2,India,Travel & Co,ECTOZETA,"Flat 207, Rudra Santushti, Maqbool Alam Road, Chauka, Varanasi, Uttar Pradesh","FLAT 8-207, VARANASI, उत्तर प्रदेश",travel and,ectozeta,False,False,False,False,False,False,,"Address similar, Name alias/mismatch","Address shares tokens {'varanasi', 'flat'}, but names share 0 tokens"
S1-149712262,S3-449698071,source3,US,"Blue Galata, LLC","Blue  Galaa, LLC","4123 Beland Avenue, Unit A, City Of Wilson, NC","Beland Ave, Wilson, North Carolina",blue galata,blue galaa,True,True,True,False,False,False,US|NP4|blue;US|TOK|blue;US|NP6|bluega,Truncated by max_candidates_per_query,"Shared key survived (['US|NP6|bluega']), but candidate rank exceeded top-200"
S1-760571322,S3-541467279,source3,India,Off Services Private Limited,Sri Off Services Pirvnaet Limited,"C/O Kashi Prasad Singh 188/9 Gram Malhat Post Dabethuwa, Varanasi, Uttar Pradesh","C/o Kashi Prasad Singh A-188/9 Gram Malhat Post Dabethuwa, Varanasi, Katirav Bazar, UP",off services,sri off services pirvnaet,False,False,False,False,False,False,,Token variation / Substring,Sub-token present in raw candidate name but missed in core name
S1-649259801,S2-654066445,source2,India,Guru Solutions Pvt Ltd,ಗುರು ಸೊಲ್ಯೂಷನ್ಸ್ ಪ್ರೈವೇಟ್ ಲಿಮಿಟೆಡ್,"443 Kantharaju Urs Road T K Layout, Mysore, Karnataka","C-443 KANTHARAJU URS ROAD T K LAYOUT, MYSORE, Karnataka",guru solutions,ಗ ರ ಸ ಲಯ ಷನಸ ಪರ ವ ಟ ಲ ಮ ಟ ಡ,False,False,False,False,False,False,,Indic script vs Latin name,Cand name is in Indic script; no shared address key generated
S1-463257976,S3-551402577,source3,India,Shiv City Consultants Pvt Ltd,શિવ સિટી કન્સલ્ટન્ટ્સ પ્રા. લિ.,"At.Po.Tankaria, Ta Di. Bharuch, Bharuch, Gujarat","Plot 119 At.po.tankaria, Bharuch, Ta Di. Bharuch, ગુજરાત",shiv city consultants,શ વ સ ટ કનસલટનટસ પર લ,False,False,False,False,False,False,,Indic script vs Latin name,Cand name is in Indic script; no shared address key generated
S1-890829541,S3-158938087,source3,India,Gujarat Producer Private Limited,Gujarat प्रोड्यूसर प्राइवेट लिमिटेड,"Flat No 4143, First Floor Gali Shahtara, Ajmeri Gate Delhi, Delhi, Central Delhi, Delhi","Delhi, DL",gujarat producer,gujarat पर डय सर पर इव ट ल म ट ड,True,True,True,False,False,False,India|NP6|gujara;India|NP4|guja;India|TOK|gujarat,Key pruned (Block size > 500),"All shared keys (['India|NP6|gujara', 'India|NP4|guja', 'India|TOK|gujarat']) exceeded max_block_size"
S1-730428166,S3-300514980,source3,India,Best Infotech LLP,Solnexzeta,"Gr Floor, Shop-G/7, S.N.S Interio, Near Cng Gas Station, Althan Road, Bhatar Char Rasta, Althan, Surat, Gujarat","Gr Floor, Surat, GJ",best infotech,solnexzeta,False,False,False,False,False,False,,"Address similar, Name alias/mismatch","Address shares tokens {'surat', 'gr', 'gj'}, but names share 0 tokens"
S1-122129571,S2-415764238,source2,US,Metropolitan Equity Partners Inc,METROPOLITAN  EQUITY,"8352 143rd Street, Apple Valley, MN","8352-8354 143ST STREET, SAINT PAUL, MN",metropolitan equity partners,metropolitan equity,True,True,True,False,False,False,US|NP4|metr;US|TOK|equity;US|NP6|metrop;US|TOK|metropolitan,Key pruned (Block size > 500),"All shared keys (['US|NP4|metr', 'US|TOK|equity', 'US|NP6|metrop', 'US|TOK|metropolitan']) exceeded max_block_size"
S1-115674524,S2-844738308,source2,India,Indian Enterprises LLP,Indian LLP  Center,"Ground Floor, Mumbai, Mumbai City, Winchester Building, Off High Street Hiranandani Business Park, Powai, Maharashtra","GROUND FLOOR, WINCHESTER BUILDING, OFF HIGH STREET HIRANANDANI BUSINESS PARK, POWAI, MUMBAI, Maharashtra",indian enterprises,indian llp center,True,True,True,False,False,False,India|TOK|indian;India|NP6|indian;India|NP4|indi,Key pruned (Block size > 500),"All shared keys (['India|TOK|indian', 'India|NP6|indian', 'India|NP4|indi']) exceeded max_block_size"
S1-785227684,S3-542127458,source3,US,Colonial Total Cbre Inc,Gildonyx,"2200 Prout Street, Unit 3, Washington, DC","2200 Prout St, Unit 3, Washington, District of Columbia",colonial total cbre,gildonyx,False,False,False,False,False,True,US|ADDR|2200_prout,Truncated by max_candidates_per_query,"Shared key survived (['US|ADDR|2200_prout']), but candidate rank exceeded top-200"
S1-885067039,S3-541538495,source3,US,Amber,Aoser,"IN, North Manchester, 208 4th Street","08 Fourth Street, North Manchester, Indiana",amber,aoser,False,False,False,False,False,False,,"Address similar, Name alias/mismatch","Address shares tokens {'north', 'manchester'}, but names share 0 tokens"
S1-99545264,S2-747316437,source2,India,Digital Infra Limited,ಡಿಜಿಟಲ್ ಇನ್‌ಫ್ರಾ ಲಿಮಿಟೆಡ್,"No 3/A, 3Rd Cross, Adityanagar, 1St Stg, Chick Beettahalli, Vidyaranyapura, Bangalore, Karnataka","NO B3/3/A, 3RD CROSS, ADITYANAGAR, 1ST STG, CHICK BEETTAHALLI, VIDYARANYAPURA, BANGALORE, Karnataka",digital infra,ಡ ಜ ಟಲ ಇನ ಫರ ಲ ಮ ಟ ಡ,False,False,False,False,False,False,,Indic script vs Latin name,Cand name is in Indic script; no shared address key generated
S1-174261615,S3-758693658,source3,India,Laxmi Exports Limited,लक्ष्मी एक्सपोर्ट्स लिमिटेड,"G-21, Ghaziabad, 2Nd Floor, Durga Enterprises, Durga Industrial Park, Gt Road, Ghaziabad, Uttar Pradesh","G-a-21, null, Ghaziabad, Delhi, UP",laxmi exports,लकषम एकसप रटस ल म ट ड,False,False,False,False,False,False,,Indic script vs Latin name,Cand name is in Indic script; no shared address key generated
S1-31839210,S3-884030278,source3,India,Ganpati Traders Ltd,6anpati Traders Ltd,"Mehsana, Wellcome Complex, Nr. Manav Ashram, Visnagar Link Road, Mahesana, Gujarat, 14","14/1, Wellcome Complex, Nr. Manav Ashram, Visnagar Link Road, Mehsana, Mahesana, GJ",ganpati traders,6anpati traders,False,False,True,False,False,False,India|TOK|traders,Key pruned (Block size > 500),All shared keys (['India|TOK|traders']) exceeded max_block_size
S1-952564053,S2-955148962,source2,India,Sree Media Private Limited,ಶ್ರೀ ಮೀಡಿಯಾ ಪ್ರೈವೇಟ್ ಲಿಮಿಟೆಡ್,"Near Bustand, Opp Bannur Petrol Bunk, Badami, Bagalkot, Karnataka","#105 NEAR BUSTAND, OPP BANNUR PETROL BUNK, BAGALKOT, BADAMI, ಕರ್ನಾಟಕ",sree media,ಶರ ಮ ಡ ಯ ಪರ ವ ಟ ಲ ಮ ಟ ಡ,False,False,False,False,False,False,,Indic script vs Latin name,Cand name is in Indic script; no shared address key generated
S1-298925720,S3-767087991,source3,US,Electricians Union Local No 74,Electricians Local No 74 Center,"3710 65th Street, Seattle, WA","3710 65st Street, Seattle, Washington",electricians union local no 74,electricians local no 74 center,True,True,True,False,False,False,US|TOK|electricians;US|NP6|electr;US|NP4|elec;US|TOK|local,Truncated by max_candidates_per_query,"Shared key survived (['US|TOK|electricians']), but candidate rank exceeded top-200"
S1-575426738,S2-704497129,source2,India,Jai & Brothers LLP,Shri Jai & Bróthers LLP,"294, Bangalore, Bangalore South, 6Th Cross, Gpr Royal Layout, Karnataka","#990 294, 6TH CROSS, GPR ROYAL LAYOUT, BANGALORE SOUTH, ಕರ್ನಾಟಕ",jai and brothers,shri jai and brothers,False,False,True,False,False,False,India|TOK|brothers,Key pruned (Block size > 500),All shared keys (['India|TOK|brothers']) exceeded max_block_size
S1-845031035,S3-40724734,source3,US,Division of Public Works,Veoavi,"228 Lace Bark Drive, Dover, DE","228-230 Lace Bark Dr, Dover Township, Delaware",division of public works,veoavi,False,False,False,False,False,False,,"Address similar, Name alias/mismatch","Address shares tokens {'bark', 'dover', 'lace'}, but names share 0 tokens"
S1-605666486,S2-861791210,source2,India,Sunrise Gold Energy Private Limited,सनराइज गोल्ड एनर्जी प्राइवेट लिमिटेड,"582, Aggarwal Millenium Tower -Ii, Netaji Subhash Place, Delhi, North Delhi, Delhi","NO 603 582, AGGARWAL MILLENIUM TOWER -II, NETAJI SUBHASH PLACE, DELHI, NORTH DELHI, दिल्ली",sunrise gold energy,सनर इज ग लड एनरज पर इव ट ल म ट ड,False,False,False,False,False,False,,Indic script vs Latin name,Cand name is in Indic script; no shared address key generated
S1-715967443,S3-835371209,source3,India,Rss Studio Private Limited,Rss 5tudio Prevate Limited,"204 Wall Street-1, Opp. Orient Club, Ahmadabad City, Ahmedabad, Gujarat","Wall Street-1, Ahmedabad Hq Region, Ahmadabad City, GJ",rss studio,rss 5tudio prevate,False,False,False,False,False,False,,Prefix-3 match (Typo after 3 chars),Names share first 3 chars ('rss') but diverge at char 4
S1-825705647,S3-36186163,source3,US,West Bay Earth LLC,West Bay,"NC, 174 Beaverdam Road, Asheville",,west bay earth,west bay,True,True,True,False,False,False,US|NP6|westba;US|NP4|west;US|TOK|west,Truncated by max_candidates_per_query,"Shared key survived (['US|NP6|westba']), but candidate rank exceeded top-200"
S1-774848541,S2-880969832,source2,US,Coastal Center,Coastal Sérvice,"4914 Cayman Street, Sioux Falls, SD",,coastal center,coastal service,True,True,True,False,False,False,US|TOK|coastal;US|NP4|coas;US|NP6|coasta,Key pruned (Block size > 500),"All shared keys (['US|TOK|coastal', 'US|NP4|coas', 'US|NP6|coasta']) exceeded max_block_size"
S1-517896731,S2-737172419,source2,US,A/O Independence Inc,A/O A/O lNDEPENDENCE INC,"3000 Fulton Boulevard, Chicago, IL","FULTON BLVD, CHICAGO, IL",a o independence,a o a o lndependence,False,False,False,False,False,False,,Severe name & address variation,Both name and address have extensive structural differences
S1-96886690,S2-386674236,source2,India,Digital Bharat Media Private Limited,डिजिटल भारत मीडिया प्राइवेट लिमिटेड,"704, Om Sai Shraddha Co Op Hsg Society Ltd., Opp Gagangiri Park, Samta Nagar, Thane, Maharashtra","704/9, THANE, Maharashtra",digital bharat media,ड ज टल भ रत म ड य पर इव ट ल म ट ड,False,False,False,False,False,False,,Indic script vs Latin name,Cand name is in Indic script; no shared address key generated
S1-527791341,S2-262598821,source2,US,Cardiology United Center LLC,LLC Cardiology Ubtnfd Center,"8659 259, Mcdaniels, KY","KY, 259, MC DANIELS",cardiology united center,cardiology ubtnfd center,True,True,True,False,False,False,US|TOK|cardiology;US|NP6|cardio;US|NP4|card,Key pruned (Block size > 500),"All shared keys (['US|TOK|cardiology', 'US|NP6|cardio', 'US|NP4|card']) exceeded max_block_size"
S1-942409187,S2-605201959,source2,US,Prairie Cal LLC,Paibe Cal LLC - (3892889945),"614 Northaven Court, Jacksonville, AR","AR, NORTHAVEN CT, JACKSONVILLE",prairie cal,paibe cal llc 3892889945,False,False,False,False,False,False,,Token variation / Substring,Sub-token present in raw candidate name but missed in core name
S1-811121697,S3-29902361,source3,US,Mccullough Adamas Inc,Service Mccullough Inc,"623 Manvel, Chandler, OK","Manvel, Chandler, Oklahoma",mccullough adamas,service mccullough,False,False,True,False,False,False,US|TOK|mccullough,Truncated by max_candidates_per_query,"Shared key survived (['US|TOK|mccullough']), but candidate rank exceeded top-200"
S1-253960987,S3-289247393,source3,India,Vijay Finance,Vijay Services (ID: 80541),"H.No.16, Shri Heights Residancy, Chipyana Bujarg G B Nagar, Ghaziabad, Uttar Pradesh","16/1, Ghaziabad, UP",vijay finance,vijay services id 80541,True,False,True,False,False,False,India|TOK|vijay;India|NP4|vija,Key pruned (Block size > 500),"All shared keys (['India|TOK|vijay', 'India|NP4|vija']) exceeded max_block_size"
S1-140026915,S2-636873183,source2,India,Dynamic Impex Private Limited,ডায়নামিক ইম্পেক্স প্রাইভেট লিমিটেড,"West Bengal, Kolkata, Howrah, Hemant Basu Sarani, 2Nd Floor, Room No. 230, 21","21, HEMANT BASU SARANI, 2ND FLOOR, ROOM NO. 230, KOLKATTA, HOWRAH, West Bengal",dynamic impex,ড যন ম ক ইমপ কস পর ইভ ট ল ম ট ড,False,False,False,False,False,False,,Indic script vs Latin name,Cand name is in Indic script; no shared address key generated
S1-467172907,S2-144130825,source2,India,Prime Infrastructure Private Limited,प्राइम इंफ्रास्ट्रक्चर प्राइवेट लिमिटेड,"36, Dakshineshwar Building, 10, Hailey Road, New Delhi, Delhi","NEW DELHI, 36, दिल्ली, CENTRAL DELHI",prime infrastructure,पर इम इ फर सटरकचर पर इव ट ल म ट ड,False,False,False,False,False,False,,Indic script vs Latin name,Cand name is in Indic script; no shared address key generated
S1-545210421,S3-704566174,source3,India,Raj Industries LLP,Dr Raj Industries L.L.P.,"Near Park, Delhi, New Delhi, H.No.60 Ground Floor Shreshtha Vihar, New Delhi","H.no.##60 Ground Floor Shreshtha Vihar, New Delhi, DL, New Delhi, Near Park",raj industries,dr raj industries l,False,False,False,False,False,True,India|ADDR|60_shreshtha,Truncated by max_candidates_per_query,"Shared key survived (['India|ADDR|60_shreshtha']), but candidate rank exceeded top-200"
S1-111695581,S2-35065682,source2,India,Unique International Private Limited,ইউনিক ইন্টারন্যাশনাল প্রাইভেট লিমিটেড,"C/O Sri Dipak Mandal, Vill Raghabpur, Po Panpara, Dist Nadia, Nadia, West Bengal","C/O SRI DIPAK MANDAL, VILL RAGHABPUR, PO PANPARA, DIST NADIA, NADIA, West Bengal",unique international,ইউন ক ইনট রনয শন ল পর ইভ ট ল ম ট ড,False,False,False,False,False,False,,Indic script vs Latin name,Cand name is in Indic script; no shared address key generated
S1-303755060,S2-839533786,source2,India,Seven Beverages,Seven Center,"New Delhi, Delhi, New Delhi, T/F, Sadh Nagar, Palam Colony, Gali No-9, Wz 56A/1",,seven beverages,seven center,True,False,True,False,False,False,India|NP4|seve;India|TOK|seven,Key pruned (Block size > 500),"All shared keys (['India|NP4|seve', 'India|TOK|seven']) exceeded max_block_size"
S1-605334018,S2-343364600,source2,India,Good Products Private Limited,ಗುಡ್ ಪ್ರೊಡಕ್ಟ್ಸ್ ಪ್ರೈವೇಟ್ ಲಿಮಿಟೆಡ್,"314, Manito Commanders Marvel, Duo Marvel Layout, Bangalore North, Bangalore, Karnataka","314, BANGALORE NORTH, BANGALORE, Karnataka",good products,ಗ ಡ ಪರ ಡಕಟಸ ಪರ ವ ಟ ಲ ಮ ಟ ಡ,False,False,False,False,False,False,,Indic script vs Latin name,Cand name is in Indic script; no shared address key generated
S1-965667,S3-775321672,source3,US,Maure Williams Colombier Inc,Dréxkor,"85 Wayne Avenue, Ticonderoga, NY","85 Wanye Avenue, Ticonderoga Townshiip, New York",maure williams colombier,drexkor,False,False,False,False,False,False,,"Address similar, Name alias/mismatch","Address shares tokens {'ticonderoga', 'ny', '85'}, but names share 0 tokens"
S1-641436989,S3-377319836,source3,US,Vision Group,Vision,"9 19th Street, Richmond City, VA",,vision group,vision,True,True,True,False,False,False,US|NP4|visi;US|TOK|vision;US|NP6|vision,Key pruned (Block size > 500),"All shared keys (['US|NP4|visi', 'US|TOK|vision', 'US|NP6|vision']) exceeded max_block_size"
S1-905269811,S3-274149100,source3,India,Good Services,good good services,"52, Vijay Nagar, Kartarpura Ward No. 15 Tehsil Jaipur, Jaipur, Rajasthan","RJ, Jaipur, 52",good services,good good services,True,False,True,False,False,False,India|TOK|good;India|NP4|good,Key pruned (Block size > 500),"All shared keys (['India|TOK|good', 'India|NP4|good']) exceeded max_block_size"
S1-624947324,S2-161229410,source2,US,Summit Network Associates,Summit Netwokr Associates,"35995 Jim Clark Road, Dozier, AL","5995 JIM CLARK ROAD, null, DOZIER, AL",summit network associates,summit netwokr associates,True,True,True,False,False,False,US|NP6|summit;US|TOK|summit;US|NP4|summ,Key pruned (Block size > 500),"All shared keys (['US|NP6|summit', 'US|TOK|summit', 'US|NP4|summ']) exceeded max_block_size"
S1-38141873,S2-731270477,source2,US,Dimas Holdings,Dlsm  Holdings,"11902 10th Drive, Unit A, Everett, WA","WA, EVERETT, 0011902 TENTH DR",dimas holdings,dlsm holdings,False,False,False,False,False,False,,Token variation / Substring,Sub-token present in raw candidate name but missed in core name
S1-175412549,S3-237059590,source3,US,Fresh Cafe LLC,Nylamira a/k/a Fresh Cafe LLC,"354 Bowery, New York, NY","354 Bowery, New York, NY",fresh cafe,nylamira a k a fresh cafe,False,False,True,False,False,True,US|ADDR|354_bowery;US|TOK|cafe;US|TOK|fresh,Truncated by max_candidates_per_query,"Shared key survived (['US|ADDR|354_bowery']), but candidate rank exceeded top-200"
S1-171129315,S3-385969678,source3,India,Swastik Healthcare Pvt Ltd,ஸ்வஸ்திக் ஹெல்த்கேர் பிரைவேட் லிமிடெட்,"No.29/F1, (Old No.12/F1), A-Block Chakra Flats, Sriramapuram 1St Street, Choolaimedu, Chennai, Tamil Nadu","Door No 31/F1, Chennai, தமிழ்நாடு",swastik healthcare,ஸவஸத க ஹ லதக ர ப ர வ ட ல ம ட ட,False,False,False,False,False,False,,Indic script vs Latin name,Cand name is in Indic script; no shared address key generated
S1-486855159,S3-275263119,source3,US,Certified Bright Fuel LLC,Certified Bríght Bríght Fnet LLC,"417 California Street, Shoshoni, WY","417 California St, Shoshoni, Wyoming",certified bright fuel,certified bright bright fnet,True,True,True,False,False,True,US|TOK|bright;US|ADDR|417_shoshoni;US|NP6|certif;US|TOK|certified;US|NP4|cert,Truncated by max_candidates_per_query,"Shared key survived (['US|ADDR|417_shoshoni']), but candidate rank exceeded top-200"
S1-259255930,S3-165168999,source3,US,FC Bluerock PC,FC Blenrck PC,"AZ, Unit 2088, Chandler, 2022 Nevada Street","022 Nevada Street, Unit 2088, Chandler, Arizona",fc bluerock pc,fc blenrck pc,True,False,False,False,False,False,US|NP4|fcbl,Truncated by max_candidates_per_query,"Shared key survived (['US|NP4|fcbl']), but candidate rank exceeded top-200"
S1-977472271,S2-456726493,source2,US,Forman Advanced Wintergreen LLC,Zetaumbra,"2504 S 8 Street, Ironton, OH","2504 S 8 STREET, IORNTON, OH",forman advanced wintergreen,zetaumbra,False,False,False,False,False,False,,"Address similar, Name alias/mismatch","Address shares tokens {'s', '8', '2504'}, but names share 0 tokens"
S1-653436323,S2-243364070,source2,India,Real Foundation Private Limited,रियल फाउंडेशन प्राइवेट लिमिटेड,"Mumbai, Shop No 5, Borivali West, Maharashtra, Tirupati Complex, Ram Mandir Road, Near Babhai Naka Road, Borivali West","SHOP NO 5, Maharashtra, MUMBAI",real foundation,र यल फ उ ड शन पर इव ट ल म ट ड,False,False,False,False,False,False,,Indic script vs Latin name,Cand name is in Indic script; no shared address key generated
S1-727168138,S3-913570926,source3,US,"Pediatric Dentistry Care Associates, LLC","Pediatric Dentistry Care Associates, LLC (Federation)","75 Morton Boulevard, Oyster Bay, NY","Morton Boulevard, Oyster Bay, New York",pediatric dentistry care associates,pediatric dentistry care associates llc federation,True,True,True,False,False,False,US|TOK|care;US|NP6|pediat;US|NP4|pedi;US|TOK|pediatric;US|TOK|dentistry,Key pruned (Block size > 500),"All shared keys (['US|TOK|care', 'US|NP6|pediat', 'US|NP4|pedi', 'US|TOK|pediatric', 'US|TOK|dentistry']) exceeded max_block_size"
S1-40982538,S2-914551249,source2,India,Bombay Infrastructure Private Limited,बॉम्बे इंफ्रास्ट्रक्चर प्राइवेट लिमिटेड,"Central Delhi, Delhi, New Delhi, Indraprakash Building Barakhamba Road, 602","C-602, NEW DELHI ZONE, CENTRAL DELHI, Delhi",bombay infrastructure,ब मब इ फर सटरकचर पर इव ट ल म ट ड,False,False,False,False,False,False,,Indic script vs Latin name,Cand name is in Indic script; no shared address key generated
S1-931592939,S3-382959904,source3,India,Prime Consultancy Private Limited,Smt >> Prime Consultancy Private,"22, Gopinath Bagh, Mathura, Uttar Pradesh","22, Mathura, UP",prime consultancy,smt prime consultancy,False,False,True,False,False,False,India|TOK|prime;India|TOK|consultancy,Key pruned (Block size > 500),"All shared keys (['India|TOK|prime', 'India|TOK|consultancy']) exceeded max_block_size"
S1-197205293,S3-951077340,source3,India,Om Investments,Om Invastmnts,"C/O Mr Rajkumar, Vpo Parsaul, Goutam Budd Nagar, Gautam Buddha Nagar, Uttar Pradesh","C/o Mr Rajkumar, Goutam Budd Nagar, Gautam Buddha Nagar, UP",om investments,om invastmnts,True,False,False,False,False,False,India|NP4|omin,Truncated by max_candidates_per_query,"Shared key survived (['India|NP4|omin']), but candidate rank exceeded top-200"
S1-793447671,S3-388747679,source3,US,Integrated Unified Auto Repair LLC,Integrated Unified Auto LLC Service,"8082 Armiger Drive, Fl 0, Pasadena, MD",,integrated unified auto repair,integrated unified auto llc service,True,True,True,False,False,False,US|TOK|unified;US|TOK|integrated;US|TOK|auto;US|NP6|integr;US|NP4|inte,Key pruned (Block size > 500),"All shared keys (['US|TOK|unified', 'US|TOK|integrated', 'US|TOK|auto', 'US|NP6|integr', 'US|NP4|inte']) exceeded max_block_size"
S1-455390061,S3-604531614,source3,US,Martin Uranium LLC,Martin Urahnim LLC,"10905 Hopewell Road, Unit B, Putnam County, TN","1090 Hopewell Rd, # B, Putnam County, Tennessee",martin uranium,martin urahnim,True,True,True,False,False,False,US|TOK|martin;US|NP4|mart;US|NP6|martin,Key pruned (Block size > 500),"All shared keys (['US|TOK|martin', 'US|NP4|mart', 'US|NP6|martin']) exceeded max_block_size"
S1-683515854,S2-756250340,source2,India,Shiva Exports,शिवा एक्सपोर्ट्स,"Charitravan Buxar Infront Of Mv College, Buxar, Bihar","DOOR NO 559 CHARITRAVAN BUXAR INFRONT OF MV COLLEGE, BUXAR, Bihar",shiva exports,श व एकसप रटस,False,False,False,False,False,False,,Indic script vs Latin name,Cand name is in Indic script; no shared address key generated
S1-115775057,S2-995151548,source2,India,Surya Super Enterprises Private Limited,सूर्य सुपर एंटरप्राइजेज प्राइवेट लिमिटेड,"Haryana, 967, Sector 21 C, Faridabad","Haryana, N/A, FARIDABAD, 967",surya super enterprises,स रय स पर ए टरपर इज ज पर इव ट ल म ट ड,False,False,False,False,False,False,,Indic script vs Latin name,Cand name is in Indic script; no shared address key generated
S1-636119444,S3-837497590,source3,India,Krishan College Public Limited,Mr krishancollegepublic.com,"Floor - 7Th, Casa Granade Tower, Senapati Bapat Marg, Lower Parel, Delisl, E Road, Mumbai, Mumbai City, A-701, Maharashtra","A-701, Floor - 7Th, Casa Granade Tower, Senapati Bapat Marg, Lower Parel, Delisl, E Road, Mumbai City, MH",krishan college public,mr krishancollegepublic,False,False,False,False,False,True,India|UNIT|a701,Truncated by max_candidates_per_query,"Shared key survived (['India|UNIT|a701']), but candidate rank exceeded top-200"
S1-948190006,S2-264466991,source2,US,D A Pethtel Dbdr,dpethteldbdrcom,"1050 Timbercrest Court, Bowling Green, KY","1050-1054 TIMBERCREST COURT, BOWLIGN GREEN, KY",d a pethtel dbdr,dpethteldbdrcom,False,False,False,False,False,False,,"Address similar, Name alias/mismatch","Address shares tokens {'timbercrest', 'green', 'ky', 'ct'}, but names share 0 tokens"
S1-510640586,S2-754450081,source2,India,North Estate Limited,नॉर्थ एस्टेट लिमिटेड,"246, Ist Floor, Sant Nagar, New Delhi, South Delhi, Delhi","#681 246, NEW DELHI, SOUTH DELHI, Delhi",north estate,न रथ एसट ट ल म ट ड,False,False,False,False,False,False,,Indic script vs Latin name,Cand name is in Indic script; no shared address key generated
S1-881444813,S3-506905314,source3,US,Department of Housing,Department of Services,"236 Spokane Falls Boulevard, Unit 111-B, Spokane, WA","236 Spoknae Falls Blvd, PMB 3049, Spokane, Washington",department of housing,department of services,True,True,True,False,False,False,US|NP4|depa;US|TOK|department;US|NP6|depart,Key pruned (Block size > 500),"All shared keys (['US|NP4|depa', 'US|TOK|department', 'US|NP6|depart']) exceeded max_block_size"
S1-200244116,S2-409944984,source2,US,Associated Cargo Enterprises Inc,INC ASSOCIATED CARHO ENTERPRISES,"430 Indiana Avenue, Unit 411, Indianapolis, IN","430- INDIANA AVE, INDIANAPOLIS, IN",associated cargo enterprises,associated carho enterprises,True,True,True,False,False,False,US|NP6|associ;US|TOK|associated;US|NP4|asso,Key pruned (Block size > 500),"All shared keys (['US|NP6|associ', 'US|TOK|associated', 'US|NP4|asso']) exceeded max_block_size"
S1-286680045,S3-476888842,source3,US,Firefighters Union Local No 833,UnionfirefighterslocalCom,"8309 Cushing Court, Fairfax County, VA","Cushing Court, Fairfax County, Virginia",firefighters union local no 833,unionfirefighterslocalcom,False,False,False,False,False,False,,"Address similar, Name alias/mismatch","Address shares tokens {'fairfax', 'cushing', 'va', 'ct', 'county'}, but names share 0 tokens"
S1-504346927,S3-393818187,source3,US,Zenith Futurewave Inc.,Inc. Zenith Futurwave,"2120 Lee Road, Cleveland Heights, OH","02007 Lee Road, null, Cleveland Heights, Ohio",zenith futurewave,zenith futurwave,True,True,True,False,False,False,US|NP4|zeni;US|TOK|zenith;US|NP6|zenith,Truncated by max_candidates_per_query,"Shared key survived (['US|NP4|zeni', 'US|TOK|zenith', 'US|NP6|zenith']), but candidate rank exceeded top-200"
S1-618624562,S2-14084129,source2,US,Foot & Ankle Specialists,FOOT and ANKLE,"117 Daring Paintbrush Cove, San Marcos, TX","DARING PAINTBRUSH COVE, SAN MARCOS, TX",foot and ankle specialists,foot and ankle,True,True,True,False,False,False,US|TOK|ankle;US|NP4|foot;US|TOK|foot;US|NP6|footan,Key pruned (Block size > 500),"All shared keys (['US|TOK|ankle', 'US|NP4|foot', 'US|TOK|foot', 'US|NP6|footan']) exceeded max_block_size"
S1-897968423,S3-753258061,source3,US,Miller & King Interprivate Inc.,Miller King Interprivate Inc. Services,"9006 Century Plant Lane, Rosharon, TX","Century Plant Ln, Rosharon, Texas",miller and king interprivate,miller king interprivate inc services,True,True,True,False,False,False,US|NP6|miller;US|TOK|miller;US|NP4|mill;US|TOK|interprivate;US|TOK|king,Truncated by max_candidates_per_query,"Shared key survived (['US|TOK|interprivate']), but candidate rank exceeded top-200"
S1-237768267,S3-849476778,source3,US,Complete Agriculture Care,Completecareagriculture.Com,"115 Trailview Drive, Cary, NC","Trailview Drive, Cary, North Carolina",complete agriculture care,completecareagriculture,True,True,False,False,False,False,US|NP6|comple;US|NP4|comp,Key pruned (Block size > 500),"All shared keys (['US|NP6|comple', 'US|NP4|comp']) exceeded max_block_size"
S1-197205293,S3-140032490,source3,India,Om Investments,ॐ इन्वेस्टमेंट्स,"C/O Mr Rajkumar, Vpo Parsaul, Goutam Budd Nagar, Gautam Buddha Nagar, Uttar Pradesh","C/o Mr Rajkumar, Vpo Parsaul, Gautam Buddha Nagar, Goutam Budd Nagar, उत्तर प्रदेश",om investments,ॐ इनव सटम टस,False,False,False,False,False,False,,Indic script vs Latin name,Cand name is in Indic script; no shared address key generated
S1-263741395,S3-170040791,source3,India,Dynamic Power Private Limited,डायनामिक पावर प्राइवेट लिमिटेड,"C-13 Gida Sector 13, Uttar Pradesh, Gorakhpur, Sahajanwa","C-g-13 Gida Sector 13, Gorakhpur, Sahajanwa, UP",dynamic power,ड यन म क प वर पर इव ट ल म ट ड,False,False,False,False,False,False,,Indic script vs Latin name,Cand name is in Indic script; no shared address key generated
S1-612484899,S3-841814343,source3,US,Physical Therapy Care Associates Center,Physical Therapy Associates Center Services,"1168 Mere Point Road, Brunswick, ME","1168 Mere Point Rd, Brunswick, Maine",physical therapy care associates center,physical therapy associates center services,True,True,True,False,False,True,US|TOK|physical;US|TOK|therapy;US|NP4|phys;US|ADDR|1168_mere;US|NP6|physic,Truncated by max_candidates_per_query,"Shared key survived (['US|ADDR|1168_mere']), but candidate rank exceeded top-200"
S1-687946604,S2-318811089,source2,US,Innovative Data Systems,BRIXUMBRA,"1725 9W, Esopus, NY","9W, ESOPUS, NY",innovative data systems,brixumbra,False,False,False,False,False,False,,"Address similar, Name alias/mismatch","Address shares tokens {'9w', 'ny', 'esopus'}, but names share 0 tokens"
S1-193928185,S3-20160290,source3,India,Eastern Consultants,ईस्टर्न कंसल्टेंट्स,"Plot No 259, Ground Floor, Pkt-B, Sector-4, Dsiidc Bawana Industrial Area, Delhi, West Delhi, Delhi","Plot No 259, Delhi, West Delhi, DL",eastern consultants,ईसटरन क सलट टस,False,False,False,False,False,False,,Indic script vs Latin name,Cand name is in Indic script; no shared address key generated
S1-784753227,S3-483566381,source3,US,Capital Program,Capital Prórglm,"10501 Pinebrook Avenue, St. George City, LA","10500 Pinebrook Avenue, Baton Rouge, Louisiana",capital program,capital prorglm,True,True,True,False,False,False,US|TOK|capital;US|NP6|capita;US|NP4|capi,Key pruned (Block size > 500),"All shared keys (['US|TOK|capital', 'US|NP6|capita', 'US|NP4|capi']) exceeded max_block_size"
S1-960449899,S3-697231331,source3,India,Anand Exports Private Limited,આનંદ એક્સપોર્ટ્સ પ્રાઇવેટ લિમિટેડ,"201, Shanti Niketan Apartment Opp. Central Bank Of India, Navsari, Gujarat","20, Shanti Niketan Apartment Opp. Central Bank Of India, Navsari, GJ",anand exports,આન દ એકસપ રટસ પર ઇવ ટ લ મ ટ ડ,False,False,False,False,False,False,,Indic script vs Latin name,Cand name is in Indic script; no shared address key generated
S1-52566267,S3-647090227,source3,India,Shyam Hospitality Private Limited,श्याम हॉस्पिटैलिटी प्राइवेट लिमिटेड,"106 Sasco Bhawan Commercialcomplex, Azadpur, Delhi","#106 Saso Bhawan Commercialcomplex, Azadpur, Delhi, DL",shyam hospitality,शय म ह सप ट ल ट पर इव ट ल म ट ड,False,False,False,False,False,False,,Indic script vs Latin name,Cand name is in Indic script; no shared address key generated
S1-5603041,S3-877064148,source3,India,Sai Consulting Pvt Ltd,साई कंसल्टिंग प्रा. लि.,"Plot No. 32/410, Sector-3 Pratap Nagar, Jaipur, Jaipur, Rajasthan","Jaipur, Sector-3 Pratap Nagar, Jaipur, H.no 32/410, Jaipur, RJ",sai consulting,स ई क सलट ग पर ल,False,False,False,False,False,True,India|PLOT|32/410;India|UNIT|sector3,Truncated by max_candidates_per_query,"Shared key survived (['India|PLOT|32/410']), but candidate rank exceeded top-200"
S1-545563302,S3-961183327,source3,US,Orthopedic Modern Care LLC,Orthopedic Care LLC (Center),"9705 Evening Canopy Drive, Manor, TX","Evening Canopy Dr, N/A, Manor, Texas",orthopedic modern care,orthopedic care llc center,True,True,True,False,False,False,US|NP4|orth;US|TOK|orthopedic;US|TOK|care;US|NP6|orthop,Key pruned (Block size > 500),"All shared keys (['US|NP4|orth', 'US|TOK|orthopedic', 'US|TOK|care', 'US|NP6|orthop']) exceeded max_block_size"
S1-702413212,S3-398493836,source3,India,Royal Surya Projects Private Limited,रॉयल सूर्या प्रोजेक्ट्स प्राइवेट लिमिटेड,"Unit 3-5, Neeru Silk Mills126, N.M.Joshi Rd., Lower Parel, Mumbai, Maharashtra","Unit 3-5, Mumbai, Lower Parel, महाराष्ट्र",royal surya projects,र यल स रय पर ज कटस पर इव ट ल म ट ड,False,False,False,False,False,False,,Indic script vs Latin name,Cand name is in Indic script; no shared address key generated
S1-242951025,S2-119629475,source2,US,Pediatric Dental Vanguard Medicine,PEDIATRIC MEDICINE VANGUARD DEHNCAL,"1090 Mt Horeb Road, Oakvale, WV","9090 MT HOREB ROAD, OAKVALE, WV",pediatric dental vanguard medicine,pediatric medicine vanguard dehncal,True,True,True,False,False,False,US|TOK|medicine;US|NP6|pediat;US|NP4|pedi;US|TOK|pediatric;US|TOK|vanguard,Key pruned (Block size > 500),"All shared keys (['US|TOK|medicine', 'US|NP6|pediat', 'US|NP4|pedi', 'US|TOK|pediatric', 'US|TOK|vanguard']) exceeded max_block_size"
S1-9455909,S3-384632970,source3,India,Seven Sun Producer Private Limited,सेवन सन प्रोड्यूसर प्राइवेट लिमिटेड,"Unit 508, Crescent Business Square, 5Th Floor, Opp Gundecha Onclave, Khairani Road, Andheri East, Mumbai, Maharashtra","Mumbai, Mumbai Region, Unit 08, MH",seven sun producer,स वन सन पर डय सर पर इव ट ल म ट ड,False,False,False,False,False,False,,Indic script vs Latin name,Cand name is in Indic script; no shared address key generated
S1-520689368,S2-69484134,source2,India,New Engineering Pvt Ltd,न्यू इंजीनियरिंग प्रा. लि.,"Flat No.101/17 Panchratna, Green Village Agerwal Com, Thane, Maharashtra","NO 01/17 PANCHRATNA, THANE, महाराष्ट्र",new engineering,नय इ ज न यर ग पर ल,False,False,False,False,False,False,,Indic script vs Latin name,Cand name is in Indic script; no shared address key generated
S1-556931972,S2-162012421,source2,US,Physical Therapy Physicians Care,Physical Therapy Physicians Cofe,"1102 Stonelake Drive, Cleburne, TX","102 STONELAKE DR, PMB 6373, CLEBURNE, TX",physical therapy physicians care,physical therapy physicians cofe,True,True,True,False,False,False,US|TOK|physicians;US|TOK|physical;US|TOK|therapy;US|NP4|phys;US|NP6|physic,Key pruned (Block size > 500),"All shared keys (['US|TOK|physicians', 'US|TOK|physical', 'US|TOK|therapy', 'US|NP4|phys', 'US|NP6|physic']) exceeded max_block_size"
S1-686327056,S3-716618406,source3,India,Unique Consultants Private Limited,Unique Clonssultants Private Limited,"Telangana, 361, Hyderabad, Road No.8, Vivekananda Nagar, Kukatpally, Hyderabad","361, Road No.8, Vivekananda Nagar, Kukatpally, Hyderabad, TG",unique consultants,unique clonssultants,True,True,True,False,False,False,India|NP6|unique;India|TOK|unique;India|NP4|uniq,Key pruned (Block size > 500),"All shared keys (['India|NP6|unique', 'India|TOK|unique', 'India|NP4|uniq']) exceeded max_block_size"
S1-606109978,S2-850087112,source2,India,Dynamic Technologies Private Limited,डायनामिक टेक्नोलॉजीज प्राइवेट लिमिटेड,"C-4, Madhikar Garh Colony, Tehsil, Kotputli, Jaipur, Rajasthan","Rajasthan, MADHIKAR GARH COLONY, TEHSIL, KOTPUTLI, JAIPUR, C-4/4, JAIPUR",dynamic technologies,ड यन म क ट कन ल ज ज पर इव ट ल म ट ड,False,False,False,False,False,False,,Indic script vs Latin name,Cand name is in Indic script; no shared address key generated
S1-868574189,S3-440853024,source3,India,India Ap Solar Partners,India  Ap Solar,"Kolkata, Calcutta, West Bengal, 9 Lal Bazar St B-Block 3Rd Fl","17 Lal Bazar St B-block 3Rd Fl, Calcutta, WB",india ap solar partners,india ap solar,True,True,True,False,False,False,India|TOK|solar;India|TOK|india;India|NP6|indiaa;India|NP4|indi,Key pruned (Block size > 500),"All shared keys (['India|TOK|solar', 'India|TOK|india', 'India|NP6|indiaa', 'India|NP4|indi']) exceeded max_block_size"
S1-984233875,S3-772997222,source3,India,Good Business Limited,Good Bdugess Limited,"5, Shivam Estate, Dantali Gidc, Nr. Deepkiran Foods, Kalol, Gandhi Nagar, Gujarat","5/2, Gandhi Nagar, GJ",good business,good bdugess,True,False,True,False,False,False,India|TOK|good;India|NP4|good,Key pruned (Block size > 500),"All shared keys (['India|TOK|good', 'India|NP4|good']) exceeded max_block_size"
S1-798312676,S3-256208237,source3,India,Vision Impex Private Limited,Lumarc,"Flat No - 003, B-23, R N B Bldg, Anand Nagar, Dahisar East, Mumbai, Maharashtra","Flat No - 003, Dahisar East, Mumbai, MH",vision impex,lumarc,False,False,False,False,False,False,,"Address similar, Name alias/mismatch","Address shares tokens {'flat', 'east', 'dahisar', 'mh', '3', '-', 'mumbai'}, but names share 0 tokens"
S1-747438578,S3-217729413,source3,US,"Mann Partners, Inc",Tavojax,"UT, Draper City (sl Co), 1754 Lone Oak Drive","PMB 8202, Utah, Draper City (Sl Co), 1754 Lone Oak Drive",mann partners,tavojax,False,False,False,False,False,False,,"Address similar, Name alias/mismatch","Address shares tokens {'sl', 'city', '1754', 'draper', 'oak', 'co', 'lone'}, but names share 0 tokens"
S1-815151995,S3-987802407,source3,US,International Energy Global LLC,@internationalenergy,"344 Race Track Road, Prosperity, WV","Prosperity CITY, 344D Race Track Road, West Virginia",international energy global,internationalenergy,True,True,False,False,False,False,US|NP6|intern;US|NP4|inte,Key pruned (Block size > 500),"All shared keys (['US|NP6|intern', 'US|NP4|inte']) exceeded max_block_size"
S1-912952966,S3-521449417,source3,US,Pearson Hospitality LLC,D0vahalo,"6860 El Colegio Road, Bldg 1874, Goleta, CA","6860. El Colegio Rd, null, Goleta, California",pearson hospitality,dovahalo,False,False,False,False,False,True,US|ADDR|6860_colegio,Truncated by max_candidates_per_query,"Shared key survived (['US|ADDR|6860_colegio']), but candidate rank exceeded top-200"
S1-413863961,S3-306545614,source3,India,First Impex Private Limited,ഫസ്റ്റ് ഇംപെക്സ് പ്രൈവറ്റ് ലിമിറ്റഡ്,"9/710-A3, Pullanappallil, Kottayam, Kerala","B3/9/710-a3, Pullanappallil, Kottayam, KL",first impex,ഫസററ ഇ പ കസ പര വററ ല മ ററഡ,False,False,False,False,False,False,,Indic script vs Latin name,Cand name is in Indic script; no shared address key generated
S1-276296929,S2-618793748,source2,US,Wood Integrated Oncology LLC,Synavikor,"2228 Sandra Terrace, Phoenix, AZ","222 SANDRA TER, SUNNYSLOPE, AZ",wood integrated oncology,synavikor,False,False,False,False,False,False,,"Address similar, Name alias/mismatch","Address shares tokens {'sandra', 'az', 'ter'}, but names share 0 tokens"
S1-727602285,S3-204655096,source3,India,Swastik Om Solutions LLP,Swastik Om LLP Service,"201/D, Aditya, Svp Nagar Andheri (W), Mumbai, Mumbai City, Maharashtra","01/D, Mumbai City, महाराष्ट्र",swastik om solutions,swastik om llp service,True,True,True,False,False,False,India|TOK|swastik;India|NP6|swasti;India|NP4|swas,Key pruned (Block size > 500),"All shared keys (['India|TOK|swastik', 'India|NP6|swasti', 'India|NP4|swas']) exceeded max_block_size"
S1-520689368,S2-581605505,source2,India,New Engineering Pvt Ltd,Dr New  Entgineern Pvt Ltd,"Flat No.101/17 Panchratna, Green Village Agerwal Com, Thane, Maharashtra","Maharashtra, H.NO 01/17 PANCHRATNA, GREEN VILLAGE AGERWAL COM, THANE",new engineering,dr new entgineern,False,False,False,False,False,False,,Token variation / Substring,Sub-token present in raw candidate name but missed in core name
S1-775846076,S3-666815811,source3,India,Bangalore Solutions Private Limited,Bangalore Solutions Priloate Limited,"No.62, First Floor, 2Nd Main Beml Layout, Rajarajeshwari Nagar, Bangalore, Karnataka","No.62, Bangalore, KA",bangalore solutions,bangalore solutions priloate,True,True,True,False,False,False,India|NP4|bang;India|NP6|bangal;India|TOK|bangalore,Key pruned (Block size > 500),"All shared keys (['India|NP4|bang', 'India|NP6|bangal', 'India|TOK|bangalore']) exceeded max_block_size"
S1-536963902,S3-547683295,source3,US,Optimal Silver Applied,Optimal Sievr Applied,"2310 Broad Avenue, Unit APT 3, Altoona, PA",,optimal silver applied,optimal sievr applied,True,True,True,False,False,False,US|TOK|applied;US|TOK|optimal;US|NP4|opti;US|NP6|optima,Key pruned (Block size > 500),"All shared keys (['US|TOK|applied', 'US|TOK|optimal', 'US|NP4|opti', 'US|NP6|optima']) exceeded max_block_size"
S1-996012175,S2-168466570,source2,US,Ferguson Webster PLLC,PLLC Ferguson Wedtsre,"880 June Terrace, Unit UNIT 270, Lake Zurich, IL","LAKE ZRUICH CDP, IL, 880 JUNE TERRACE",ferguson webster pllc,pllc ferguson wedtsre,False,False,True,False,False,True,US|TOK|ferguson;US|TOK|pllc;US|ADDR|880_june,Truncated by max_candidates_per_query,"Shared key survived (['US|TOK|ferguson', 'US|ADDR|880_june']), but candidate rank exceeded top-200"
S1-908063079,S3-89723256,source3,India,Real Good Services Limited,રિયલ ગુડ સર્વિસીસ લિમિટેડ,"6, Amravati Society, Opp. Reliance Petrol Pump, Gotri Road, Vadodara, Gujarat","1, Vadodara, GJ",real good services,ર યલ ગ ડ સરવ સ સ લ મ ટ ડ,False,False,False,False,False,False,,Indic script vs Latin name,Cand name is in Indic script; no shared address key generated
S1-347673275,S3-985043409,source3,US,Dova Tri-State State,DTS,"Oakwood, Unit 3, OH, 26240 Broadway Avenue","26240 Broadway Avenue, Unit 3, Oakwood, OH",dova tri state state,dts,False,False,False,False,False,False,,Short business name,Short name (<4 chars) produced no prefix/token matches
S1-339253042,S3-550532461,source3,India,Delhi Chits Private Limited,Delhi Delhi Private Chits Limited,"4677, Basement Gali No 49, Reghar Pura, Karol Bagh, Vishnu Mandir, Delhi, Central Delhi, Delhi","4677/3, Basement Gali No 49, Reghar Pura, Karol Bagh, Vishnu Mandir, Delhi, Central Delhi, DL",delhi chits,delhi delhi private chits,True,False,True,False,False,False,India|TOK|delhi;India|TOK|chits;India|NP4|delh,Key pruned (Block size > 500),"All shared keys (['India|TOK|delhi', 'India|TOK|chits', 'India|NP4|delh']) exceeded max_block_size"
S1-523632949,S2-658153348,source2,India,Amrut Group of Companies Ltd,ACOMPANIES.COM,"Madhya Pradesh, Indore, 226 - Tanki Chowk Bijalpur, Indore","22 - TANKI CHOWK BIJALPUR, INDORE, Madhya Pradesh",amrut group of companies,acompanies,False,False,False,False,False,False,,"Address similar, Name alias/mismatch","Address shares tokens {'chowk', 'mp', 'bijalpur', 'indore', 'tanki', '-'}, but names share 0 tokens"
S1-978097437,S2-767769254,source2,US,Valley Institute,Valley Center,"2200 Lewis Avenue, Unit APARTMENT 103, Zion, IL","2200A LEWIS AVE, ZION, IL",valley institute,valley center,True,True,True,False,False,False,US|NP4|vall;US|TOK|valley;US|NP6|valley,Key pruned (Block size > 500),"All shared keys (['US|NP4|vall', 'US|TOK|valley', 'US|NP6|valley']) exceeded max_block_size"
S1-53064564,S3-924313736,source3,India,Consultancy Research Ltd,Consultancy Ltd Center,"No. 158, 8Th Main, 1St Cross, Btm Layout 1St Stage, Bangalore, Karnataka","No. 158/1, 8Th Main, 1St Cross, Btm Layout 1St Stage, Bangalore, KA",consultancy research,consultancy ltd center,True,True,True,False,False,False,India|NP6|consul;India|NP4|cons;India|TOK|consultancy,Key pruned (Block size > 500),"All shared keys (['India|NP6|consul', 'India|NP4|cons', 'India|TOK|consultancy']) exceeded max_block_size"
S1-566009366,S2-840990980,source2,India,Shakti Consultancy Pvt Ltd,Shakti Consultnacy Pvt Ltd,"New Delhi, New Millennium, Plot No. 2, Sector 23, 641, Dwarka, Delhi","641, NEW MILLENNIUM, PLOT NO. 2, SECTOR 23, DWARKA, Delhi",shakti consultancy,shakti consultnacy,True,True,True,False,False,False,India|TOK|shakti;India|NP4|shak;India|NP6|shakti,Key pruned (Block size > 500),"All shared keys (['India|TOK|shakti', 'India|NP4|shak', 'India|NP6|shakti']) exceeded max_block_size"
S1-730445935,S3-798131931,source3,India,Varanasi Solutions Associates,Mirazeph,"Varanasi, Jai Durga Nagar, Kadipur, S H 16/120 A 4 Kh, Varanasi, Uttar Pradesh","S H 16/120 A 4 Kh, Varanasi, Jai Durga Nagar, Kadipur, Uttar Pradesh, Varanasi",varanasi solutions associates,mirazeph,False,False,False,False,False,True,India|PLOT|16/120;India|ADDR|16/120_varanasi,Truncated by max_candidates_per_query,"Shared key survived (['India|PLOT|16/120', 'India|ADDR|16/120_varanasi']), but candidate rank exceeded top-200"
S1-202022419,S2-78561659,source2,US,Garcia & Aguilar System,GARCIAAGUILARSYSTEM.COM,"404 Locksley Court, Fort Worth, TX","404-406 LOCKSLEY COURT, FORT WORTH, TX",garcia and aguilar system,garciaaguilarsystem,True,True,False,False,False,False,US|NP4|garc;US|NP6|garcia,Key pruned (Block size > 500),"All shared keys (['US|NP4|garc', 'US|NP6|garcia']) exceeded max_block_size"
S1-665957316,S2-231611785,source2,India,Indo Solutions Pvt Ltd,Nylafaye,"G-148, Kalkaji, New Delhi, South Delhi, Delhi","G-248, NEW DELHI, SOUTH DELHI, Delhi",indo solutions,nylafaye,False,False,False,False,False,False,,"Address similar, Name alias/mismatch","Address shares tokens {'south', 'new', 'dl'}, but names share 0 tokens"
S1-472705054,S2-689767721,source2,India,Vision Industries Private Limited,ਵਿਜ਼ਨ ਇੰਡਸਟ੍ਰੀਜ਼ ਪ੍ਰਾਈਵੇਟ ਲਿਮਟਿਡ,"Fazilka Road, Village Ghubaya Teh. Jalalabad, Jalalabad, Firozpur, Punjab","FAZILKA ROAD, VILLAGE GHUBAYA TEH. JALALABAD, JALALABAD, FIROZPUR, Punjab",vision industries,ਵ ਜਨ ਇ ਡਸਟਰ ਜ ਪਰ ਈਵ ਟ ਲ ਮਟ ਡ,False,False,False,False,False,False,,Indic script vs Latin name,Cand name is in Indic script; no shared address key generated
S1-749410612,S2-43057511,source2,India,Raj Investment Private Limited,રાજ ઇન્વેસ્ટમેન્ટ પ્રાઇવેટ લિમિટેડ,"Camp-Com-The Boulevard, Opp Western Bus. Hub, Surat City, Surat, Gujarat","CAMP-COM-THE BOULEVARD, OPP WESTERN BUS. HUB, SURAT CITY, SURAT, Gujarat",raj investment,ર જ ઇનવ સટમ નટ પર ઇવ ટ લ મ ટ ડ,False,False,False,False,False,False,,Indic script vs Latin name,Cand name is in Indic script; no shared address key generated
S1-136329156,S3-518441474,source3,India,Baba Care Pvt Ltd,பாபா கேர் பிரைவேட் லிமிடெட்,"No.43, Vgn Mahalakshmi Nag, Iiird Main Road, Poonamallee, Tiruvallur, Tamil Nadu","Door No 43, Tiruvallur, Poonamallee, TN",baba care,ப ப க ர ப ர வ ட ல ம ட ட,False,False,False,False,False,False,,Indic script vs Latin name,Cand name is in Indic script; no shared address key generated
S1-379443057,S2-861811551,source2,US,Empire Federation LLC,Empire Empire LLC (Federation),"8115 Taylor Court, Portland, OR","8114 Taylor Court, PORTLAND, OR",empire federation,empire empire llc federation,True,True,True,False,False,False,US|NP6|empire;US|TOK|empire;US|NP4|empi;US|TOK|federation,Key pruned (Block size > 500),"All shared keys (['US|NP6|empire', 'US|TOK|empire', 'US|NP4|empi', 'US|TOK|federation']) exceeded max_block_size"
S1-546142636,S3-729771680,source3,US,Crystal Staffing Solutions LLC,LLC Crystal Shaffing Solutions,"8706 Kentucky Derby Drive, Waxhaw, NC","870 Kentucky Derby Drive, Waxhaw, North Carolina",crystal staffing solutions,crystal shaffing solutions,True,True,True,False,False,False,US|TOK|crystal;US|NP4|crys;US|NP6|crysta,Key pruned (Block size > 500),"All shared keys (['US|TOK|crystal', 'US|NP4|crys', 'US|NP6|crysta']) exceeded max_block_size"
S1-949966743,S3-423700024,source3,US,Interstate Platforms LLC,Interstate Plttforms LLC,"1076 Laurie Lane, Cedar City, UT","001076 Laurie Ln, Cedar Citycdp, Utah",interstate platforms,interstate plttforms,True,True,True,False,False,True,US|TOK|interstate;US|NP6|inters;US|ADDR|1076_laurie;US|NP4|inte,Truncated by max_candidates_per_query,"Shared key survived (['US|ADDR|1076_laurie']), but candidate rank exceeded top-200"
S1-914887627,S3-245279781,source3,India,Future Media Private Limited,Pesrivate Future Media Limited,"309 Dalamal Chambers3Rd Floor New Marinelines, Bombay, Mumbai, Maharashtra","3-09 Dalamal Chambers3rd Floor New Marinelines, Bombay, Mumbai (SUBURBAN), MH",future media,pesrivate future media,False,False,True,False,False,False,India|TOK|future;India|TOK|media,Key pruned (Block size > 500),"All shared keys (['India|TOK|future', 'India|TOK|media']) exceeded max_block_size"
S1-423333394,S3-9583143,source3,India,Urban Exports Pvt Ltd,அர்பன் Exports Pvt Ltd,"No 7 A, 7Th Floor, Gee Gee Emerald 151 Village Road Nungambakkam, Chennai, Tamil Nadu","Chennai, 7 A, Chennai, TN",urban exports,அரபன exports,False,False,True,False,False,False,India|TOK|exports,Key pruned (Block size > 500),All shared keys (['India|TOK|exports']) exceeded max_block_size
S1-267071757,S3-304299787,source3,India,First Technology Private Limited,First Private Limited Services,"Bhigwan Road, Gurusadan Socytal, Baramati Dist, Pune, Maharashtra","Bhigwan Road, Pune, MH",first technology,first pvt ltd services,True,False,True,False,False,False,India|NP4|firs;India|TOK|first,Key pruned (Block size > 500),"All shared keys (['India|NP4|firs', 'India|TOK|first']) exceeded max_block_size"
S1-392534068,S3-120235703,source3,India,Nashik Enterprises,Shri Nashik Engerprises,"Duplex 90, Lane 3, Left Bank Puri Canal Metro Satellite City, Balianta, Bhubaneswar, Khordha, Orissa","Duplex 090, Bhubaneswar, OD",nashik enterprises,shri nashik engerprises,False,False,True,False,False,False,India|TOK|nashik,Truncated by max_candidates_per_query,"Shared key survived (['India|TOK|nashik']), but candidate rank exceeded top-200"
S1-859350246,S2-616789374,source2,US,Downtown Yoga! PLLC,Downtown  Yoga!,"181 Hoover Street, Calion, AR","81 HOOVER ST, AR, CALION",downtown yoga pllc,downtown yoga,True,True,True,False,False,False,US|NP6|downto;US|NP4|down;US|TOK|yoga;US|TOK|downtown,Key pruned (Block size > 500),"All shared keys (['US|NP6|downto', 'US|NP4|down', 'US|TOK|yoga', 'US|TOK|downtown']) exceeded max_block_size"
S1-437253658,S3-448782065,source3,India,Future Sree Developers Private Limited,फ्यूचर श्री डेवलपर्स प्राइवेट लिमिटेड,"Bihar, Rasulpur, Dumra, Sitamarhi, C/O Shiv Devi, Dumra, Sitamarhi","C/o Shiv Devi, Rasulpur, Dumra, Sitamarhi, Dumra, Sitamarhi, BR",future sree developers,फय चर शर ड वलपरस पर इव ट ल म ट ड,False,False,False,False,False,False,,Indic script vs Latin name,Cand name is in Indic script; no shared address key generated
S1-342749034,S2-751848585,source2,India,DO Behari Ltd,DO 8ehari  Ltd,"Morya Park, Shivram Nagar, Jailroad, Nashikroad, 15, Nashik, Maharashtra","15, MORYA PARK, SHIVRAM NAGAR, JAILROAD, NASHIKROAD, NASHIK, महाराष्ट्र",do behari,do 8ehari,False,False,False,False,False,False,,Severe name & address variation,Both name and address have extensive structural differences
S1-644972484,S2-462066888,source2,US,Blue Ministries,Blue Meisrties,"1931 3rd Avenue, WA, Seattle","193 3ST AVENUE, SEATTLE, WA",blue ministries,blue meisrties,True,False,True,False,False,False,US|NP4|blue;US|TOK|blue,Key pruned (Block size > 500),"All shared keys (['US|NP4|blue', 'US|TOK|blue']) exceeded max_block_size"
S1-515775719,S3-811069660,source3,India,Shivam Construction (India) Company,Shivam Caonturctoin (India) Company,"Balaji Market, Dak Bangla, Shivpuri, Madhya Pradesh","Balaji Market, Dak Bangla, Shivpuri, MP",shivam construction india,shivam caonturctoin india,True,True,True,False,False,False,India|TOK|shivam;India|TOK|india;India|NP6|shivam;India|NP4|shiv,Key pruned (Block size > 500),"All shared keys (['India|TOK|shivam', 'India|TOK|india', 'India|NP6|shivam', 'India|NP4|shiv']) exceeded max_block_size"
S1-8612167,S2-483684222,source2,India,Southern Consulting Private Limited,SOUTHERN CONSULTlNG  PRIVATE LIMITED,"Vill- Paraj, P.O.- Paraj, Burdwan, West Bengal","VILL- PARAJ, P.O.- PARAJ, West Bengal",southern consulting,southern consultlng,True,True,True,False,False,False,India|NP4|sout;India|NP6|southe;India|TOK|southern,Key pruned (Block size > 500),"All shared keys (['India|NP4|sout', 'India|NP6|southe', 'India|TOK|southern']) exceeded max_block_size"
S1-845942312,S3-809360202,source3,US,Saint Church,Saint Services,"19234 Lazy Valley Drive, Katy, TX","19234 Lazy Valley Drive, Katy, Texas",saint church,saint services,True,False,True,False,False,True,US|NP4|sain;US|TOK|saint;US|ADDR|19234_lazy,Truncated by max_candidates_per_query,"Shared key survived (['US|ADDR|19234_lazy']), but candidate rank exceeded top-200"
S1-377079529,S3-596843533,source3,India,Lotus Power Private Limited,लोटस पावर प्राइवेट लिमिटेड,"Maharashtra, Mumbai, Sej Plaza, Marve Road, Malad West, Near Nutan Vidya Mandir School, Mumbai, Maharashtra, India, Malad West, 1St Floor 25","Sej Plaza, Marve Road, Malad West, Near Nutan Vidya Mandir School, Mumbai, Maharashtra, India, Mumbai, Malad West, महाराष्ट्र, H.no A-1st Floor 25",lotus power,ल टस प वर पर इव ट ल म ट ड,False,False,False,False,False,False,,Indic script vs Latin name,Cand name is in Indic script; no shared address key generated
S1-83647344,S3-248378176,source3,India,New India Private Limited,Sri New India Private,"Fl 401, Telangana, Sri Niketan Abhinandana Aprt. Ayyappa Society, Nr.Cgr Int. Pl.250 251, Madhapur, Hyderabad, Rangareddy","Door No 240 Fl 401, Sri Niketan Abhinandana Aprt. Ayyappa Society, Nr.cgr Int. Pl.250 251, Madhapur, Rangareddy, Hyderabad, Andhra Pradesh",new india,sri new india,False,False,True,False,False,False,India|TOK|india,Key pruned (Block size > 500),All shared keys (['India|TOK|india']) exceeded max_block_size
S1-707099609,S3-426574450,source3,India,Jain Logistics Private Limited,जैन लॉजिस्टिक्स प्राइवेट लिमिटेड,"43 Dda Commercial Complex, Zamrudpur Kailash Colony, New Delhi, South Delhi, Delhi","Dda Commercial Complex, New Delhi, South Delhi, DL",jain logistics,ज न ल ज सट कस पर इव ट ल म ट ड,False,False,False,False,False,False,,Indic script vs Latin name,Cand name is in Indic script; no shared address key generated
S1-481561290,S3-744226154,source3,India,Life Consultants Pvt Ltd,લાઇફ કન્સલ્ટન્ટ્સ પ્રા. લિ.,"Plot No 201/15 Gidc Panoli, Panoli, Anklesvar, Bharuch, Gujarat","No 01/15 Gidc Panoli, Panoli, Anklesvar, Bharuch, GJ",life consultants,લ ઇફ કનસલટનટસ પર લ,False,False,False,False,False,False,,Indic script vs Latin name,Cand name is in Indic script; no shared address key generated
S1-31338710,S2-862678920,source2,India,Vision Hospitality Private Limited,Shri VISION HOSPITALITY PRIVATE LIMITED,"Pl No - 97 / 1 / 2 / 3, Sect No - 06, Pl No B - 001, Tulsi Vandan Apt, Moshi, Pune, Maharashtra","PL NO - B3/97 / 1 / 2 / 3, SECT NO - 06, PL NO B - 001, TULSI VANDAN APT, MOSHI, PUNE, महाराष्ट्र",vision hospitality,shri vision hospitality,False,False,True,False,False,False,India|TOK|hospitality;India|TOK|vision,Key pruned (Block size > 500),"All shared keys (['India|TOK|hospitality', 'India|TOK|vision']) exceeded max_block_size"
S1-107704460,S2-18262282,source2,India,Aditya Investment Limited,आदित्य इन्वेस्टमेंट लिमिटेड,"Dhule, Maharashtra, Nardana Babhale Phata, Midc, Nardana, Tal Shindkheda, P N F-6","NO. 38 P N F-6, NARDANA BABHALE PHATA, MIDC, NARDANA, TAL SHINDKHEDA, DHULE, Maharashtra",aditya investment,आद तय इनव सटम ट ल म ट ड,False,False,False,False,False,False,,Indic script vs Latin name,Cand name is in Indic script; no shared address key generated
S1-111695581,S3-742783665,source3,India,Unique International Private Limited,Unique Ihterndismonal Prívate Limited,"C/O Sri Dipak Mandal, Vill Raghabpur, Po Panpara, Dist Nadia, Nadia, West Bengal","C/o Sri Dipak Mandal, Nadia, Nasra, WB",unique international,unique ihterndismonal,True,True,True,False,False,False,India|NP6|unique;India|TOK|unique;India|NP4|uniq,Key pruned (Block size > 500),"All shared keys (['India|NP6|unique', 'India|TOK|unique', 'India|NP4|uniq']) exceeded max_block_size"
S1-662480520,S3-164902383,source3,US,Foot & Ankle Pacific Group,Foot & Ankle,"7501 Trafalgar Circle, Unit 105, Hanover, MD","Maryland, 750 Trafalgar Circle, Unit 105, Hanover Township",foot and ankle pacific group,foot and ankle,True,True,True,False,False,False,US|TOK|ankle;US|NP4|foot;US|TOK|foot;US|NP6|footan,Key pruned (Block size > 500),"All shared keys (['US|TOK|ankle', 'US|NP4|foot', 'US|TOK|foot', 'US|NP6|footan']) exceeded max_block_size"
S1-766890897,S2-644029227,source2,India,Universal Constructions LLP,Universal LLP Services,"No. 1297, 3Rd Floor, 30Th Main, B.S.K 2Nd Stage, Bangalore, Karnataka","DOOR NO 1297- , 3RD FLOOR, 30TH MAIN, B.S.K 2ND STAGE, BANGALORE, Karnataka",universal constructions,universal llp services,True,True,True,False,False,False,India|TOK|universal;India|NP6|univer;India|NP4|univ,Key pruned (Block size > 500),"All shared keys (['India|TOK|universal', 'India|NP6|univer', 'India|NP4|univ']) exceeded max_block_size"
S1-308262271,S2-696354721,source2,India,Royal Surya Management,रॉयल सूर्य मैनेजमेंट,"605, 6Th Floor, Hallmark Business Plaza, Opp. Guru Nanak Hospital, Bandra (East), Mumbai, Mumbai City, Maharashtra","MUMBAI CITY, 605, MUMBAI, महाराष्ट्र",royal surya management,र यल स रय म न जम ट,False,False,False,False,False,False,,Indic script vs Latin name,Cand name is in Indic script; no shared address key generated
S1-62178354,S2-956848973,source2,US,Licata Pediatrics Inc,PLICATA.COM,"8620 Haviland Avenue, Lakewood, WA","8620-8622 HAVILAND AVENUE, LAKEWOOD, WA",licata pediatrics,plicata,False,False,False,False,False,False,,"Address similar, Name alias/mismatch","Address shares tokens {'wa', 'lakewood', 'haviland'}, but names share 0 tokens"
S1-913761779,S3-689079906,source3,US,Mountain Aegon,Mountain Services,"Dayton, 2537 Malvern Avenue, OH","253 Malvern Avenue, Dayton, Ohio",mountain aegon,mountain services,True,True,True,False,False,False,US|NP4|moun;US|TOK|mountain;US|NP6|mounta,Key pruned (Block size > 500),"All shared keys (['US|NP4|moun', 'US|TOK|mountain', 'US|NP6|mounta']) exceeded max_block_size"
S1-798239792,S3-86491835,source3,US,Quality Biomedical Global PLLC,Quality Biomedical Global,"23320 122, Melvin, KY","2332 122, Melvin, Kentucky",quality biomedical global pllc,quality biomedical global,True,True,True,False,False,False,US|TOK|biomedical;US|NP4|qual;US|TOK|quality;US|NP6|qualit,Key pruned (Block size > 500),"All shared keys (['US|TOK|biomedical', 'US|NP4|qual', 'US|TOK|quality', 'US|NP6|qualit']) exceeded max_block_size"
S1-664638595,S3-574054726,source3,US,Empire Pacific Flagstar,Empire Pacific Fragsotar,"TX, Alvin, 620 Cr 99","00620 Cr 99, Alvin, Texas",empire pacific flagstar,empire pacific fragsotar,True,True,True,False,False,False,US|NP6|empire;US|TOK|empire;US|NP4|empi;US|TOK|pacific,Key pruned (Block size > 500),"All shared keys (['US|NP6|empire', 'US|TOK|empire', 'US|NP4|empi', 'US|TOK|pacific']) exceeded max_block_size"
S1-832050262,S3-673592452,source3,India,Shakti Agro Limited,Wexveo,"C/O Gurnav Singh Saluja, Beside Zudio, Kultapara, Sadar, Sambalpur, Orissa","Block F-264- C/o Gurnav Singh Saluja, Beside Zudio, Kultapara, Sadar, Sambalpur, OD",shakti agro,wexveo,False,False,False,False,False,False,,"Address similar, Name alias/mismatch","Address shares tokens {'singh', 'kultapara', 'c/o', 'saluja', 'zudio', 'gurnav', 'beside', 'sambalpur', 'sadar'}, but names share 0 tokens"
S1-942355854,S3-205639881,source3,India,Ss Investment Private Limited,एसएस Investment Private Limited,"C/O. Shakuntala Devi, Akhlour, Keri Road, Muzaffarnagar, Uttar Pradesh","C/o. Shakuntala Devi, Akhlour, Keri Road, Muzaffarnagar, उत्तर प्रदेश",ss investment,एसएस investment,False,False,True,False,False,False,India|TOK|investment,Key pruned (Block size > 500),All shared keys (['India|TOK|investment']) exceeded max_block_size
S1-116043204,S3-85523430,source3,India,Red Consultants Pvt. Ltd.,Red Pvt. Ltd. Center,"C/O Tapas Kumar Betal, Bhogpur, Purba Medinipur, Panskura, East Midnapore, West Bengal",,red consultants,red pvt ltd center,False,False,False,False,False,False,,Candidate address missing,"Cand address is missing (nan), and names share no blocking key"
S1-12066379,S3-506979130,source3,US,Smart Legacy Arcelormittal LLC,Smart,"6200 Wakefalls Drive, Wake Forest, NC","6200 Wakefalls Drive, Wake Forest, NC",smart legacy arcelormittal,smart,True,False,True,False,False,True,US|ADDR|6200_wakefalls;US|TOK|smart;US|NP4|smar,Truncated by max_candidates_per_query,"Shared key survived (['US|ADDR|6200_wakefalls']), but candidate rank exceeded top-200"
